id,intitule,entreprise,lieu,type_contrat,nature_contrat,duree_contrat,date_creation,salaire,experience_exigee,competences,description,url
SPONT-art-informatique,Candidature spontanée - Alternance Data / Science des données,ART INFORMATIQUE,"11000, CARCASSONNE",Candidature spontanée,,,2026-09-14T14:47:40.000Z,,Débutant accepté,,"ART INFORMATIQUE est une structure basée à Carcassonne, active dans le secteur du développement. Bien que les détails spécifiques sur ses activités ne soient pas fournis, l'entreprise semble s'inscrire dans un domaine lié aux technologies de l'information. Je suis intéressé par une alternance en science des données et intelligence artificielle au sein de votre équipe.",
SPONT-laboratoire-d-oceanographie-microbienne,Candidature spontanée - Alternance Data / Science des données,LABORATOIRE D'OCEANOGRAPHIE MICROBIENNE,"66650, BANYULS SUR MER",Candidature spontanée,,,2026-09-14T14:47:40.000Z,,Débutant accepté,,"Le Laboratoire d'Océanographie Microbienne, situé à Banyuls sur Mer, est une structure active dans le domaine de l'océanographie. Son service historique se concentre sur l'étude des microorganismes marins. Bien que les détails spécifiques de ses activités ne soient pas disponibles, l'entreprise semble engagée dans la recherche et l'analyse liées à l'environnement marin.",http://www.obs-banyuls.fr/
SPONT-une-note-de-vin,Candidature spontanée - Alternance Data / Science des données,UNE NOTE DE VIN,"31560, NAILLOUX",Candidature spontanée,,,2026-09-14T14:47:40.000Z,,Débutant accepté,,"Une Note de Vin est une structure basée à Nailloux, active dans le secteur suggéré par son nom/service. Historiquement, l'entreprise est liée au domaine de l'informatique. Pour plus d'informations, vous pouvez consulter leur site web.",http://www.note-de-vin.fr/
SPONT-departement-de-l-aude,Candidature spontanée - Alternance Data / Science des données,DEPARTEMENT DE L'AUDE,"11855, CARCASSONNE",Candidature spontanée,,,2026-09-14T14:47:40.000Z,,Débutant accepté,,"Le Département de l'Aude est une structure basée à Carcassonne, active dans le secteur de l'action sociale et de l'insertion. Son engagement dans ces domaines suggère un intérêt pour des solutions innovantes et des approches basées sur les données. Je souhaite contribuer à ses missions à travers une alternance en science des données et intelligence artificielle.",http://www.aude.fr/
SPONT-commune-de-perigueux,Candidature spontanée - Alternance Data / Science des données,COMMUNE DE PERIGUEUX,"24000, PERIGUEUX",Candidature spontanée,,,2026-09-14T14:47:40.000Z,,Débutant accepté,,"La COMMUNE DE PERIGUEUX est une structure basée à PERIGUEUX, active dans le secteur des systèmes d'information et du numérique. Elle est impliquée dans la gestion et l'optimisation des services numériques au sein de la collectivité. La direction concernée est dédiée à l'amélioration des processus par le biais de solutions technologiques.",
SPONT-sph-gerard-bertrand,Candidature spontanée - Alternance Data / Science des données,SPH GERARD BERTRAND,"11100, NARBONNE",Candidature spontanée,,,2026-09-14T14:47:40.000Z,,Débutant accepté,,"SPH GERARD BERTRAND est une structure basée à NARBONNE, active dans le secteur suggéré par son nom et son service historique de contrôle de gestion. Bien que les détails spécifiques sur ses activités ne soient pas disponibles, l'entreprise semble évoluer dans un environnement où l'analyse des données pourrait jouer un rôle clé. Je suis intéressé par une alternance en science des données et intelligence artificielle au sein de votre équipe.",
SPONT-st-microelectronics-crolles2-sas,Candidature spontanée - Alternance Data / Science des données,ST MICROELECTRONICS CROLLES2 SAS,"38920, CROLLES",Candidature spontanée,,,2026-09-14T14:47:40.000Z,,Débutant accepté,,"ST MICROELECTRONICS CROLLES2 SAS est une structure basée à CROLLES, active dans le secteur de la microélectronique, avec un service concerné par le département « PROCESS CONTROL ». L'entreprise semble s'intéresser aux technologies avancées et à l'optimisation des processus. Je souhaite proposer ma candidature pour une alternance en science des données et intelligence artificielle au sein de cette entité.",
SPONT-ass-union-sportive-carcassonnaise-xv-car,Candidature spontanée - Alternance Data / Science des données,ASS UNION SPORTIVE CARCASSONNAISE XV CARCASSONNE FRANCE,"11000, CARCASSONNE",Candidature spontanée,,,2026-09-14T14:47:40.000Z,,Débutant accepté,,"ASS UNION SPORTIVE CARCASSONNAISE XV est une structure basée à Carcassonne, active dans le secteur sportif. Située Place Henri Brisson, l'entreprise semble engagée dans des activités liées au sport, bien que les détails spécifiques ne soient pas fournis. Je souhaite proposer mes compétences en science des données et intelligence artificielle pour contribuer à ses projets.",
SPONT-sysnove,Candidature spontanée - Alternance Data / Science des données,SYSNOVE,"40990, SAINT-PAUL-LES-DAX",Candidature spontanée,,,2026-09-14T14:47:40.000Z,,Débutant accepté,,"Sysnove est une structure basée à SAINT-PAUL-LES-DAX, active dans le secteur de l'informatique, spécialisée dans l'infogérance de serveurs dédiés. L'entreprise propose des services tels que la supervision, la sécurité, les mises à jour régulières et les sauvegardes automatiques, permettant à ses clients de se concentrer sur leur activité principale. La disponibilité et la confiance sont des valeurs fondamentales pour Sysnove, qui s'engage à assurer un service de qualité.",https://www.sysnove.fr/
SPONT-carcassonne-agglo,Candidature spontanée - Alternance Data / Science des données,CARCASSONNE AGGLO,"11000, CARCASSONNE",Candidature spontanée,,,2026-09-14T14:47:40.000Z,,Débutant accepté,,"CARCASSONNE AGGLO est une structure basée à Carcassonne, active dans le secteur de l'aménagement durable du territoire. Elle s'engage à développer des initiatives et des projets en lien avec l'urbanisme et l'environnement. Bien que les détails spécifiques sur ses activités ne soient pas fournis, l'entreprise semble jouer un rôle clé dans la gestion et l'amélioration de l'espace urbain.",
SPONT-clinreal,Candidature spontanée - Alternance Data / Science des données,CLINREAL,"31400, TOULOUSE",Candidature spontanée,,,2026-09-14T14:47:40.000Z,,Débutant accepté,,"ClinReal est une structure basée à Toulouse, active dans le secteur de la recherche clinique et de la cosmétovigilance. L'entreprise se concentre sur le soutien et l'accompagnement dans ces domaines, tout en publiant des travaux scientifiques. Son site web propose des informations sur ses activités et ses services.",https://www.clinrealonline.fr/
SPONT-acti-city-information-jeunesse,Candidature spontanée - Alternance Data / Science des données,ACTI CITY - INFORMATION JEUNESSE,"11000, CARCASSONNE",Candidature spontanée,,,2026-09-14T14:47:40.000Z,,Débutant accepté,,"ACTI CITY - INFORMATION JEUNESSE est une structure basée à Carcassonne, active dans le secteur de l'information jeunesse. Bien que les détails spécifiques sur ses activités ne soient pas fournis, elle semble jouer un rôle dans l'accompagnement et l'information des jeunes. Je suis intéressé par une alternance en science des données et intelligence artificielle au sein de votre organisation.",
SPONT-direction-regionale-finances-publiques-i,Candidature spontanée - Alternance Data / Science des données,DIRECTION REGIONALE FINANCES PUBLIQUES ILE DE FRANCE ET PARIS,"75104, PARIS CEDEX 02",Candidature spontanée,,,2026-09-14T14:47:40.000Z,,Débutant accepté,,"La DIRECTION REGIONALE FINANCES PUBLIQUES ILE DE FRANCE ET PARIS est une structure basée à PARIS CEDEX 02, active dans le secteur des finances publiques. Elle est historiquement liée au SERVICE DES IMPOTS DES PARTICULIERS, ce qui suggère un rôle dans la gestion et l'administration des impôts. Cette organisation pourrait bénéficier de l'intégration de solutions en science des données et en intelligence artificielle pour optimiser ses processus.",
SPONT-cathare-arts-martiaux-coaching,Candidature spontanée - Alternance Data / Science des données,CATHARE ARTS MARTIAUX COACHING,"11800, TREBES",Candidature spontanée,,,2026-09-14T14:47:40.000Z,,Débutant accepté,,"CATHARE ARTS MARTIAUX COACHING est une structure basée à TREBES, active dans le secteur suggéré par son nom et son service historique d'administration. Bien que les détails spécifiques sur ses activités ne soient pas disponibles, l'entreprise semble s'intéresser à des domaines liés aux arts martiaux et au coaching. Je suis motivé à contribuer à son développement en apportant mes compétences en science des données et en intelligence artificielle.",
SPONT-vitesco-technologies,Candidature spontanée - Alternance Data / Science des données,VITESCO TECHNOLOGIES,"31100, TOULOUSE",Candidature spontanée,,,2026-09-14T14:47:40.000Z,,Débutant accepté,,"VITESCO TECHNOLOGIES est une structure basée à TOULOUSE, active dans le secteur des prototypes. Bien que les détails spécifiques sur ses activités ne soient pas fournis, l'entreprise semble s'inscrire dans un domaine lié à l'innovation et au développement technologique. Je suis intéressé par une alternance en science des données et intelligence artificielle au sein de votre équipe.",
SPONT-mairie-de-carcassonne,Candidature spontanée - Alternance Data / Science des données,MAIRIE DE CARCASSONNE,"11012, CARCASSONNE",Candidature spontanée,,,2026-09-14T14:47:40.000Z,,Débutant accepté,,"La MAIRIE DE CARCASSONNE est une structure basée à Carcassonne, active dans le secteur de l'enseignement supérieur et de la jeunesse. Elle est située au 32 rue Aimé Ramond. Bien que les détails spécifiques sur ses activités ne soient pas fournis, elle semble engagée dans des initiatives liées à l'éducation et au développement des jeunes.",
SPONT-universite-de-perpignan-via-domitia,Candidature spontanée - Alternance Data / Science des données,UNIVERSITE DE PERPIGNAN VIA DOMITIA,"66860, PERPIGNAN",Candidature spontanée,,,2026-09-14T14:47:40.000Z,,Débutant accepté,,"L'Université de Perpignan Via Domitia est une structure basée à Perpignan, active dans le secteur de l'enseignement supérieur. Elle propose des formations variées, notamment au sein de l'IUT Département Technique de Commercialisation. Cette institution vise à former des étudiants dans divers domaines, en mettant l'accent sur des compétences pratiques et théoriques.",
SPONT-fun-sports-cycles,Candidature spontanée - Alternance Data / Science des données,FUN SPORTS CYCLES,"11000, CARCASSONNE",Candidature spontanée,,,2026-09-14T14:47:40.000Z,,Débutant accepté,,"FUN SPORTS CYCLES est une structure basée à Carcassonne, active dans le secteur du e-commerce, spécialisée dans la vente de vélos neufs et d'occasion, ainsi que de pièces et accessoires. L'entreprise propose une large gamme de vélos, y compris des modèles reconditionnés et électriques, tout en offrant une livraison gratuite sur certains produits. Son site web reflète son engagement envers une offre 100% française.",https://www.funsportscycles.com/
SPONT-stellium-courtage,Candidature spontanée - Alternance Data / Science des données,STELLIUM COURTAGE,"31201, FRONTIGNAN-DE-COMMINGES",Candidature spontanée,,,2026-09-14T14:47:40.000Z,,Débutant accepté,,"STELLIUM COURTAGE est une structure basée à FRONTIGNAN-DE-COMMINGES, active dans le secteur des placements. Bien que les détails spécifiques sur ses activités ne soient pas fournis, l'entreprise semble s'inscrire dans un domaine lié à la finance ou à l'investissement. Je suis intéressé par une alternance en science des données et intelligence artificielle pour contribuer à ses projets.",
SPONT-vignerons-catalans,Candidature spontanée - Alternance Data / Science des données,VIGNERONS CATALANS,"66962, PERPIGNAN",Candidature spontanée,,,2026-09-14T14:47:40.000Z,,Débutant accepté,,"VIGNERONS CATALANS est une structure basée à PERPIGNAN, active dans le secteur suggéré par son nom et ses services historiques en qualité, commercial et marketing. L'entreprise semble s'engager dans des activités liées à la viticulture, bien que les détails spécifiques ne soient pas fournis. Je suis intéressé par une alternance en science des données et intelligence artificielle au sein de votre équipe.",
SPONT-carso-investment,Candidature spontanée - Alternance Data / Science des données,CARSO - INVESTMENT,"69200, VENISSIEUX",Candidature spontanée,,,2026-09-14T14:47:40.000Z,,Débutant accepté,,"CARSO - INVESTMENT est une structure basée à VENISSIEUX, active dans le secteur de l'analyse, notamment dans les domaines de l'eau, de l'environnement, de l'agroalimentaire, de l'hygiène et du pharmaceutique. L'entreprise se positionne comme un leader en Europe des prestations analytiques, offrant des solutions variées pour garantir un monde plus sain. Elle dispose d'une direction des systèmes d'informations, ce qui souligne son engagement envers l'innovation et la technologie.",https://www.groupecarso.com/
SPONT-studec,Candidature spontanée - Alternance Data / Science des données,STUDEC,"31700, BLAGNAC",Candidature spontanée,,,2026-09-14T14:47:40.000Z,,Débutant accepté,,"STUDEC est une structure basée à BLAGNAC, active dans le secteur de la recherche et développement. Bien que les détails spécifiques sur ses activités ne soient pas fournis, l'entreprise semble s'engager dans des projets innovants dans ce domaine. Je suis intéressé par une alternance en science des données et intelligence artificielle au sein de votre équipe.",
SPONT-eurometropole-de-strasbourg,Candidature spontanée - Alternance Data / Science des données,EUROMETROPOLE DE STRASBOURG,"67076, STRASBOURG",Candidature spontanée,,,2026-09-14T14:47:40.000Z,,Débutant accepté,,"L'Eurométropole de Strasbourg est une structure basée à Strasbourg, active dans le secteur de l'administration générale et des ressources. Elle propose divers services aux citoyens et aux entreprises, ainsi que des démarches en ligne. L'organisation s'engage également dans des projets liés à l'aménagement urbain et à la gestion des événements culturels et sportifs.",https://www.strasbourg.eu
SPONT-moninfo-banque-edel,Candidature spontanée - Alternance Data / Science des données,MONINFO BANQUE EDEL,"31670, LABEGE",Candidature spontanée,,,2026-09-14T14:47:40.000Z,,Débutant accepté,,"MONINFO BANQUE EDEL est une structure basée à LABEGE, active dans le secteur bancaire, avec un service historiquement orienté vers les moyens de paiement. L'entreprise propose divers services financiers, notamment des solutions monétiques et des produits pour les consommateurs et les professionnels. Pour en savoir plus, vous pouvez consulter leur site web.",https://www.banque-edel.fr/
SPONT-mairie-de-narbonne,Candidature spontanée - Alternance Data / Science des données,MAIRIE DE NARBONNE,"11785, NARBONNE CEDEX",Candidature spontanée,,,2026-09-14T14:47:40.000Z,,Débutant accepté,,"La Mairie de Narbonne est une structure basée à Narbonne Cedex, active dans le secteur de la santé, de l'hygiène et de la sécurité environnementale. Elle propose divers services liés à la santé publique, à la prévention et à l'amélioration du cadre de vie des citoyens. Son engagement envers le bien-être de la communauté se reflète dans ses initiatives et programmes variés.",http://www.narbonne.fr/
SPONT-cnrs-delegation-occitanie-est,Candidature spontanée - Alternance Data / Science des données,CNRS - DELEGATION OCCITANIE EST,"34090, MONTPELLIER",Candidature spontanée,,,2026-09-14T14:47:40.000Z,,Débutant accepté,,"Le CNRS - Délégation Occitanie Est est une structure basée à Montpellier, active dans le secteur de la recherche scientifique. Historiquement, le service concerné est le CEFE, qui pourrait être lié à des travaux en écologie et en sciences de l'environnement. Je suis intéressé par une alternance en science des données et intelligence artificielle au sein de cette institution.",
SPONT-mairie-de-perpignan,Candidature spontanée - Alternance Data / Science des données,MAIRIE DE PERPIGNAN,"66000, PERPIGNAN CEDEX",Candidature spontanée,,,2026-09-14T14:47:40.000Z,,Débutant accepté,,"La Mairie de Perpignan est une structure basée à Perpignan Cedex, active dans le secteur public. Elle dispose d'une Direction du Numérique, ce qui suggère un intérêt pour les technologies numériques et la gestion des données. Bien que les détails spécifiques sur ses projets ou initiatives ne soient pas disponibles, l'engagement dans le numérique est un indicateur de son orientation vers l'innovation.",
SPONT-maison-departementale-des-personnes-hand,Candidature spontanée - Alternance Data / Science des données,MAISON DEPARTEMENTALE DES PERSONNES HANDICAPEES (MDPH),"11000, CARCASSONNE",Candidature spontanée,,,2026-09-14T14:47:40.000Z,,Débutant accepté,,"La Maison Départementale des Personnes Handicapées (MDPH) est une structure basée à Carcassonne, active dans le secteur des services aux personnes handicapées. Elle est historiquement liée à l'administration générale, ce qui suggère un engagement envers l'accompagnement et le soutien des individus dans le besoin. Bien que les détails spécifiques sur ses activités ne soient pas fournis, la MDPH joue un rôle essentiel dans la gestion des services destinés aux personnes handicapées.",
SPONT-toile-design,Candidature spontanée - Alternance Data / Science des données,TOILE DESIGN,"09300, LAVELANET",Candidature spontanée,,,2026-09-14T14:47:40.000Z,,Débutant accepté,,"Toile Design est une structure basée à Lavelanet, spécialisée dans la création de sites internet et le graphisme. Elle propose également des services liés à la vente en ligne, à la conduite de projet et à l'hébergement. L'entreprise s'engage dans des démarches d'accessibilité numérique et d'éco-conception, tout en travaillant avec divers clients dans les secteurs du tourisme, de la culture et de l'industrie.",https://www.toiledesign.net/
SPONT-montpellier-mediterranee-metropole,Candidature spontanée - Alternance Data / Science des données,MONTPELLIER MEDITERRANEE METROPOLE,"34000, MONTPELLIER",Candidature spontanée,,,2026-09-14T14:47:40.000Z,,Débutant accepté,,"Montpellier Méditerranée Métropole est une structure basée à Montpellier, active dans le secteur numérique et des données. Elle s'engage dans divers projets liés à la gestion et à l'analyse des données, en lien avec son Pôle Numérique et Donnée. L'entreprise vise à améliorer les services et la qualité de vie des citoyens par le biais de solutions numériques.",https://www.montpellier3m.fr/
SPONT-conseil-regional-grand-est,Candidature spontanée - Alternance Data / Science des données,CONSEIL REGIONAL GRAND EST,"57036, METZ",Candidature spontanée,,,2026-09-14T14:47:40.000Z,,Débutant accepté,,"Le Conseil Régional Grand Est est une structure basée à Metz, active dans le secteur du numérique. Il est impliqué dans des initiatives liées à la direction du numérique, bien que les détails spécifiques de ses projets ne soient pas précisés. Cette entreprise pourrait offrir un environnement propice à l'apprentissage et au développement de compétences en science des données et intelligence artificielle.",
SPONT-les-baobabs-de-sapaga,Candidature spontanée - Alternance Data / Science des données,LES BAOBABS DE SAPAGA,"11150, BRAM",Candidature spontanée,,,2026-09-14T14:47:40.000Z,,Débutant accepté,,"LES BAOBABS DE SAPAGA est une structure basée à BRAM, engagée dans des actions de parrainage d'enfants au Burkina Faso. L'organisation lutte contre l'illettrisme et la non-scolarisation depuis 2007, en se concentrant sur l'alphabétisation et le développement économique. Elle collabore avec des organisations communautaires pour évaluer les besoins locaux et attribuer les dons de manière efficace.",https://www.lesbaobabsdesapaga.org
SPONT-cnrs-umr5505-irit,Candidature spontanée - Alternance Data / Science des données,CNRS UMR5505-IRIT,"31400, TOULOUSE",Candidature spontanée,,,2026-09-14T14:47:40.000Z,,Débutant accepté,,"Le CNRS UMR5505-IRIT est une structure basée à Toulouse, active dans le secteur de la recherche en informatique et en sciences des données. Son service historique, l'IRIT, suggère un engagement dans des projets liés à l'intelligence artificielle et à l'analyse de données. Je suis intéressé par une alternance qui me permettrait de contribuer à ses activités tout en développant mes compétences dans ce domaine.",
SPONT-mind-and-go,Candidature spontanée - Alternance Data / Science des données,MIND AND GO,"66000, PERPIGNAN",Candidature spontanée,,,2026-09-14T14:47:40.000Z,,Débutant accepté,,"MIND AND GO est une structure basée à Perpignan, active dans le secteur de la programmation et de l'informatique. Bien que les détails spécifiques sur ses activités ne soient pas disponibles, l'entreprise semble s'inscrire dans un domaine lié aux technologies numériques. Je suis intéressé par une alternance en science des données et intelligence artificielle au sein de votre équipe.",
SPONT-agence-urbaine-de-beni-mellal,Candidature spontanée - Alternance Data / Science des données,AGENCE URBAINE DE BENI MELLAL,"23500, BENI MELLAL",Candidature spontanée,,,2026-09-14T14:47:40.000Z,,Débutant accepté,,"L'AGENCE URBAINE DE BENI MELLAL est une structure basée à BENI MELLAL, active dans le secteur suggéré par son nom et son service informatique. Elle est située sur l'AV Hassan II. Bien que les détails spécifiques sur ses activités ne soient pas disponibles, son implication dans le domaine informatique laisse présager un intérêt pour les technologies et les données.",http://aubenimellal.net
SPONT-zorx-consulting,Candidature spontanée - Alternance Data / Science des données,ZORX CONSULTING,"05000, BATNA",Candidature spontanée,,,2026-09-14T14:47:40.000Z,,Débutant accepté,,"ZORX CONSULTING est une structure basée à BATNA, active dans le secteur de l'informatique et du développement logiciel. Bien que le site web ne fournisse pas d'informations détaillées, l'entreprise semble s'engager dans des activités liées à la technologie et à l'innovation. Je suis intéressé par une alternance dans ce domaine afin de contribuer à vos projets et d'acquérir une expérience précieuse.",https://www.zorx.io
SPONT-mont-blanc-spas,Candidature spontanée - Alternance Data / Science des données,MONT BLANC SPAS,"74190, PASSY",Candidature spontanée,,,2026-09-14T14:47:40.000Z,,Débutant accepté,,"MONT BLANC SPAS est une structure basée à PASSY, active dans le secteur suggéré par son nom/service. L'entreprise dispose d'un service informatique, ce qui indique un intérêt pour les technologies et la gestion des données. Je suis intéressé par une alternance en science des données et intelligence artificielle au sein de votre équipe.",
SPONT-cap-atlas,Candidature spontanée - Alternance Data / Science des données,CAP ATLAS,"76400, GANZEVILLE",Candidature spontanée,,,2026-09-14T14:47:40.000Z,,Débutant accepté,,"CAP ATLAS est une structure basée à GANZEVILLE, active dans le secteur du développement web et des systèmes d'information géographique (SIG). Bien que les détails spécifiques sur ses projets ou technologies ne soient pas disponibles, l'entreprise semble avoir une expertise dans ces domaines. Je suis intéressé par une alternance qui me permettrait de contribuer à ses activités en science des données et intelligence artificielle.",
SPONT-chambre-d-agriculture-de-l-aude,Candidature spontanée - Alternance Data / Science des données,CHAMBRE D'AGRICULTURE DE L'AUDE,"11800, TREBES",Candidature spontanée,,,2026-09-14T14:47:40.000Z,,Débutant accepté,,"La Chambre d'Agriculture de l'Aude est une structure basée à Trèbes, active dans le secteur de l'agriculture, avec un service concerné par les enjeux liés à l'eau et au changement climatique. Elle s'engage à accompagner les acteurs du secteur agricole face aux défis environnementaux. Son site web fournit des informations sur ses activités et ses missions.",http://www.aude.chambagri.fr/
SPONT-carcassonne-agglo-solidarite,Candidature spontanée - Alternance Data / Science des données,CARCASSONNE AGGLO SOLIDARITE,"11000, CARCASSONNE",Candidature spontanée,,,2026-09-14T14:47:40.000Z,,Débutant accepté,,"CARCASSONNE AGGLO SOLIDARITE est une structure basée à Carcassonne, active dans le secteur de la solidarité et des services sociaux. Elle est historiquement liée à une démarche qualité, ce qui suggère un engagement envers l'amélioration continue et la satisfaction des usagers. Le site web de l'entreprise propose diverses informations sur ses activités et initiatives locales.",https://www.carcassonne-agglo.fr/fr/agglo/carcassonne-agglo-solidarite-cias.html
SPONT-alter-technology-tuv-nord-france,Candidature spontanée - Alternance Data / Science des données,ALTER TECHNOLOGY TUV NORD FRANCE,"31520, TOULOUSE",Candidature spontanée,,,2026-09-14T14:47:40.000Z,,Débutant accepté,,"ALTER TECHNOLOGY TUV NORD FRANCE est une structure basée à Toulouse, active dans le secteur de l'ingénierie et des études techniques. Elle propose des solutions pour surveiller des entreprises et dirigeants, ainsi que des services de veille sectorielle et territoriale. L'entreprise se positionne dans un environnement dynamique, offrant des opportunités d'apprentissage dans le domaine de la science des données et de l'intelligence artificielle.",https://www.societe.com/societe/alter-technology-tuv-nord-france-389715525.html
SPONT-acoss-toulouse,Candidature spontanée - Alternance Data / Science des données,ACOSS TOULOUSE,"31020, TOULOUSE",Candidature spontanée,,,2026-09-14T14:47:40.000Z,,Débutant accepté,,"ACOSS TOULOUSE est une structure basée à Toulouse, active dans le secteur suggéré par son nom et son service, le Bureau de Pilotage Opérationnel. Bien que les détails spécifiques sur ses activités ne soient pas fournis, l'entreprise semble jouer un rôle dans la gestion et l'analyse des opérations. Je suis intéressé par une alternance en science des données et intelligence artificielle au sein de votre équipe.",
SPONT-epastelsoft,Candidature spontanée - Alternance Data / Science des données,EPASTELSOFT,"77420, CHAMPS-SUR-MARNE",Candidature spontanée,,,2026-09-14T14:47:40.000Z,,Débutant accepté,,"Epastelsoft est une structure basée à Champs-sur-Marne, active dans le secteur du développement web. Elle se spécialise dans la conception de solutions digitales pour les imprimeurs numériques et les revendeurs d'objets publicitaires. L'entreprise propose des services sur-mesure, allant de la création de sites internet à des conseils sur les systèmes d'information et le marketing digital.",https://www.epastelsoft.com/
SPONT-ed-concept,Candidature spontanée - Alternance Data / Science des données,ED CONCEPT,"33130, BEGLES",Candidature spontanée,,,2026-09-14T14:47:40.000Z,,Débutant accepté,,"ED CONCEPT est une structure basée à Bègles, active dans le secteur suggéré par son service qualité. Bien que les détails spécifiques sur ses activités ne soient pas fournis, l'entreprise semble s'engager dans des pratiques liées à la qualité. Je suis intéressé par une alternance en science des données et intelligence artificielle au sein de votre équipe.",
SPONT-centre-hospitalier-carcassonne,Candidature spontanée - Alternance Data / Science des données,CENTRE HOSPITALIER CARCASSONNE,"11010, CARCASSONNE",Candidature spontanée,,,2026-09-14T14:47:40.000Z,,Débutant accepté,,"Le Centre Hospitalier Carcassonne est une structure basée à Carcassonne, active dans le secteur de la santé. Il est impliqué dans des services tels que la qualité et la gestion des risques, et propose divers parcours de soins. L'établissement met également l'accent sur la formation et le développement durable.",http://www.ch-carcassonne.fr/
SPONT-analyticsphere,Candidature spontanée - Alternance Data / Science des données,ANALYTICSPHERE,"75017, PARIS",Candidature spontanée,,,2026-09-14T14:47:40.000Z,,Débutant accepté,,"ANALYTICSPHERE est une structure basée à PARIS, active dans le secteur suggéré par son nom/service. L'entreprise semble se concentrer sur des activités liées à l'analyse et à la direction, bien que les détails spécifiques ne soient pas fournis. Je suis intéressé par une opportunité d'alternance en science des données et intelligence artificielle au sein de votre équipe.",
SPONT-secretariat-general-commun-departemental,Candidature spontanée - Alternance Data / Science des données,SECRETARIAT GENERAL COMMUN DEPARTEMENTAL DE L'ARIEGE,"09000, FOIX",Candidature spontanée,,,2026-09-14T14:47:40.000Z,,Débutant accepté,,"Le SECRETARIAT GENERAL COMMUN DEPARTEMENTAL DE L'ARIEGE est une structure basée à FOIX, active dans le secteur suggéré par son nom et son service du numérique. Bien que les détails spécifiques sur ses activités ne soient pas fournis, il est probable qu'elle soit impliquée dans des projets liés à la gestion et à l'analyse des données. Je souhaite contribuer à ses initiatives en science des données et intelligence artificielle.",
SPONT-metropole-de-grenoble,Candidature spontanée - Alternance Data / Science des données,METROPOLE DE GRENOBLE,"38000, GRENOBLE",Candidature spontanée,,,2026-09-14T14:47:40.000Z,,Débutant accepté,,"La Métropole de Grenoble est une structure basée à Grenoble, active dans le secteur de la santé, de la prévention et de la sécurité au travail. Elle propose divers services aux particuliers, professionnels et associations, visant à améliorer la qualité de vie et à accompagner les citoyens dans leurs démarches. Son site web offre des informations sur les aides, les projets en cours et les services disponibles.",https://www.grenoblealpesmetropole.fr/
SPONT-aerotec,Candidature spontanée - Alternance Data / Science des données,AEROTEC,"31700, BLAGNAC",Candidature spontanée,,,2026-09-14T14:47:40.000Z,,Débutant accepté,,"AEROTEC est une structure basée à BLAGNAC, active dans le secteur de l'informatique. Bien que les détails spécifiques sur ses activités ne soient pas fournis, l'entreprise semble s'inscrire dans un domaine lié aux technologies et à l'innovation. Je suis intéressé par une opportunité d'alternance en science des données et intelligence artificielle au sein de votre équipe.",
SPONT-it-services,Candidature spontanée - Alternance Data / Science des données,IT SERVICES,"34300, AGDE",Candidature spontanée,,,2026-09-14T14:47:40.000Z,,Débutant accepté,,"IT Services est une structure basée à AGDE, active dans le secteur des services informatiques. L'entreprise propose des solutions variées, notamment dans les domaines de la sécurité, du réseau et de l'administration. Son site web présente des informations sur ses offres, bien que les détails spécifiques ne soient pas fournis.",https://www.itservices34.fr/
SPONT-mairie,Candidature spontanée - Alternance Data / Science des données,MAIRIE,,Candidature spontanée,,,2026-09-14T14:47:40.000Z,,Débutant accepté,,"La Mairie, située au 32 rue Aimé Ramond, est une structure active dans le secteur de la démographie, notamment à travers son service historiquement lié à l'Observatoire de la Démographie. Bien que les détails spécifiques sur ses activités ne soient pas disponibles, cette institution joue un rôle important dans l'analyse et la gestion des données démographiques. Je souhaite contribuer à ses missions en apportant mes compétences en science des données et intelligence artificielle.",
SPONT-msa-services-grand-sud,Candidature spontanée - Alternance Data / Science des données,MSA SERVICES GRAND SUD,"11100, NARBONNE",Candidature spontanée,,,2026-09-14T14:47:40.000Z,,Débutant accepté,,"MSA SERVICES GRAND SUD est une structure basée à Narbonne, active dans le secteur des services liés à la santé, la famille, et la retraite. Elle propose divers accompagnements et prestations pour les particuliers, notamment en matière de santé, de logement et de solidarité. Le site web de l'entreprise indique également un engagement envers l'utilisation de technologies pour améliorer l'expérience utilisateur.",http://www.msagrandsud.fr
SPONT-cnrs-dr-14,Candidature spontanée - Alternance Data / Science des données,CNRS DR 14,"31400, TOULOUSE",Candidature spontanée,,,2026-09-14T14:47:40.000Z,,Débutant accepté,,"Le CNRS DR 14 est une structure basée à Toulouse, active dans le secteur de la recherche. Elle est située sur le Cours Rose Dieng-Kuntz et son service concerné est le 31400. Bien que les détails spécifiques sur ses activités ne soient pas disponibles, elle est impliquée dans des domaines liés à la science des données et à l'intelligence artificielle.",
SPONT-communaute-d-agglomeration-du-sicoval,Candidature spontanée - Alternance Data / Science des données,COMMUNAUTE D'AGGLOMERATION DU SICOVAL,"31670, LABEGE",Candidature spontanée,,,2026-09-14T14:47:40.000Z,,Débutant accepté,,"La COMMUNAUTE D'AGGLOMERATION DU SICOVAL est une structure basée à LABEGE, active dans le secteur suggéré par son nom/service. Elle est située au 110 Rue Marco Polo et a pour code postal 31670. Les informations disponibles sur son site web ne permettent pas de préciser davantage ses activités ou projets.",
SPONT-intuiface,Candidature spontanée - Alternance Data / Science des données,INTUIFACE,"31670, LABEGE",Candidature spontanée,,,2026-09-14T14:47:40.000Z,,Débutant accepté,,"INTUIFACE est une structure basée à LABEGE, active dans le secteur suggéré par son nom/service. Bien que les détails spécifiques sur ses activités ne soient pas fournis, l'entreprise semble s'inscrire dans un domaine lié à la science des données et à l'intelligence artificielle. Je suis intéressé par une alternance au sein de votre équipe pour contribuer à vos projets.",
SPONT-universite-de-bordeaux,Candidature spontanée - Alternance Data / Science des données,UNIVERSITE DE BORDEAUX,"33000, BORDEAUX",Candidature spontanée,,,2026-09-14T14:47:40.000Z,,Débutant accepté,,"L'Université de Bordeaux est une structure basée à Bordeaux, active dans le secteur de l'enseignement supérieur. Elle propose diverses formations, y compris des cursus en alternance et des programmes internationaux. L'université s'engage à accompagner ses étudiants dans leur réussite académique et professionnelle.",https://www.u-bordeaux.fr/
SPONT-direction-regionale-pole-emploi-languedo,Candidature spontanée - Alternance Data / Science des données,DIRECTION REGIONALE POLE EMPLOI LANGUEDOC ROUSSILLON,"34078, MONTPELLIER",Candidature spontanée,,,2026-09-14T14:47:40.000Z,,Débutant accepté,,"La DIRECTION REGIONALE POLE EMPLOI LANGUEDOC ROUSSILLON est une structure basée à MONTPELLIER, active dans le secteur suggéré par son nom/service. Elle est impliquée dans des activités liées à l'emploi et à l'accompagnement des demandeurs d'emploi dans la région Languedoc-Roussillon. Je suis intéressé par une alternance en science des données et intelligence artificielle au sein de cette organisation.",
SPONT-cirad,Candidature spontanée - Alternance Data / Science des données,CIRAD,"34398, MONTPELLIER",Candidature spontanée,,,2026-09-14T14:47:40.000Z,,Débutant accepté,,"CIRAD est une structure basée à Montpellier, active dans le domaine des sciences des données et de l'intelligence artificielle, notamment à travers son laboratoire UMR LSTM, qui se concentre sur les symbioses tropicales et méditerranéennes. Le site web de l'unité de recherche n'est pas accessible au public, ce qui limite les informations disponibles sur ses projets et activités. Cependant, l'entreprise semble engagée dans des recherches liées à l'agriculture et à l'environnement.",http://umr-lstm.cirad.fr/
SPONT-banque-populaire-du-sud,Candidature spontanée - Alternance Data / Science des données,BANQUE POPULAIRE DU SUD,"66000, PERPIGNAN CEDEX",Candidature spontanée,,,2026-09-14T14:47:40.000Z,,Débutant accepté,,"La Banque Populaire du Sud est une structure basée à Perpignan Cedex, active dans le secteur bancaire. Elle propose des services financiers variés, en lien avec les besoins de sa clientèle. Dans un environnement en constante évolution, l'innovation et l'analyse des données sont essentielles pour répondre aux attentes des clients.",
SPONT-interbev,Candidature spontanée - Alternance Data / Science des données,INTERBEV,"75587, PARIS",Candidature spontanée,,,2026-09-14T14:47:40.000Z,,Débutant accepté,,"INTERBEV est une structure basée à PARIS, active dans le secteur suggéré par son nom/service. Bien que les détails spécifiques sur ses activités ne soient pas fournis, l'entreprise semble être impliquée dans des domaines liés à la science des données et à l'intelligence artificielle. Je suis intéressé par une alternance qui me permettrait de contribuer à ses projets tout en développant mes compétences.",
SPONT-caisse-nationale-de-l-assurance-maladie,Candidature spontanée - Alternance Data / Science des données,CAISSE NATIONALE DE L'ASSURANCE MALADIE,"75986, PARIS CEDEX 20",Candidature spontanée,,,2026-09-14T14:47:40.000Z,,Débutant accepté,,"La Caisse Nationale de l'Assurance Maladie est une structure basée à PARIS CEDEX 20, active dans le secteur de la santé et de l'assurance maladie. Elle joue un rôle clé dans l'organisation et la gestion des services liés à l'assurance maladie en France. Son site web fournit des informations sur son organisation et ses missions.",https://assurance-maladie.ameli.fr/qui-sommes-nous/organisation/cnam-tete-de-reseau/cnam-tete-reseau
SPONT-caplaser,Candidature spontanée - Alternance Data / Science des données,CAPLASER,"81100, CASTRES",Candidature spontanée,,,2026-09-14T14:47:40.000Z,,Débutant accepté,,"Caplaser est une structure basée à Castres, active dans le secteur des services informatiques. Elle propose des solutions variées telles que la gestion dématérialisée, le développement d'applications et la sécurité des données. L'entreprise se positionne comme un prestataire informatique dans la région du sud-ouest de la France.",https://www.caplaser.fr/
SPONT-sarl-arkolia-energies,Candidature spontanée - Alternance Data / Science des données,SARL ARKOLIA ENERGIES,"34130, MUDAISON",Candidature spontanée,,,2026-09-14T14:47:40.000Z,,Débutant accepté,,"SARL ARKOLIA ENERGIES est une structure basée à MUDAISON, active dans le secteur de l'énergie, avec un service historiquement orienté vers la recherche et le développement. L'entreprise semble s'intéresser à l'innovation et à l'amélioration de ses processus. Je suis motivé à contribuer à ses projets en science des données et intelligence artificielle.",http://www.arkoliaenergies.fr/
SPONT-aerospace-valley,Candidature spontanée - Alternance Data / Science des données,AEROSPACE VALLEY,"31400, TOULOUSE",Candidature spontanée,,,2026-09-14T14:47:40.000Z,,Débutant accepté,,"AEROSPACE VALLEY est une structure basée à TOULOUSE, active dans le secteur suggéré par son nom et son service historique, la DIRECTION RÉGIONALE INSEE/SD DIVISION ECONOMIQUE. L'entreprise semble s'intéresser à des domaines liés à l'économie et à l'analyse de données. Je suis motivé à contribuer à ses projets en science des données et intelligence artificielle.",
SPONT-remarque-le-stage-a-ete-neutralise-en-20,Candidature spontanée - Alternance Data / Science des données,Remarque : le stage a été neutralisé en 2020 pour cause COVID. Beaucoup d'entreprises ont annulé la convention.,,Candidature spontanée,,,2026-09-14T14:47:40.000Z,,Débutant accepté,,"Structure basée à , active dans le secteur suggéré par son nom/service. Le stage a été neutralisé en 2020 pour cause COVID, ce qui a conduit à l'annulation de nombreuses conventions. Je suis intéressé par une alternance en science des données et intelligence artificielle au sein de votre entreprise.",
SPONT-udaf,Candidature spontanée - Alternance Data / Science des données,UDAF,"11890, CARCASSONNE",Candidature spontanée,,,2026-09-14T14:47:40.000Z,,Débutant accepté,,"L'UDAF est une structure basée à Carcassonne, active dans le secteur de la comptabilité et de la gestion. Elle se concentre sur des services liés à la gestion financière, ce qui suggère un environnement propice à l'application de compétences en science des données et en intelligence artificielle. Mon intérêt pour ces domaines me pousse à proposer ma candidature pour une alternance au sein de votre unité.",
SPONT-caisse-d-assurance-maladie-de-l-herault,Candidature spontanée - Alternance Data / Science des données,CAISSE D'ASSURANCE MALADIE DE L'HERAULT,"34934, MONTPELLIER CEDEX 9",Candidature spontanée,,,2026-09-14T14:47:40.000Z,,Débutant accepté,,"La Caisse d'Assurance Maladie de l'Hérault est une structure basée à Montpellier Cedex 9, active dans le secteur de la santé, comme le suggère son nom. Elle dispose d'un service dédié aux statistiques, ce qui indique un intérêt pour l'analyse de données et la gestion des informations. Je suis intéressé par une alternance en science des données et intelligence artificielle au sein de cette organisation.",
SPONT-sarl-mat-elec,Candidature spontanée - Alternance Data / Science des données,SARL MAT ELEC,"59000, LILLE",Candidature spontanée,,,2026-09-14T14:47:40.000Z,,Débutant accepté,,"SARL MAT ELEC est une structure basée à Lille, active dans le secteur suggéré par son nom et son service historique, le service paie administratif. Bien que les détails spécifiques sur ses activités ne soient pas fournis, l'entreprise semble avoir une expertise dans la gestion administrative. Je suis intéressé par une alternance en science des données et intelligence artificielle au sein de votre équipe.",
SPONT-centre-hospitalier,Candidature spontanée - Alternance Data / Science des données,CENTRE HOSPITALIER,"69400, GLEIZE",Candidature spontanée,,,2026-09-14T14:47:40.000Z,,Débutant accepté,,"Le CENTRE HOSPITALIER, situé à Gleizé, est une structure active dans le secteur de la santé, avec un service informatique qui pourrait bénéficier de l'intégration de solutions en science des données et intelligence artificielle. Bien que les détails spécifiques sur ses projets ne soient pas disponibles, l'importance croissante des données dans le secteur hospitalier souligne l'intérêt d'une telle collaboration. Je souhaite contribuer à l'optimisation des processus et à l'amélioration des services grâce à des compétences en data science.",http://www.lhopitalnordouest.fr/
SPONT-conseil-departemental-de-l-aude,Candidature spontanée - Alternance Data / Science des données,CONSEIL DEPARTEMENTAL DE L'AUDE,"11855, CARCASSONNE",Candidature spontanée,,,2026-09-14T14:47:40.000Z,,Débutant accepté,,"Le Conseil Départemental de l'Aude est une structure basée à Carcassonne, active dans le secteur de l'aide sociale générale. Son rôle est de soutenir les initiatives et les services liés à l'aide sociale au sein du département. Je suis intéressé par une alternance en science des données et intelligence artificielle pour contribuer à l'amélioration des services offerts.",http://www.aude.fr/
SPONT-spie-ics,Candidature spontanée - Alternance Data / Science des données,SPIE ICS,"30900, NIMES",Candidature spontanée,,,2026-09-14T14:47:40.000Z,,Débutant accepté,,"SPIE ICS est une structure basée à Nîmes, active dans le secteur de la maintenance applicative. L'entreprise se concentre sur la TMA (Tierce Maintenance Applicative), offrant des services liés à la gestion et au support d'applications. Bien que les détails spécifiques sur ses activités ne soient pas fournis, elle semble jouer un rôle important dans le domaine des technologies de l'information.",
SPONT-e-reputation-defender,Candidature spontanée - Alternance Data / Science des données,E REPUTATION DEFENDER,"34120, PEZENAS",Candidature spontanée,,,2026-09-14T14:47:40.000Z,,Débutant accepté,,"E REPUTATION DEFENDER est une structure basée à Pézenas, active dans le secteur suggéré par son nom et son service informatique. Bien que les détails spécifiques sur ses activités ne soient pas fournis, l'entreprise semble s'intéresser à la gestion de la réputation en ligne. Je suis motivé à contribuer à ses projets en science des données et intelligence artificielle.",
SPONT-newton-concept,Candidature spontanée - Alternance Data / Science des données,NEWTON CONCEPT,"66000, PERPIGNAN",Candidature spontanée,,,2026-09-14T14:47:40.000Z,,Débutant accepté,,"Newton Concept est une structure basée à Perpignan, active dans le secteur de l'informatique. L'entreprise propose des solutions digitales, notamment des logiciels de gestion, des applications mobiles et des services de communication. Son objectif est d'accompagner les entreprises dans leur transformation numérique en leur offrant des outils performants et sur-mesure.",https://www.newtonconcept.com/
SPONT-setrag-sa,Candidature spontanée - Alternance Data / Science des données,SETRAG SA,"2180, OWENDO",Candidature spontanée,,,2026-09-14T14:47:40.000Z,,Débutant accepté,,"SETRAG SA est une structure basée à OWENDO, active dans le secteur de l'informatique, des télécommunications et des réseaux. Elle fait partie du groupe Eramet, engagé dans la production de métaux durables. L'entreprise semble également s'intéresser à la transformation digitale et aux opérations intelligentes.",https://www.eramet.com/fr
SPONT-saur,Candidature spontanée - Alternance Data / Science des données,SAUR,"31133, BALMA",Candidature spontanée,,,2026-09-14T14:47:40.000Z,,Débutant accepté,,"SAUR est une structure basée à BALMA, active dans le secteur suggéré par son nom/service. L'entreprise semble avoir une direction opérationnelle, ce qui pourrait impliquer des activités liées à la gestion et à l'optimisation des opérations. Je suis intéressé par une alternance en science des données et intelligence artificielle au sein de votre équipe.",
SPONT-agence-regionale-de-sante-occitanie,Candidature spontanée - Alternance Data / Science des données,AGENCE REGIONALE DE SANTE OCCITANIE,"34067, MONTPELLIER",Candidature spontanée,,,2026-09-14T14:47:40.000Z,,Débutant accepté,,"L'AGENCE REGIONALE DE SANTE OCCITANIE est une structure basée à Montpellier, active dans le secteur de la santé. Elle est historiquement liée aux services régionaux de Toulouse. Bien que les détails spécifiques de ses activités ne soient pas fournis, son nom suggère un engagement envers la santé publique et les services associés.",
SPONT-winstate,Candidature spontanée - Alternance Data / Science des données,WINSTATE,"31000, TOULOUSE",Candidature spontanée,,,2026-09-14T14:47:40.000Z,,Débutant accepté,,"WINSTATE est une structure basée à TOULOUSE, active dans le secteur du développement. Bien que les détails spécifiques sur ses activités ne soient pas fournis, l'entreprise semble s'intéresser aux domaines liés à la technologie et à l'innovation. Je suis enthousiaste à l'idée de contribuer à ses projets en science des données et intelligence artificielle.",
SPONT-college-simone-de-beauvoir,Candidature spontanée - Alternance Data / Science des données,COLLEGE SIMONE DE BEAUVOIR,"13127, VITROLLES",Candidature spontanée,,,2026-09-14T14:47:40.000Z,,Débutant accepté,,"Le COLLEGE SIMONE DE BEAUVOIR est une structure basée à VITROLLES, active dans le secteur de l'éducation. Historiquement, son service concerné est l'administration. Bien que les détails spécifiques sur ses activités ne soient pas disponibles, l'établissement joue un rôle dans la formation et l'accompagnement des étudiants.",
SPONT-institut-franco-europeen-de-chiropraxie,Candidature spontanée - Alternance Data / Science des données,INSTITUT FRANCO EUROPEEN DE CHIROPRAXIE,"31300, TOULOUSE",Candidature spontanée,,,2026-09-14T14:47:40.000Z,,Débutant accepté,,"L'Institut Franco Européen de Chiropractie est une structure basée à Toulouse, active dans le secteur suggéré par son nom et son service historique de méthodologie de la recherche. Bien que les détails spécifiques sur ses activités ne soient pas disponibles, l'institut semble s'intéresser à des approches méthodologiques dans le domaine de la recherche. Je souhaite proposer ma candidature pour une alternance en science des données et intelligence artificielle au sein de votre établissement.",
SPONT-etablissement-public-de-sante,Candidature spontanée - Alternance Data / Science des données,ETABLISSEMENT PUBLIC DE SANTE,"34207, SETE",Candidature spontanée,,,2026-09-14T14:47:40.000Z,,Débutant accepté,,"L'Établissement Public de Santé, situé à Sète, est une structure active dans le secteur de la santé, avec un service historiquement lié à l'informatique. Il fait partie de l'annuaire des hôpitaux du bassin de Thau, offrant divers services médicaux. Son site web permet d'accéder à des informations sur les spécialités médicales et les établissements de santé.",http://etablissements.hopital.fr/annuaire_structure.php?id=792
SPONT-la-fille-du-midi,Candidature spontanée - Alternance Data / Science des données,LA FILLE DU MIDI,"11000, CARCASSONNE",Candidature spontanée,,,2026-09-14T14:47:40.000Z,,Débutant accepté,,"LA FILLE DU MIDI est une structure basée à Carcassonne, active dans le secteur suggéré par son service informatique. Bien que les détails spécifiques sur ses activités ne soient pas disponibles, l'entreprise semble s'intéresser aux technologies et aux solutions numériques. Je suis motivé à contribuer à son développement dans le domaine de la science des données et de l'intelligence artificielle.",
SPONT-gsc-marketing,Candidature spontanée - Alternance Data / Science des données,GSC MARKETING,"31810, VENERQUE",Candidature spontanée,,,2026-09-14T14:47:40.000Z,,Débutant accepté,,"GSC MARKETING est une structure basée à VENERQUE, active dans le secteur de la programmation informatique. Bien que les détails spécifiques sur ses activités ne soient pas fournis, l'entreprise semble s'intéresser à des services liés à la technologie et à l'informatique. Son site web, bien que partiellement accessible, évoque un engagement envers la qualité et le service.",http://www.passionbikeshop.com/
SPONT-centre-hospitalier-limoux-quillan,Candidature spontanée - Alternance Data / Science des données,CENTRE HOSPITALIER LIMOUX QUILLAN,"11300, LIMOUX",Candidature spontanée,,,2026-09-14T14:47:40.000Z,,Débutant accepté,,"Le Centre Hospitalier Limoux Quillan est une structure basée à Limoux, active dans le secteur de la santé. Il est situé au 17 rue Madelaine Bres et propose des services liés à ce domaine. Bien que des informations spécifiques sur ses activités ne soient pas disponibles, l'établissement semble jouer un rôle important dans la communauté locale.",
SPONT-mairie-d-avignon,Candidature spontanée - Alternance Data / Science des données,MAIRIE D'AVIGNON,"84000, AVIGNON",Candidature spontanée,,,2026-09-14T14:47:40.000Z,,Débutant accepté,,"La Mairie d'Avignon est une structure basée à Avignon, active dans le secteur de l'habitat et du patrimoine. Elle est impliquée dans des initiatives liées à la gestion de l'habitat et à la préservation du patrimoine local. Bien que les détails spécifiques de ses activités ne soient pas précisés, son service historique, la Maison de l'Habitat et du Patrimoine, suggère un engagement envers ces thématiques.",
SPONT-union-asa,Candidature spontanée - Alternance Data / Science des données,UNION ASA,"46000, CAHORS",Candidature spontanée,,,2026-09-14T14:47:40.000Z,,Débutant accepté,,"UNION ASA est une structure basée à CAHORS, active dans le secteur suggéré par son service UASA. Bien que les détails spécifiques sur ses activités ne soient pas disponibles, l'entreprise semble s'inscrire dans un domaine lié à la science des données et à l'intelligence artificielle. Je suis intéressé par une opportunité d'alternance au sein de cette entreprise.",
SPONT-sncf-mobilite-direction-regionale-midi-p,Candidature spontanée - Alternance Data / Science des données,SNCF MOBILITE DIRECTION REGIONALE MIDI PYRENNES,"61079, TOULOUSE cedex",Candidature spontanée,,,2026-09-14T14:47:40.000Z,,Débutant accepté,,"SNCF MOBILITE DIRECTION REGIONALE MIDI PYRENNES est une structure basée à TOULOUSE cedex, active dans le secteur du transport. Elle est historiquement liée au service développement contrat, ce qui suggère un engagement dans la gestion et l'optimisation des contrats liés à ses activités. Cette entreprise pourrait bénéficier de l'intégration de solutions en science des données et intelligence artificielle pour améliorer ses processus.",
SPONT-cytel-geneve,Candidature spontanée - Alternance Data / Science des données,CYTEL GENEVE,,Candidature spontanée,,,2026-09-14T14:47:40.000Z,,Débutant accepté,,"CYTEL GENEVE est une structure basée à Genève, active dans le secteur suggéré par son nom/service. Bien que les détails spécifiques sur ses activités ne soient pas précisés, l'entreprise semble évoluer dans un domaine lié à la science des données et à l'intelligence artificielle. Je suis intéressé par une alternance qui me permettrait de contribuer à ses projets tout en développant mes compétences dans ce domaine.",
SPONT-zap-sarl,Candidature spontanée - Alternance Data / Science des données,ZAP SARL,,Candidature spontanée,,,2026-09-14T14:47:40.000Z,,Débutant accepté,,"ZAP SARL est une structure basée à rue René Cassin 3, active dans le secteur suggéré par son nom/service. Bien que les détails concernant ses activités ne soient pas précisés, elle semble évoluer dans un domaine lié aux sciences des données ou à l'intelligence artificielle. Je suis intéressé par une opportunité d'alternance au sein de votre entreprise.",
SPONT-sasl-salle-de-jeu,Candidature spontanée - Alternance Data / Science des données,SASL SALLE DE JEU,,Candidature spontanée,,,2026-09-14T14:47:40.000Z,,Débutant accepté,,"SASL SALLE DE JEU est une structure basée à rue 10, active dans le secteur suggéré par son nom. Bien que les détails concernant ses services ou projets ne soient pas précisés, l'entreprise semble évoluer dans un environnement lié aux jeux. Je suis intéressé par une alternance en science des données et intelligence artificielle au sein de votre équipe.",
SPONT-netia,Candidature spontanée - Alternance Data / Science des données,NETIA,,Candidature spontanée,,,2026-09-14T14:47:40.000Z,,Débutant accepté,,"NETIA est une structure basée à 120 allée John Napier, active dans le secteur suggéré par son nom/service. Bien que les détails spécifiques sur ses activités ne soient pas précisés, l'entreprise semble évoluer dans un domaine lié aux sciences des données et à l'intelligence artificielle. Je suis intéressé par une opportunité d'alternance au sein de votre équipe.",
SPONT-clinique-de-l-etang-et-de-l-olivier,Candidature spontanée - Alternance Data / Science des données,clinique de l'étang et de l'olivier,"13801, ISTRES",Candidature spontanée,,,2026-09-14T14:47:40.000Z,,Débutant accepté,,"La Clinique de l'Étang et de l'Olivier est une structure basée à Istres, active dans le secteur de la santé, avec un service historiquement lié à la technicienne médicale. Bien que les détails spécifiques sur ses activités ne soient pas disponibles, elle semble engagée dans des services médicaux. Je suis intéressé par une alternance en science des données et intelligence artificielle au sein de votre établissement.",
SPONT-caisses-familiales-de-l-aude,Candidature spontanée - Alternance Data / Science des données,Caisses Familiales de l'Aude,"11000, Carcassonne",Candidature spontanée,,,2026-09-14T14:47:40.000Z,,Débutant accepté,,"Les Caisses Familiales de l'Aude sont une structure basée à Carcassonne, active dans le secteur suggéré par leur nom et leur service historique d'Attaché de Direction. Bien que les détails spécifiques sur leurs activités ne soient pas disponibles, leur mission semble être liée à la gestion et au soutien des familles dans la région. Je suis intéressé par une alternance en science des données et intelligence artificielle au sein de votre organisation.",
SPONT-dnsce,Candidature spontanée - Alternance Data / Science des données,DNSCE,"31100, Toulouse",Candidature spontanée,,,2026-09-14T14:47:40.000Z,,Débutant accepté,,"DNSCE est une structure basée à Toulouse, active dans le secteur suggéré par son nom et son service historique, l'Adjointe Pole Développement. Bien que les détails spécifiques sur ses activités ne soient pas fournis, l'entreprise semble s'intéresser au développement et à l'innovation. Je suis motivé à rejoindre votre équipe pour contribuer à des projets en science des données et intelligence artificielle.",
SPONT-clinique-val-d-aurelle,Candidature spontanée - Alternance Data / Science des données,clinique Val d'Aurelle,"34000, Montpellier",Candidature spontanée,,,2026-09-14T14:47:40.000Z,,Débutant accepté,,"La clinique Val d'Aurelle est une structure basée à Montpellier, active dans le secteur de la santé. Elle dispose d'un service dirigé par un directeur des services informatiques, ce qui suggère un intérêt pour l'innovation technologique et la gestion des données. Je suis intéressé par une alternance en science des données et intelligence artificielle au sein de votre établissement.",
SPONT-conseil-general-de-l-aude,Candidature spontanée - Alternance Data / Science des données,conseil Général de l'Aude,"11855, Carcassonne",Candidature spontanée,,,2026-09-14T14:47:40.000Z,,Débutant accepté,,"Le Conseil Général de l'Aude est une structure basée à Carcassonne, active dans le secteur public. Bien que les informations sur ses activités spécifiques ne soient pas précisées, il est probable qu'il soit impliqué dans des projets liés à la gestion des données et à l'amélioration des services publics. Je suis intéressé par une alternance en science des données et intelligence artificielle au sein de cette institution.",
SPONT-institut-de-l-elevage,Candidature spontanée - Alternance Data / Science des données,Institut de l'élevage,"31321, Castanet Tolosan",Candidature spontanée,,,2026-09-14T14:47:40.000Z,,Débutant accepté,,"L'Institut de l'élevage est une structure basée à Castanet Tolosan, active dans le secteur suggéré par son nom et son service historique. L'établissement semble être impliqué dans des programmes liés à l'élevage, bien que les détails spécifiques ne soient pas fournis. Je suis intéressé par une alternance en science des données et intelligence artificielle au sein de votre organisation.",
SPONT-insee,Candidature spontanée - Alternance Data / Science des données,INSee,"31432, Toulouse",Candidature spontanée,,,2026-09-14T14:47:40.000Z,,Débutant accepté,,"INSee est une structure basée à Toulouse, active dans le secteur suggéré par son nom/service. Bien que les détails spécifiques sur ses activités ne soient pas précisés, l'entreprise semble évoluer dans un environnement lié à la science des données et à l'intelligence artificielle. Je suis intéressé par une alternance qui me permettrait de contribuer à ses projets tout en développant mes compétences dans ce domaine.",
SPONT-chru-montpellier,Candidature spontanée - Alternance Data / Science des données,CHRU Montpellier,"34295, Montpeliier",Candidature spontanée,,,2026-09-14T14:47:40.000Z,,Débutant accepté,,"Le CHRU Montpellier est une structure basée à Montpellier, active dans le secteur de la santé, historiquement associée au service de docteur. Bien que les détails spécifiques sur ses activités ne soient pas disponibles, l'établissement semble jouer un rôle important dans le domaine médical. Je suis intéressé par une alternance en science des données et intelligence artificielle au sein de votre organisation.",
SPONT-ifsi-chu-carcassonne,Candidature spontanée - Alternance Data / Science des données,IFSI CHU carcassonne,"11000, Carcassonne",Candidature spontanée,,,2026-09-14T14:47:40.000Z,,Débutant accepté,,"IFSI CHU Carcassonne est une structure basée à Carcassonne, active dans le secteur de la santé. L'établissement est dirigé par une directrice et se situe route de Saint Hilaire. Bien que les détails spécifiques sur ses activités ne soient pas disponibles, il est probable qu'il soit impliqué dans la formation et le développement des compétences dans le domaine médical.",
SPONT-insee-aerospace-valley,Candidature spontanée - Alternance Data / Science des données,INSEE - Aerospace Valley,"31054, TOULOUSE",Candidature spontanée,,,2026-09-14T14:47:40.000Z,,Débutant accepté,,"INSEE - Aerospace Valley est une structure basée à Toulouse, active dans le secteur suggéré par son nom. Bien que les détails spécifiques sur ses activités ne soient pas précisés, l'entreprise semble évoluer dans un environnement lié à l'aéronautique et à l'espace. Je suis intéressé par une alternance en science des données et intelligence artificielle au sein de cette entreprise.",
SPONT-rentreediscount-com,Candidature spontanée - Alternance Data / Science des données,Rentreediscount.com,"11250, POMAS",Candidature spontanée,,,2026-09-14T14:47:40.000Z,,Débutant accepté,,"Rentreediscount.com est une structure basée à POMAS, active dans le secteur suggéré par son nom/service. Bien que les détails spécifiques sur ses activités ne soient pas précisés, l'entreprise semble s'inscrire dans un domaine lié à la distribution ou à la vente. Je suis intéressé par une alternance en science des données et intelligence artificielle au sein de votre équipe.",
SPONT-caf,Candidature spontanée - Alternance Data / Science des données,CAF,"11000, CARCASSONNE",Candidature spontanée,,,2026-09-14T14:47:40.000Z,,Débutant accepté,,"La CAF est une structure basée à Carcassonne, active dans le secteur suggéré par son nom/service. Bien que les détails spécifiques sur ses activités ne soient pas précisés, elle semble jouer un rôle dans le domaine des services sociaux. Je suis intéressé par une alternance en science des données et intelligence artificielle au sein de votre entreprise.",
SPONT-ch-de-guingamp,Candidature spontanée - Alternance Data / Science des données,CH de GUINGAMP,"22205, GUINGAMP",Candidature spontanée,,,2026-09-14T14:47:40.000Z,,Débutant accepté,,"Le CH de GUINGAMP est une structure basée à GUINGAMP, active dans le secteur de la santé. Bien que les informations spécifiques sur ses services ne soient pas précisées, l'établissement semble jouer un rôle important dans la communauté locale. Je suis intéressé par une alternance en science des données et intelligence artificielle au sein de votre organisation.",
SPONT-sadjbois,Candidature spontanée - Alternance Data / Science des données,SADJBOIS,"11600, SALLELES D'AUDE",Candidature spontanée,,,2026-09-14T14:47:40.000Z,,Débutant accepté,,"SADJBOIS est une structure basée à SALLELES D'AUDE, active dans le secteur suggéré par son nom/service. Bien que les détails spécifiques sur ses activités ne soient pas précisés, l'entreprise semble évoluer dans un domaine lié à la science des données ou à l'intelligence artificielle. Je suis intéressé par une opportunité d'alternance pour contribuer à ses projets.",
SPONT-couleur-ciel,Candidature spontanée - Alternance Data / Science des données,COULEUR CIEL,"11250, LADERN SUR LAUQUET",Candidature spontanée,,,2026-09-14T14:47:40.000Z,,Débutant accepté,,"COULEUR CIEL est une structure basée à LADERN SUR LAUQUET, active dans le secteur suggéré par son nom/service. Bien que les détails spécifiques sur ses activités ne soient pas précisés, l'entreprise semble évoluer dans un environnement où la science des données et l'intelligence artificielle pourraient jouer un rôle significatif. Je suis intéressé par une alternance qui me permettrait de contribuer à ses projets tout en développant mes compétences dans ce domaine.",
SPONT-ene-o,Candidature spontanée - Alternance Data / Science des données,ENE'O,"81400, CARMAUX",Candidature spontanée,,,2026-09-14T14:47:40.000Z,,Débutant accepté,,"ENE'O est une structure basée à CARMAUX, active dans le secteur suggéré par son nom/service. Bien que les détails sur ses activités spécifiques ne soient pas précisés, l'entreprise semble être impliquée dans des domaines liés à la science des données et à l'intelligence artificielle. Je suis intéressé par une opportunité d'alternance pour contribuer à ses projets et développer mes compétences.",
SPONT-conseil-departemental-service-sig,Candidature spontanée - Alternance Data / Science des données,Conseil Départemental - Service SIG,"11855, CARCASSONNE",Candidature spontanée,,,2026-09-14T14:47:40.000Z,,Débutant accepté,,"Le Conseil Départemental - Service SIG est une structure basée à Carcassonne, active dans le secteur suggéré par son nom et son service. Bien que les détails spécifiques sur ses activités ne soient pas fournis, il est probable qu'elle soit impliquée dans des projets liés aux systèmes d'information géographique. Je suis intéressé par une alternance en science des données et intelligence artificielle au sein de cette organisation.",
SPONT-maison-des-jeunes-et-de-la-culture,Candidature spontanée - Alternance Data / Science des données,Maison des Jeunes et de la Culture,"11000, CARCASSONNE",Candidature spontanée,,,2026-09-14T14:47:40.000Z,,Débutant accepté,,"La Maison des Jeunes et de la Culture est une structure basée à Carcassonne, active dans le secteur suggéré par son nom. Bien que les détails sur ses activités spécifiques ne soient pas précisés, elle semble jouer un rôle dans le développement et l'accompagnement des jeunes. Je suis intéressé par une alternance en science des données et intelligence artificielle au sein de votre organisation.",
SPONT-service-interentreprises-de-sante-au-tra,Candidature spontanée - Alternance Data / Science des données,Service Interentreprises de Santé  au Travail,"11100, NARBONNE",Candidature spontanée,,,2026-09-14T14:47:40.000Z,,Débutant accepté,,"Le Service Interentreprises de Santé au Travail est une structure basée à Narbonne, active dans le secteur de la santé au travail. Bien que les détails spécifiques sur ses services ne soient pas précisés, son nom suggère un engagement envers le bien-être des employés et la prévention des risques professionnels. Je suis intéressé par une alternance en science des données et intelligence artificielle au sein de votre organisation.",
SPONT-centre-hospitalier-universitaire,Candidature spontanée - Alternance Data / Science des données,CENTRE HOSPITALIER UNIVERSITAIRE,"60049, OUJDA",Candidature spontanée,,,2026-09-14T14:47:40.000Z,,Débutant accepté,,"Le CENTRE HOSPITALIER UNIVERSITAIRE est une structure basée à OUJDA, active dans le secteur de la santé. Bien que les services spécifiques ne soient pas précisés, l'établissement est probablement impliqué dans des activités liées aux soins et à la recherche médicale. Je suis intéressé par une alternance en science des données et intelligence artificielle au sein de votre institution.",
SPONT-amd-informatique,Candidature spontanée - Alternance Data / Science des données,AMD INFORMATIQUE,"11000, CARCASSONNE",Candidature spontanée,,,2026-09-14T14:47:40.000Z,,Débutant accepté,,"AMD INFORMATIQUE est une structure basée à Carcassonne, active dans le secteur suggéré par son nom. Bien que les détails spécifiques sur ses activités ne soient pas précisés, l'entreprise semble évoluer dans un environnement lié à l'informatique. Je suis intéressé par une alternance en science des données et intelligence artificielle au sein de votre équipe.",
SPONT-agence-de-developpement-touristique-de-l,Candidature spontanée - Alternance Data / Science des données,AGENCE DE DEVELOPPEMENT TOURISTIQUE DE L'AUDE,"11855, Carcassonne",Candidature spontanée,,,2026-09-14T14:47:40.000Z,,Débutant accepté,,"L'AGENCE DE DEVELOPPEMENT TOURISTIQUE DE L'AUDE est une structure basée à Carcassonne, active dans le secteur du développement touristique. Elle se situe Avenue Raymond Courrière, 11855 Carcassonne. Bien que les détails spécifiques sur ses activités ne soient pas précisés, son nom suggère un engagement envers la promotion et le développement du tourisme dans la région.",
SPONT-sas-coulot,Candidature spontanée - Alternance Data / Science des données,SAS COULOT,"86100, CHATELLERAULT",Candidature spontanée,,,2026-09-14T14:47:40.000Z,,Débutant accepté,,"SAS COULOT est une structure basée à CHATELLERAULT, active dans le secteur suggéré par son nom/service. Bien que les détails concernant son domaine d'activité ne soient pas précisés, l'entreprise semble ouverte à des initiatives innovantes. Je suis intéressé par une alternance en science des données et intelligence artificielle au sein de votre équipe.",
SPONT-sezarz-pharmacie-la-domitienne,Candidature spontanée - Alternance Data / Science des données,SEZARZ PHARMACIE LA DOMITIENNE,"34440, COLOMBIERS",Candidature spontanée,,,2026-09-14T14:47:40.000Z,,Débutant accepté,,"SEZARZ PHARMACIE LA DOMITIENNE est une structure basée à COLOMBIERS, active dans le secteur suggéré par son nom/service. Bien que les détails spécifiques sur ses activités ne soient pas précisés, l'entreprise semble évoluer dans le domaine pharmaceutique. Je suis intéressé par une alternance en science des données et intelligence artificielle au sein de votre équipe.",
SPONT-scic-sapie,Candidature spontanée - Alternance Data / Science des données,SCIC SAPIE,"11300, LIMOUX",Candidature spontanée,,,2026-09-14T14:47:40.000Z,,Débutant accepté,,"SCIC SAPIE est une structure basée à LIMOUX, active dans le secteur suggéré par son nom/service. Bien que les détails spécifiques sur ses activités ne soient pas fournis, l'entreprise semble évoluer dans un domaine lié à la science des données ou à l'intelligence artificielle. Je suis intéressé par une alternance qui me permettrait de contribuer à ses projets tout en développant mes compétences.",
SPONT-observatoire-de-la-sante-de-la-provence-,Candidature spontanée - Alternance Data / Science des données,OBSERVATOIRE DE LA SANTE DE LA PROVENCE DU LUXEMBOURG,"6900, MARLOIE",Candidature spontanée,,,2026-09-14T14:47:40.000Z,,Débutant accepté,,"L'Observatoire de la Santé de la Provence du Luxembourg est une structure basée à Marloie, active dans le secteur de la santé, comme le suggère son nom. Bien que les détails spécifiques sur ses activités ne soient pas précisés, l'organisation semble s'intéresser à des enjeux liés à la santé dans la région. Je souhaite proposer ma candidature pour une alternance en science des données et intelligence artificielle au sein de cette structure.",
SPONT-dassault-aviation,Candidature spontanée - Alternance Data / Science des données,DASSAULT AVIATION,"92500, SAINT-CLOUD",Candidature spontanée,,,2026-09-14T14:47:40.000Z,,Débutant accepté,,"DASSAULT AVIATION est une structure basée à SAINT-CLOUD, active dans le secteur suggéré par son nom. Bien que les détails spécifiques sur ses activités ne soient pas fournis, l'entreprise est historiquement liée à l'aviation. Je suis intéressé par une alternance en science des données et intelligence artificielle au sein de votre organisation.",
SPONT-mission-locale-du-bassin-carcassonnais-a,Candidature spontanée - Alternance Data / Science des données,MISSION LOCALE DU BASSIN CARCASSONNAIS ASSOCIATION LOI 1901,"11000, CARCASSONNE",Candidature spontanée,,,2026-09-14T14:47:40.000Z,,Débutant accepté,,"La MISSION LOCALE DU BASSIN CARCASSONNAIS est une association loi 1901 située à Carcassonne. Bien que les services spécifiques ne soient pas précisés, cette structure semble active dans le secteur suggéré par son nom, visant à accompagner les jeunes dans leur insertion professionnelle. Je suis intéressé par une alternance en science des données et intelligence artificielle au sein de votre organisation.",
SPONT-frederic-bianco-couvent-des-carmes-antiq,Candidature spontanée - Alternance Data / Science des données,"FREDERIC BIANCO ""COUVENT DES CARMES"" ANTIQUITES DECORATIONS","30200, BAGNOLS-SUR-CEZE",Candidature spontanée,,,2026-09-14T14:47:40.000Z,,Débutant accepté,,"FREDERIC BIANCO 'COUVENT DES CARMES' ANTIQUITES DECORATIONS est une structure basée à BAGNOLS-SUR-CEZE, active dans le secteur des antiquités et décorations. Bien que les détails spécifiques sur ses activités ne soient pas précisés, l'entreprise semble s'inscrire dans un domaine lié à la valorisation d'objets anciens. Je suis intéressé par une alternance en science des données et intelligence artificielle au sein de votre structure.",
SPONT-hyper-plein-ciel,Candidature spontanée - Alternance Data / Science des données,HYPER PLEIN CIEL,"11000, CARCASSONNE",Candidature spontanée,,,2026-09-14T14:47:40.000Z,,Débutant accepté,,"HYPER PLEIN CIEL est une structure basée à CARCASSONNE, active dans le secteur suggéré par son nom/service. Bien que les détails spécifiques sur ses activités ne soient pas précisés, l'entreprise semble s'inscrire dans un domaine où l'analyse de données et l'intelligence artificielle pourraient jouer un rôle significatif. Je suis intéressé par une opportunité d'alternance pour contribuer à ses projets en science des données.",
SPONT-organisation-internationale-de-la-vigne-,Candidature spontanée - Alternance Data / Science des données,ORGANISATION INTERNATIONALE DE LA VIGNE ET DU VIN,"75008, PARIS",Candidature spontanée,,,2026-09-14T14:47:40.000Z,,Débutant accepté,,"L'Organisation Internationale de la Vigne et du Vin est une structure basée à Paris, active dans le secteur suggéré par son nom. Bien que les détails spécifiques sur ses activités ne soient pas fournis, elle semble jouer un rôle dans le domaine de la viticulture et de l'œnologie. Je suis intéressé par une alternance en science des données et intelligence artificielle au sein de votre organisation.",
SPONT-inra-unite-experimentale-de-pech-rouge,Candidature spontanée - Alternance Data / Science des données,INRA UNITE EXPERIMENTALE DE PECH ROUGE,"11430, GRUISSAN",Candidature spontanée,,,2026-09-14T14:47:40.000Z,,Débutant accepté,,"L'INRA UNITE EXPERIMENTALE DE PECH ROUGE est une structure basée à GRUISSAN, active dans le secteur suggéré par son nom. Bien que les détails sur ses activités ne soient pas précisés, elle semble engagée dans des travaux de recherche ou d'expérimentation. Je suis intéressé par une alternance en science des données et intelligence artificielle au sein de votre équipe.",
SPONT-thales-cryogenie,Candidature spontanée - Alternance Data / Science des données,THALES CRYOGENIE,"31700, BLAGNAC",Candidature spontanée,,,2026-09-14T14:47:40.000Z,,Débutant accepté,,"THALES CRYOGENIE est une structure basée à BLAGNAC, active dans le secteur suggéré par son nom/service. Bien que les détails spécifiques sur ses activités ne soient pas fournis, l'entreprise semble évoluer dans un domaine technique et innovant. Je suis intéressé par une alternance en science des données et intelligence artificielle au sein de votre équipe.",
SPONT-cnrs,Candidature spontanée - Alternance Data / Science des données,CNRS,Toulous,Candidature spontanée,,,2026-09-14T14:47:40.000Z,,Débutant accepté,,"Le CNRS est une structure basée à Toulous, active dans le secteur de la recherche scientifique. Bien que le service concerné ne soit pas précisé, le CNRS est généralement impliqué dans divers domaines de recherche, y compris les sciences des données et l'intelligence artificielle. Je suis intéressé par une alternance qui me permettrait de contribuer à ces domaines au sein de votre organisation.",
SPONT-office-de-tourisme,Candidature spontanée - Alternance Data / Science des données,OFFICE DE TOURISME,"11890, CARCASSONNE",Candidature spontanée,,,2026-09-14T14:47:40.000Z,,Débutant accepté,,"L'OFFICE DE TOURISME est une structure basée à CARCASSONNE, active dans le secteur du tourisme. Bien que les détails spécifiques sur ses services ne soient pas précisés, l'entreprise joue un rôle dans la promotion et le développement de l'attractivité de la région. Je suis intéressé par une alternance en science des données et intelligence artificielle au sein de cette organisation.",
SPONT-chru-de-montpellier,Candidature spontanée - Alternance Data / Science des données,CHRU DE MONTPELLIER,"34295, MONTPELLIER",Candidature spontanée,,,2026-09-14T14:47:40.000Z,,Débutant accepté,,"Le CHRU de Montpellier est une structure basée à Montpellier, active dans le secteur de la santé. Bien que les détails spécifiques sur ses services ne soient pas précisés, l'établissement semble jouer un rôle important dans le domaine médical. Je suis intéressé par une alternance en science des données et intelligence artificielle au sein de votre organisation.",
SPONT-cameron-france-sa,Candidature spontanée - Alternance Data / Science des données,CAMERON FRANCE SA,"34535, BEZIERS",Candidature spontanée,,,2026-09-14T14:47:40.000Z,,Débutant accepté,,"Cameron France SA est une structure basée à Béziers, active dans le secteur suggéré par son nom/service. Bien que les détails spécifiques sur ses activités ne soient pas précisés, l'entreprise semble évoluer dans un domaine lié à la technologie et à l'innovation. Je suis intéressé par une alternance en science des données et intelligence artificielle au sein de votre équipe.",
SPONT-cg-aude-service-tourisme,Candidature spontanée - Alternance Data / Science des données,CG Aude - Service Tourisme,"11855, CARCASSONNE",Candidature spontanée,,,2026-09-14T14:47:40.000Z,,Débutant accepté,,"CG Aude - Service Tourisme est une structure basée à Carcassonne, active dans le secteur du tourisme. Bien que les détails spécifiques sur ses activités ne soient pas précisés, elle semble jouer un rôle dans la promotion ou la gestion des services touristiques dans la région. Je suis intéressé par une alternance en science des données et intelligence artificielle au sein de cette entreprise.",
SPONT-smmar,Candidature spontanée - Alternance Data / Science des données,SMMAR,"11855, CARCASSONNE",Candidature spontanée,,,2026-09-14T14:47:40.000Z,,Débutant accepté,,"SMMAR est une structure basée à Carcassonne, active dans le secteur suggéré par son nom/service. Bien que les détails spécifiques sur ses activités ne soient pas précisés, l'entreprise semble ouverte à des initiatives dans le domaine de la science des données et de l'intelligence artificielle. Je suis intéressé par une alternance qui pourrait contribuer à ses projets futurs.",
SPONT-sist-sante-travail,Candidature spontanée - Alternance Data / Science des données,SIST - Santé Travail,"11100, NARBONNE",Candidature spontanée,,,2026-09-14T14:47:40.000Z,,Débutant accepté,,"SIST - Santé Travail est une structure basée à Narbonne, active dans le secteur suggéré par son nom. Bien que les détails spécifiques sur ses activités ne soient pas précisés, l'entreprise semble être impliquée dans des services liés à la santé et au travail. Je suis intéressé par une alternance en science des données et intelligence artificielle au sein de votre équipe.",
SPONT-polygone-expertise-comptable,Candidature spontanée - Alternance Data / Science des données,POLYGONE EXPERTISE COMPTABLE,"66000, PERPIGNAN",Candidature spontanée,,,2026-09-14T14:47:40.000Z,,Débutant accepté,,"POLYGONE EXPERTISE COMPTABLE est une structure basée à PERPIGNAN, active dans le secteur suggéré par son nom. Bien que les détails spécifiques sur ses activités ne soient pas précisés, l'entreprise semble évoluer dans le domaine de l'expertise comptable. Je suis intéressé par une alternance en science des données et intelligence artificielle au sein de votre équipe.",
SPONT-sava-apajh-service-d-accompagnement-vers,Candidature spontanée - Alternance Data / Science des données,SAVA APAJH - Service d'accompagnement vers l'autonomie,"30900, NIMES",Candidature spontanée,,,2026-09-14T14:47:40.000Z,,Débutant accepté,,"SAVA APAJH est une structure basée à Nîmes, active dans le secteur de l'accompagnement vers l'autonomie. Bien que les détails spécifiques sur ses services ne soient pas précisés, l'entreprise semble engagée dans des initiatives visant à soutenir des individus dans leur parcours vers l'autonomie. Je suis intéressé par une alternance en science des données et intelligence artificielle au sein de votre organisation.",
SPONT-ephad,Candidature spontanée - Alternance Data / Science des données,EPHAD,"34490, Thézan de Béziers",Candidature spontanée,,,2026-09-14T14:47:40.000Z,,Débutant accepté,,"EPHAD est une structure basée à Thézan de Béziers, active dans le secteur suggéré par son nom/service. Bien que les détails spécifiques sur ses activités ne soient pas précisés, l'entreprise semble œuvrer dans un domaine lié aux soins ou à l'accompagnement. Je suis intéressé par une alternance en science des données et intelligence artificielle au sein de votre équipe.",
SPONT-communaute-d-agglomeration-carcassonne-a,Candidature spontanée - Alternance Data / Science des données,Communauté d'agglomération Carcassonne Agglo,"11000, Carcassonne",Candidature spontanée,,,2026-09-14T14:47:40.000Z,,Débutant accepté,,"La Communauté d'agglomération Carcassonne Agglo est une structure basée à Carcassonne. Bien que les détails sur ses activités ne soient pas précisés, elle opère dans le secteur suggéré par son nom. Je suis intéressé par une alternance en science des données et intelligence artificielle au sein de votre organisation.",
SPONT-sopra-group,Candidature spontanée - Alternance Data / Science des données,SOPRA GROUP,,Candidature spontanée,,,2026-09-14T14:47:40.000Z,,Débutant accepté,,"SOPRA GROUP est une structure basée à Montpellier, active dans le secteur suggéré par son nom/service. Bien que les détails spécifiques sur ses activités ne soient pas précisés, l'entreprise semble être impliquée dans des domaines liés à la technologie et aux services. Je suis intéressé par une alternance en science des données et intelligence artificielle au sein de votre équipe.",
SPONT-laboratoire-arago,Candidature spontanée - Alternance Data / Science des données,Laboratoire ARAGO,"66650, Banyuls-sur-Mer",Candidature spontanée,,,2026-09-14T14:47:40.000Z,,Débutant accepté,,"Le Laboratoire ARAGO est une structure basée à Banyuls-sur-Mer. Bien que les détails concernant ses activités ne soient pas précisés, son nom suggère une implication dans des domaines liés à la recherche ou à l'analyse. Je suis intéressé par une alternance en science des données et intelligence artificielle au sein de votre laboratoire.",
SPONT-mairie-de-limoux,Candidature spontanée - Alternance Data / Science des données,Mairie de Limoux,"11300, Limoux",Candidature spontanée,,,2026-09-14T14:47:40.000Z,,Débutant accepté,,"La Mairie de Limoux est une structure basée à Limoux, active dans le secteur public. Bien que les informations sur ses services spécifiques ne soient pas précisées, elle joue un rôle essentiel dans la gestion et le développement de la commune. Je suis intéressé par une alternance en science des données et intelligence artificielle au sein de cette institution.",
SPONT-inra,Candidature spontanée - Alternance Data / Science des données,INRA,"31326, Castanet-Tolosan",Candidature spontanée,,,2026-09-14T14:47:40.000Z,,Débutant accepté,,"L'INRA est une structure basée à Castanet-Tolosan, active dans le secteur de la recherche agronomique et des sciences de la vie. Bien que les détails spécifiques sur les services offerts ne soient pas précisés, l'entreprise est historiquement impliquée dans des projets liés à l'agriculture et à l'environnement. Je suis intéressé par une alternance en science des données et intelligence artificielle au sein de cette institution.",
SPONT-office-national-de-la-chasse-et-de-la-fa,Candidature spontanée - Alternance Data / Science des données,OFFICE NATIONAL DE LA CHASSE ET DE LA FAUNE SAUVAGE,"11800, Trèbes",Candidature spontanée,,,2026-09-14T14:47:40.000Z,,Débutant accepté,,"L'Office National de la Chasse et de la Faune Sauvage est une structure basée à Trèbes, active dans le secteur suggéré par son nom. Bien que les informations sur ses activités spécifiques ne soient pas précisées, l'organisation semble s'intéresser à la gestion et à la préservation de la faune. Je suis motivé à contribuer à ses missions à travers une alternance en science des données et intelligence artificielle.",
SPONT-universite-paul-sabatier,Candidature spontanée - Alternance Data / Science des données,Université Paul Sabatier,"31062, Toulouse Cedex",Candidature spontanée,,,2026-09-14T14:47:40.000Z,,Débutant accepté,,"L'Université Paul Sabatier est une structure basée à Toulouse Cedex, active dans le secteur de l'enseignement supérieur. Elle est impliquée dans divers domaines académiques, y compris potentiellement la science des données et l'intelligence artificielle. Je souhaite proposer ma candidature pour une alternance au sein de cette institution.",
SPONT-mairie-de-saint-hippolyte,Candidature spontanée - Alternance Data / Science des données,Mairie de Saint Hippolyte,"66510, Saint Hippolyte",Candidature spontanée,,,2026-09-14T14:47:40.000Z,,Débutant accepté,,"La Mairie de Saint Hippolyte est une structure basée à Saint Hippolyte, active dans le secteur public. Bien que les informations sur ses services spécifiques ne soient pas précisées, elle joue un rôle essentiel dans la gestion et le développement de la commune. Je suis intéressé par une alternance en science des données et intelligence artificielle au sein de cette institution.",
SPONT-chru-de-montpellier-hopital-la-colombier,Candidature spontanée - Alternance Data / Science des données,"CHRU DE MONTPELLIER, Hôpital la Colombière","34295, Montpellier Cedex",Candidature spontanée,,,2026-09-14T14:47:40.000Z,,Débutant accepté,,"Le CHRU de Montpellier, Hôpital la Colombière, est une structure basée à Montpellier Cedex, active dans le secteur de la santé. Bien que les détails spécifiques sur ses services ne soient pas précisés, l'hôpital est impliqué dans des activités liées aux soins et à la recherche. Je souhaite proposer ma candidature pour une alternance en science des données et intelligence artificielle au sein de cette institution.",
SPONT-ce-berger-levrault-labege,Candidature spontanée - Alternance Data / Science des données,CE BERGER-LEVRAULT LABEGE,"31676, Labège Cedex",Candidature spontanée,,,2026-09-14T14:47:40.000Z,,Débutant accepté,,"CE BERGER-LEVRAULT LABEGE est une structure basée à Labège Cedex, active dans le secteur suggéré par son nom/service. Bien que les détails spécifiques sur ses activités ne soient pas fournis, l'entreprise semble évoluer dans un domaine lié aux sciences des données et à l'intelligence artificielle. Je suis intéressé par une opportunité d'alternance au sein de votre équipe.",
SPONT-continental-automotive-france-sas,Candidature spontanée - Alternance Data / Science des données,CONTINENTAL AUTOMOTIVE FRANCE SAS,"31036, Toulouse Cedex",Candidature spontanée,,,2026-09-14T14:47:40.000Z,,Débutant accepté,,"CONTINENTAL AUTOMOTIVE FRANCE SAS est une structure basée à Toulouse Cedex, active dans le secteur suggéré par son nom/service. Bien que les détails spécifiques sur ses activités ne soient pas précisés, l'entreprise semble être impliquée dans des domaines liés à l'automobile. Je suis intéressé par une alternance en science des données et intelligence artificielle au sein de votre équipe.",
SPONT-caisse-d-allocations-familiales-de-l-aud,Candidature spontanée - Alternance Data / Science des données,CAISSE D'ALLOCATIONS FAMILIALES DE L'AUDE,"11000, Carcassonne",Candidature spontanée,,,2026-09-14T14:47:40.000Z,,Débutant accepté,,"La Caisse d'Allocations Familiales de l'Aude est une structure basée à Carcassonne, active dans le secteur des allocations familiales. Elle joue un rôle essentiel dans la gestion des aides et des services destinés aux familles. Bien que les détails spécifiques sur ses activités ne soient pas précisés, son nom indique un engagement envers le soutien des familles dans le département de l'Aude.",
SPONT-union-departementale-association-familia,Candidature spontanée - Alternance Data / Science des données,UNION DEPARTEMENTALE ASSOCIATION FAMILIALES,"11000, Carcassonne",Candidature spontanée,,,2026-09-14T14:47:40.000Z,,Débutant accepté,,"L'Union Départementale Association Familiales est une structure basée à Carcassonne, active dans le secteur suggéré par son nom. Bien que les détails spécifiques sur ses activités ne soient pas précisés, elle semble œuvrer dans le domaine des services aux familles. Je suis intéressé par une alternance en science des données et intelligence artificielle au sein de votre organisation.",
SPONT-alcatel-lucent-enterprise,Candidature spontanée - Alternance Data / Science des données,ALCATEL-LUCENT ENTERPRISE,"31772, Colomiers",Candidature spontanée,,,2026-09-14T14:47:40.000Z,,Débutant accepté,,"ALCATEL-LUCENT ENTERPRISE est une structure basée à Colomiers, active dans le secteur suggéré par son nom. Bien que les détails spécifiques sur ses activités ne soient pas fournis, l'entreprise semble évoluer dans un domaine lié aux technologies de communication. Je suis intéressé par une alternance en science des données et intelligence artificielle au sein de votre équipe.",
SPONT-cci-beziers,Candidature spontanée - Alternance Data / Science des données,CCI BEZIERS,"34504, Béziers",Candidature spontanée,,,2026-09-14T14:47:40.000Z,,Débutant accepté,,"CCI Béziers est une structure basée à Béziers, active dans le secteur suggéré par son nom/service. Bien que les détails spécifiques sur ses activités ne soient pas précisés, elle semble jouer un rôle dans le soutien aux entreprises et au développement économique local. Je suis intéressé par une alternance en science des données et intelligence artificielle au sein de votre organisation.",
SPONT-hopital-apt,Candidature spontanée - Alternance Data / Science des données,Hôpital APT,"84400, Apt",Candidature spontanée,,,2026-09-14T14:47:40.000Z,,Débutant accepté,,"L'Hôpital APT est une structure basée à Apt, active dans le secteur de la santé. Bien que les détails spécifiques sur ses services ne soient pas précisés, l'établissement semble jouer un rôle important dans la communauté locale. Je suis intéressé par une alternance en science des données et intelligence artificielle au sein de votre établissement.",
SPONT-communaute-urbaine-du-grand-toulouse,Candidature spontanée - Alternance Data / Science des données,Communauté Urbaine du Grand Toulouse,"31505, Toulouse",Candidature spontanée,,,2026-09-14T14:47:40.000Z,,Débutant accepté,,"La Communauté Urbaine du Grand Toulouse est une structure basée à Toulouse, active dans le secteur suggéré par son nom. Bien que les détails spécifiques sur ses services ne soient pas précisés, elle joue un rôle dans la gestion et le développement de l'urbanisme et des services urbains. Je suis intéressé par une alternance en science des données et intelligence artificielle au sein de cette organisation.",
SPONT-sarl-maisons-regionales-escourrou,Candidature spontanée - Alternance Data / Science des données,SARL MAISONS REGIONALES ESCOURROU,"11000, Carcassonne",Candidature spontanée,,,2026-09-14T14:47:40.000Z,,Débutant accepté,,"SARL MAISONS REGIONALES ESCOURROU est une structure basée à Carcassonne, active dans le secteur suggéré par son nom. Bien que les détails sur ses activités spécifiques ne soient pas précisés, l'entreprise semble être impliquée dans le domaine de la construction ou de l'immobilier. Je suis intéressé par une alternance en science des données et intelligence artificielle au sein de votre équipe.",
SPONT-agc-du-tarn,Candidature spontanée - Alternance Data / Science des données,AGC DU TARN,"81027, Albi",Candidature spontanée,,,2026-09-14T14:47:40.000Z,,Débutant accepté,,"AGC DU TARN est une structure basée à Albi, active dans le secteur suggéré par son nom/service. Bien que les détails spécifiques sur ses activités ne soient pas précisés, l'entreprise semble avoir un lien avec des services liés à l'agriculture ou à l'industrie. Je suis intéressé par une alternance en science des données et intelligence artificielle au sein de votre entreprise.",
SPONT-cnes-iut,Candidature spontanée - Alternance Data / Science des données,CNES-IUT,"31000, Toulouse",Candidature spontanée,,,2026-09-14T14:47:40.000Z,,Débutant accepté,,"Le CNES-IUT est une structure basée à Toulouse, active dans le secteur suggéré par son nom. Bien que les détails spécifiques sur ses activités ne soient pas précisés, elle semble être impliquée dans des domaines liés à l'innovation et aux technologies. Je suis intéressé par une alternance en science des données et intelligence artificielle au sein de votre organisation.",
SPONT-map-pamiers,Candidature spontanée - Alternance Data / Science des données,MAP - Pamiers,"09100, Pamiers",Candidature spontanée,,,2026-09-14T14:47:40.000Z,,Débutant accepté,,"MAP - Pamiers est une structure basée à Pamiers, active dans le secteur suggéré par son nom/service. Bien que les détails spécifiques sur ses activités ne soient pas fournis, l'entreprise semble être impliquée dans des domaines liés à la science des données et à l'intelligence artificielle. Je suis intéressé par une opportunité d'alternance pour contribuer à ses projets et développer mes compétences dans ce domaine.",
SPONT-cooperative-agricole-de-vinification,Candidature spontanée - Alternance Data / Science des données,Coopérative Agricole de Vinification,"11110, Armissan",Candidature spontanée,,,2026-09-14T14:47:40.000Z,,Débutant accepté,,"La Coopérative Agricole de Vinification est une structure basée à Armissan, active dans le secteur de la vinification. Bien que les détails spécifiques sur ses activités ne soient pas fournis, son nom suggère un engagement dans la production ou la transformation de vin. Je suis intéressé par une alternance en science des données et intelligence artificielle au sein de votre entreprise.",
SPONT-scv-les-vignerons-douveillan,Candidature spontanée - Alternance Data / Science des données,SCV les Vignerons dOuveillan,"11590, Ouveillan",Candidature spontanée,,,2026-09-14T14:47:40.000Z,,Débutant accepté,,"SCV les Vignerons dOuveillan est une structure basée à Ouveillan, active dans le secteur suggéré par son nom. Bien que les détails spécifiques sur ses activités ne soient pas précisés, l'entreprise semble liée à l'industrie viticole. Je suis intéressé par une alternance en science des données et intelligence artificielle au sein de votre équipe.",
SPONT-coop-agr-les-greniers-du-razes,Candidature spontanée - Alternance Data / Science des données,Coop. Agr. Les Greniers du Razès,"11150, Bram",Candidature spontanée,,,2026-09-14T14:47:40.000Z,,Débutant accepté,,"La Coop. Agr. Les Greniers du Razès est une structure basée à Bram, active dans le secteur suggéré par son nom. Bien que les détails spécifiques sur ses activités ne soient pas fournis, elle semble être impliquée dans des services liés à l'agriculture. Je suis intéressé par une alternance en science des données et intelligence artificielle au sein de votre entreprise.",
SPONT-sca-audecoop,Candidature spontanée - Alternance Data / Science des données,SCA AUDECOOP,"11150, Bram",Candidature spontanée,,,2026-09-14T14:47:40.000Z,,Débutant accepté,,"SCA AUDECOOP est une structure basée à Bram, active dans le secteur suggéré par son nom/service. Bien que les détails spécifiques sur ses activités ne soient pas fournis, l'entreprise semble évoluer dans un environnement propice à l'innovation et à l'application des sciences des données. Je suis intéressé par une alternance qui me permettrait de contribuer à ses projets tout en développant mes compétences en science des données et intelligence artificielle.",
SPONT-college-st-exupery,Candidature spontanée - Alternance Data / Science des données,Collège St Exupéry,"11150, Bram",Candidature spontanée,,,2026-09-14T14:47:40.000Z,,Débutant accepté,,"Le Collège St Exupéry est une structure basée à Bram, active dans le secteur de l'éducation. Bien que les détails spécifiques sur ses activités ne soient pas précisés, l'établissement semble s'engager dans la formation et l'accompagnement des étudiants. Je suis intéressé par une alternance en science des données et intelligence artificielle au sein de votre institution.",
SPONT-mairie-de-bram,Candidature spontanée - Alternance Data / Science des données,Mairie de Bram,"11150, Bram",Candidature spontanée,,,2026-09-14T14:47:40.000Z,,Débutant accepté,,"La Mairie de Bram est une structure basée à Bram, active dans le secteur public. Bien que les informations sur ses services spécifiques ne soient pas précisées, elle joue un rôle important dans la gestion et le développement de la commune. Je suis intéressé par une alternance en science des données et intelligence artificielle au sein de cette institution.",
SPONT-onf-division-de-quillan,Candidature spontanée - Alternance Data / Science des données,ONF division de Quillan,"11500, Quillan",Candidature spontanée,,,2026-09-14T14:47:40.000Z,,Débutant accepté,,"L'ONF division de Quillan est une structure basée à Quillan, active dans le secteur suggéré par son nom/service. Bien que les détails spécifiques sur ses activités ne soient pas fournis, elle semble être impliquée dans des domaines liés à la gestion des ressources naturelles ou à la foresterie. Je suis intéressé par une alternance en science des données et intelligence artificielle au sein de votre équipe.",
SPONT-s-a-formica,Candidature spontanée - Alternance Data / Science des données,S.A. Formica,"11500, Quillan",Candidature spontanée,,,2026-09-14T14:47:40.000Z,,Débutant accepté,,"S.A. Formica est une structure basée à Quillan, active dans le secteur suggéré par son nom/service. Bien que les détails spécifiques sur ses activités ne soient pas précisés, l'entreprise semble ouverte à des initiatives dans le domaine de la science des données et de l'intelligence artificielle. Je suis intéressé par une alternance qui pourrait contribuer à ses projets futurs.",
SPONT-federation-audoise-des-oeuvres-laiques,Candidature spontanée - Alternance Data / Science des données,Fédération Audoise des Oeuvres Laiques,"11020, Trèbes",Candidature spontanée,,,2026-09-14T14:47:40.000Z,,Débutant accepté,,"La Fédération Audoise des Oeuvres Laiques est une structure basée à Trèbes. Bien que les informations sur ses activités spécifiques ne soient pas fournies, son nom suggère une implication dans le secteur associatif ou social. Je suis intéressé par une alternance en science des données et intelligence artificielle au sein de votre organisation.",
SPONT-direction-de-la-statistique-division-de-,Candidature spontanée - Alternance Data / Science des données,DIRECTION DE LA STATISTIQUE Division de l'Information,"10001, Trèbes",Candidature spontanée,,,2026-09-14T14:47:40.000Z,,Débutant accepté,,"La Direction de la Statistique Division de l'Information est une structure basée à Trèbes, active dans le secteur suggéré par son nom. Bien que les détails spécifiques sur ses activités ne soient pas précisés, elle semble s'intéresser à l'analyse et à la gestion des données. Je suis motivé à contribuer à ses projets en science des données et intelligence artificielle.",
SPONT-crca-mutuel-du-cantal,Candidature spontanée - Alternance Data / Science des données,CRCA Mutuel du Cantal,"15001, Trèbes",Candidature spontanée,,,2026-09-14T14:47:40.000Z,,Débutant accepté,,"CRCA Mutuel du Cantal est une structure basée à Trèbes, active dans le secteur suggéré par son nom/service. Bien que les détails spécifiques sur ses activités ne soient pas précisés, l'entreprise semble évoluer dans un domaine lié à la mutualité. Je suis intéressé par une alternance en science des données et intelligence artificielle au sein de votre organisation.",
SPONT-ets-alaux-et-gestin-s-a,Candidature spontanée - Alternance Data / Science des données,Ets Alaux et Gestin S.A.,Trèbes,Candidature spontanée,,,2026-09-14T14:47:40.000Z,,Débutant accepté,,"Ets Alaux et Gestin S.A. est une structure basée à Trèbes, active dans le secteur suggéré par son nom/service. Bien que les détails spécifiques sur ses activités ne soient pas précisés, l'entreprise semble avoir une expertise dans son domaine. Je suis intéressé par une alternance en science des données et intelligence artificielle au sein de votre équipe.",
SPONT-euro-rscg-worldwide,Candidature spontanée - Alternance Data / Science des données,Euro RSCG Worldwide,"92300, Levallois-Perret",Candidature spontanée,,,2026-09-14T14:47:40.000Z,,Débutant accepté,,"Euro RSCG Worldwide est une structure basée à Levallois-Perret, active dans le secteur suggéré par son nom/service. Bien que les détails spécifiques sur ses activités ne soient pas fournis, l'entreprise semble évoluer dans un environnement dynamique. Je suis intéressé par une alternance en science des données et intelligence artificielle au sein de votre équipe.",
SPONT-aude-micro-systemes,Candidature spontanée - Alternance Data / Science des données,Aude Micro Systèmes,"11880, Levallois-Perret",Candidature spontanée,,,2026-09-14T14:47:40.000Z,,Débutant accepté,,"Aude Micro Systèmes est une structure basée à Levallois-Perret, active dans le secteur suggéré par son nom. Bien que les détails spécifiques sur ses activités ne soient pas précisés, l'entreprise semble évoluer dans un domaine lié aux systèmes microélectroniques. Je suis intéressé par une alternance en science des données et intelligence artificielle au sein de votre équipe.",
SPONT-consessionnaire-fiat,Candidature spontanée - Alternance Data / Science des données,Consessionnaire FIAT,"43000, Le Puy en Velay",Candidature spontanée,,,2026-09-14T14:47:40.000Z,,Débutant accepté,,"Consessionnaire FIAT est une structure basée à Le Puy en Velay, active dans le secteur suggéré par son nom. Bien que les détails spécifiques sur ses activités ne soient pas précisés, l'entreprise est probablement impliquée dans la vente ou la distribution de véhicules. Je suis intéressé par une alternance en science des données et intelligence artificielle au sein de votre équipe.",
SPONT-cr-agr-midi-castelnau-le-lez,Candidature spontanée - Alternance Data / Science des données,Cr. Agr. Midi Castelnau-le-Lez,"34170, Castelnau le Lez",Candidature spontanée,,,2026-09-14T14:47:40.000Z,,Débutant accepté,,"Cr. Agr. Midi est une structure basée à Castelnau le Lez, active dans le secteur suggéré par son nom/service. Bien que les détails spécifiques sur ses activités ne soient pas précisés, l'entreprise semble évoluer dans un environnement lié à l'agriculture. Je suis intéressé par une alternance en science des données et intelligence artificielle au sein de votre équipe.",
SPONT-samu-auchan-20,Candidature spontanée - Alternance Data / Science des données,SAMU - Auchan 20,"66028, Perpignan",Candidature spontanée,,,2026-09-14T14:47:40.000Z,,Débutant accepté,,"SAMU - Auchan 20 est une structure basée à Perpignan, active dans le secteur suggéré par son nom/service. Bien que les détails spécifiques sur ses activités ne soient pas précisés, l'entreprise semble jouer un rôle dans le domaine de la santé ou des services d'urgence. Je suis intéressé par une alternance en science des données et intelligence artificielle au sein de votre équipe.",
SPONT-renault-grand-garage-de-catalogne-sa,Candidature spontanée - Alternance Data / Science des données,Renault - Grand Garage de Catalogne SA,"66001, Perpignan",Candidature spontanée,,,2026-09-14T14:47:40.000Z,,Débutant accepté,,"Renault - Grand Garage de Catalogne SA est une structure basée à Perpignan, active dans le secteur suggéré par son nom/service. Bien que les informations spécifiques sur ses activités ne soient pas précisées, l'entreprise semble évoluer dans le domaine de l'automobile. Je suis intéressé par une alternance en science des données et intelligence artificielle au sein de votre équipe.",
SPONT-naxos-sarl,Candidature spontanée - Alternance Data / Science des données,Naxos Sarl,"66035, Perpignan",Candidature spontanée,,,2026-09-14T14:47:40.000Z,,Débutant accepté,,"Naxos Sarl est une structure basée à Perpignan, dont le secteur d'activité n'est pas précisé. L'entreprise est située à la Bourse aux Primeurs, Case 18, MI St Charles. Bien que les détails concernant ses services ou projets ne soient pas disponibles, je suis intéressé par une opportunité d'alternance en science des données et intelligence artificielle au sein de votre équipe.",
SPONT-association-la-maison-des-enfants,Candidature spontanée - Alternance Data / Science des données,Association La maison des enfants,"66000, Perpignan",Candidature spontanée,,,2026-09-14T14:47:40.000Z,,Débutant accepté,,"L'Association La maison des enfants est une structure basée à Perpignan, active dans le secteur suggéré par son nom. Bien que les détails sur ses services ne soient pas précisés, elle semble s'engager dans des activités liées à l'enfance. Je suis intéressé par une alternance en science des données et intelligence artificielle au sein de votre organisation.",
SPONT-banque-populaire-p-o-a-a,Candidature spontanée - Alternance Data / Science des données,Banque Populaire P.O.A.A.,"11000, Limoux",Candidature spontanée,,,2026-09-14T14:47:40.000Z,,Débutant accepté,,"La Banque Populaire P.O.A.A. est une structure basée à Limoux, active dans le secteur bancaire. Bien que les détails spécifiques sur ses services ne soient pas précisés, son nom suggère une implication dans des activités financières. Je suis intéressé par une alternance en science des données et intelligence artificielle au sein de votre entreprise.",
SPONT-centre-hospitalier-de-perpignan,Candidature spontanée - Alternance Data / Science des données,Centre Hospitalier de Perpignan,"66046, Perpignan",Candidature spontanée,,,2026-09-14T14:47:40.000Z,,Débutant accepté,,"Le Centre Hospitalier de Perpignan est une structure basée à Perpignan, active dans le secteur de la santé. Bien que les détails spécifiques sur ses services ne soient pas précisés, il est probable qu'il soit impliqué dans des activités liées aux soins médicaux et à l'administration hospitalière. Je souhaite proposer ma candidature pour une alternance en science des données et intelligence artificielle au sein de cette institution.",
SPONT-comite-departemental-du-tourisme-p-o,Candidature spontanée - Alternance Data / Science des données,Comité Départemental du Tourisme P.O.,"66005, Perpignan",Candidature spontanée,,,2026-09-14T14:47:40.000Z,,Débutant accepté,,"Le Comité Départemental du Tourisme P.O. est une structure basée à Perpignan, active dans le secteur du tourisme. Bien que les détails spécifiques sur ses activités ne soient pas fournis, son nom suggère un engagement envers la promotion et le développement du tourisme dans la région. Je suis intéressé par une alternance en science des données et intelligence artificielle au sein de votre organisation.",
SPONT-reseau-champion-grdes-surf,Candidature spontanée - Alternance Data / Science des données,Réseau Champion (grdes surf.),"66000, Perpignan",Candidature spontanée,,,2026-09-14T14:47:40.000Z,,Débutant accepté,,"Réseau Champion est une structure basée à Perpignan, active dans le secteur suggéré par son nom. Bien que les détails spécifiques sur ses services ou projets ne soient pas précisés, l'entreprise semble évoluer dans un environnement dynamique. Je suis intéressé par une opportunité d'alternance en science des données et intelligence artificielle au sein de votre équipe.",
SPONT-conseil-general-des-pyrenees-orientales,Candidature spontanée - Alternance Data / Science des données,Conseil Général des Pyrénées Orientales,"66000, Perpignan",Candidature spontanée,,,2026-09-14T14:47:40.000Z,,Débutant accepté,,"Le Conseil Général des Pyrénées Orientales est une structure basée à Perpignan. Bien que les détails sur ses activités ne soient pas précisés, son nom suggère un engagement dans des services publics et des initiatives locales. Je suis intéressé par une alternance en science des données et intelligence artificielle au sein de cette institution.",
SPONT-ddaf-des-pyr-orientales,Candidature spontanée - Alternance Data / Science des données,DDAF des Pyr. Orientales,"66000, Perpignan",Candidature spontanée,,,2026-09-14T14:47:40.000Z,,Débutant accepté,,"La DDAF des Pyr. Orientales est une structure basée à Perpignan, active dans le secteur suggéré par son nom. Bien que les détails spécifiques sur ses activités ne soient pas précisés, elle semble jouer un rôle dans la gestion et l'analyse des données au sein de son domaine. Je suis intéressé par une alternance en science des données et intelligence artificielle au sein de votre équipe.",
SPONT-dde-des-pyr-orientales,Candidature spontanée - Alternance Data / Science des données,DDE des Pyr. Orientales,"66000, Perpignan",Candidature spontanée,,,2026-09-14T14:47:40.000Z,,Débutant accepté,,"La DDE des Pyr. Orientales est une structure basée à Perpignan, active dans le secteur suggéré par son nom. Bien que les détails spécifiques sur ses activités ne soient pas précisés, elle semble jouer un rôle dans la gestion et le développement des infrastructures dans la région. Je suis intéressé par une alternance en science des données et intelligence artificielle au sein de cette organisation.",
SPONT-france-telecom-perpignan,Candidature spontanée - Alternance Data / Science des données,France Telecom Perpignan,"66965, Perpignan",Candidature spontanée,,,2026-09-14T14:47:40.000Z,,Débutant accepté,,"France Telecom Perpignan est une structure basée à Perpignan, active dans le secteur des télécommunications, comme le suggère son nom. Bien que les détails spécifiques sur ses activités ne soient pas précisés, l'entreprise semble être impliquée dans des services liés à la connectivité et aux technologies de l'information. Je suis intéressé par une alternance en science des données et intelligence artificielle au sein de votre équipe.",
SPONT-hopital-saint-jean-roussillon,Candidature spontanée - Alternance Data / Science des données,Hôpital Saint Jean Roussillon,"66000, Perpignan",Candidature spontanée,,,2026-09-14T14:47:40.000Z,,Débutant accepté,,"L'Hôpital Saint Jean Roussillon est une structure basée à Perpignan, active dans le secteur de la santé. Bien que les informations sur ses services spécifiques ne soient pas précisées, l'établissement semble jouer un rôle important dans le domaine médical. Je suis intéressé par une alternance en science des données et intelligence artificielle au sein de votre institution.",
SPONT-mutuelles-via-sante,Candidature spontanée - Alternance Data / Science des données,Mutuelles Via Santé,"66866, Perpignan",Candidature spontanée,,,2026-09-14T14:47:40.000Z,,Débutant accepté,,"Mutuelles Via Santé est une structure basée à Perpignan, active dans le secteur suggéré par son nom/service. Bien que les détails spécifiques sur ses activités ne soient pas fournis, l'entreprise semble être impliquée dans le domaine de la santé. Je suis intéressé par une opportunité d'alternance en science des données et intelligence artificielle au sein de votre organisation.",
SPONT-ste-mediterraneenne-dinformatique,Candidature spontanée - Alternance Data / Science des données,Sté Méditerranéenne dInformatique,"66000, Perpignan",Candidature spontanée,,,2026-09-14T14:47:40.000Z,,Débutant accepté,,"La Sté Méditerranéenne d'Informatique est une structure basée à Perpignan, active dans le secteur suggéré par son nom. Bien que les détails sur ses activités spécifiques ne soient pas précisés, elle semble évoluer dans le domaine de l'informatique. Je suis intéressé par une alternance en science des données et intelligence artificielle au sein de votre entreprise.",
SPONT-cpam-des-pyrenees-orientales,Candidature spontanée - Alternance Data / Science des données,CPAM des Pyrénées Orientales,"66000, Perpignan",Candidature spontanée,,,2026-09-14T14:47:40.000Z,,Débutant accepté,,"La CPAM des Pyrénées Orientales est une structure basée à Perpignan, active dans le secteur de la protection sociale. Bien que les détails spécifiques sur ses services ne soient pas précisés, elle est impliquée dans des activités liées à la santé et à l'assurance maladie. Je suis intéressé par une alternance en science des données et intelligence artificielle au sein de cette organisation.",
SPONT-caf-des-pyrenees-orientales,Candidature spontanée - Alternance Data / Science des données,CAF des Pyrénées Orientales,"66019, Perpignan",Candidature spontanée,,,2026-09-14T14:47:40.000Z,,Débutant accepté,,"La CAF des Pyrénées Orientales est une structure basée à Perpignan, active dans le secteur suggéré par son nom. Bien que les détails sur ses services ne soient pas précisés, elle joue un rôle important dans le domaine social et économique de la région. Je suis intéressé par une alternance en science des données et intelligence artificielle au sein de votre organisation.",
SPONT-cci-de-perpignan-et-des-p-o,Candidature spontanée - Alternance Data / Science des données,CCI de Perpignan et des P.O.,"66020, Perpignan",Candidature spontanée,,,2026-09-14T14:47:40.000Z,,Débutant accepté,,"La CCI de Perpignan et des P.O. est une structure basée à Perpignan, active dans le secteur suggéré par son nom. Elle joue un rôle dans le développement économique et le soutien aux entreprises de la région. Je suis intéressé par une alternance en science des données et intelligence artificielle au sein de cette institution.",
SPONT-s-a-s-p-usap,Candidature spontanée - Alternance Data / Science des données,S.A.S.P. USAP,"66000, Perpignan",Candidature spontanée,,,2026-09-14T14:47:40.000Z,,Débutant accepté,,"S.A.S.P. USAP est une structure basée à Perpignan, dont le service concerné n'est pas précisé. L'entreprise semble active dans un secteur suggéré par son nom, mais les détails spécifiques sur ses activités ne sont pas disponibles. Je suis intéressé par une alternance en science des données et intelligence artificielle au sein de votre équipe.",
SPONT-dir-des-services-fiscaux-des-p-o,Candidature spontanée - Alternance Data / Science des données,Dir. des Services Fiscaux des P.O.,"66000, Perpignan",Candidature spontanée,,,2026-09-14T14:47:40.000Z,,Débutant accepté,,"La Direction des Services Fiscaux des P.O. est une structure basée à Perpignan, active dans le secteur des services fiscaux. Bien que les détails spécifiques sur ses activités ne soient pas précisés, elle joue un rôle important dans la gestion des services liés à la fiscalité. Je suis intéressé par une alternance en science des données et intelligence artificielle au sein de cette organisation.",
SPONT-immo-perpignan-66,Candidature spontanée - Alternance Data / Science des données,Immo Perpignan 66,"66000, Perpignan",Candidature spontanée,,,2026-09-14T14:47:40.000Z,,Débutant accepté,,"Immo Perpignan 66 est une structure basée à Perpignan, active dans le secteur suggéré par son nom. Bien que les détails spécifiques sur ses services ne soient pas précisés, l'entreprise semble évoluer dans un domaine lié à l'immobilier. Je suis intéressé par une alternance en science des données et intelligence artificielle au sein de votre équipe.",
SPONT-crca-sud-mediterranee,Candidature spontanée - Alternance Data / Science des données,CRCA Sud Méditerranée,"66832, Perpignan",Candidature spontanée,,,2026-09-14T14:47:40.000Z,,Débutant accepté,,"CRCA Sud Méditerranée est une structure basée à Perpignan, active dans le secteur suggéré par son nom/service. Bien que les détails spécifiques sur ses activités ne soient pas précisés, l'entreprise semble évoluer dans un environnement où la science des données et l'intelligence artificielle pourraient jouer un rôle significatif. Je suis intéressé par une alternance qui me permettrait de contribuer à ses projets tout en développant mes compétences dans ce domaine.",
SPONT-sarl-naxos,Candidature spontanée - Alternance Data / Science des données,SARL Naxos,"66035, Perpignan",Candidature spontanée,,,2026-09-14T14:47:40.000Z,,Débutant accepté,,"SARL Naxos est une structure basée à Perpignan, active dans le secteur suggéré par son nom/service. Bien que les détails spécifiques sur ses activités ne soient pas précisés, l'entreprise semble évoluer dans un environnement propice à l'innovation. Je suis intéressé par une alternance en science des données et intelligence artificielle au sein de votre équipe.",
SPONT-ucavca,Candidature spontanée - Alternance Data / Science des données,UCAVCA,"11700, Capendu",Candidature spontanée,,,2026-09-14T14:47:40.000Z,,Débutant accepté,,"UCAVCA est une structure basée à Capendu, active dans le secteur suggéré par son nom/service. Bien que les détails spécifiques sur ses activités ne soient pas précisés, l'entreprise semble ouverte à des initiatives dans le domaine de la science des données et de l'intelligence artificielle. Je souhaite proposer ma candidature pour une alternance afin de contribuer à ses projets futurs.",
SPONT-mairie-dales,Candidature spontanée - Alternance Data / Science des données,Mairie dAlès,"30100, Alès",Candidature spontanée,,,2026-09-14T14:47:40.000Z,,Débutant accepté,,"La Mairie d'Alès est une structure basée à Alès, active dans le secteur public. Bien que les informations sur ses services spécifiques ne soient pas précisées, elle joue un rôle essentiel dans la gestion et le développement de la ville. Je suis intéressé par une alternance en science des données et intelligence artificielle au sein de cette institution.",
SPONT-merlin-gerin,Candidature spontanée - Alternance Data / Science des données,Merlin Gerin,"30104, Alès",Candidature spontanée,,,2026-09-14T14:47:40.000Z,,Débutant accepté,,"Merlin Gerin est une structure basée à Alès, active dans le secteur suggéré par son nom/service. Bien que les détails spécifiques sur ses activités ne soient pas précisés, l'entreprise semble évoluer dans un domaine lié à l'électricité ou à l'énergie. Je suis intéressé par une alternance en science des données et intelligence artificielle au sein de votre équipe.",
SPONT-pechiney-rhenalu,Candidature spontanée - Alternance Data / Science des données,Pechiney-Rhenalu,"68600, Neuf-Brisach",Candidature spontanée,,,2026-09-14T14:47:40.000Z,,Débutant accepté,,"Pechiney-Rhenalu est une structure basée à Neuf-Brisach, active dans le secteur suggéré par son nom/service. Bien que les détails spécifiques sur ses activités ne soient pas précisés, l'entreprise semble évoluer dans un domaine lié à l'industrie. Je suis intéressé par une alternance en science des données et intelligence artificielle au sein de votre équipe.",
SPONT-cnamts,Candidature spontanée - Alternance Data / Science des données,CNAMTS,"45016, Limoux",Candidature spontanée,,,2026-09-14T14:47:40.000Z,,Débutant accepté,,"CNAMTS est une structure basée à Limoux, active dans le secteur suggéré par son nom/service. Bien que les détails spécifiques sur ses activités ne soient pas fournis, elle semble être impliquée dans des domaines liés à la science des données et à l'intelligence artificielle. Je suis intéressé par une alternance qui me permettrait de contribuer à ses projets tout en développant mes compétences.",
SPONT-aude-materiaux,Candidature spontanée - Alternance Data / Science des données,Aude Matériaux,"11300, Limoux",Candidature spontanée,,,2026-09-14T14:47:40.000Z,,Débutant accepté,,"Aude Matériaux est une structure basée à Limoux, active dans le secteur suggéré par son nom. Bien que les détails spécifiques sur ses activités ne soient pas précisés, l'entreprise semble évoluer dans un domaine lié aux matériaux. Je suis intéressé par une alternance en science des données et intelligence artificielle au sein de votre entreprise.",
SPONT-sopragroup,Candidature spontanée - Alternance Data / Science des données,SOPRAGROUP,"31712, Limoux",Candidature spontanée,,,2026-09-14T14:47:40.000Z,,Débutant accepté,,"SOPRAGROUP est une structure basée à Limoux, active dans le secteur suggéré par son nom/service. Bien que les détails spécifiques sur ses activités ne soient pas précisés, l'entreprise semble être impliquée dans des domaines liés à la science des données et à l'intelligence artificielle. Je suis intéressé par une opportunité d'alternance au sein de votre équipe.",
SPONT-caves-du-sieur-darques,Candidature spontanée - Alternance Data / Science des données,Caves du Sieur dArques,"11300, Limoux",Candidature spontanée,,,2026-09-14T14:47:40.000Z,,Débutant accepté,,"Caves du Sieur dArques est une structure basée à Limoux, active dans le secteur suggéré par son nom/service. Bien que les détails spécifiques sur ses activités ne soient pas précisés, l'entreprise semble évoluer dans un domaine lié à la production ou à la distribution de vin. Je suis intéressé par une alternance en science des données et intelligence artificielle au sein de votre équipe.",
SPONT-aimery-sieur-darques,Candidature spontanée - Alternance Data / Science des données,Aimery Sieur dArques,"11300, Limoux",Candidature spontanée,,,2026-09-14T14:47:40.000Z,,Débutant accepté,,"Aimery Sieur dArques est une structure basée à Limoux, active dans le secteur suggéré par son nom/service. Bien que les détails spécifiques sur ses activités ne soient pas précisés, l'entreprise semble avoir un intérêt pour des domaines liés à la science des données et à l'intelligence artificielle. Je suis motivé à contribuer à ses projets et à développer mes compétences dans ce domaine.",
SPONT-motorola,Candidature spontanée - Alternance Data / Science des données,MOTOROLA,"31100, Limoux",Candidature spontanée,,,2026-09-14T14:47:40.000Z,,Débutant accepté,,"MOTOROLA est une structure basée à Limoux, active dans le secteur suggéré par son nom/service. Bien que les détails spécifiques sur ses activités ne soient pas fournis, l'entreprise semble évoluer dans un environnement technologique. Je suis intéressé par une opportunité d'alternance en science des données et intelligence artificielle au sein de votre équipe.",
SPONT-ude-micro-informatique,Candidature spontanée - Alternance Data / Science des données,@ude Micro Informatique,"11300, Limoux",Candidature spontanée,,,2026-09-14T14:47:40.000Z,,Débutant accepté,,"Ude Micro Informatique est une structure basée à Limoux, active dans le secteur suggéré par son nom. Bien que les détails sur ses services ne soient pas précisés, l'entreprise semble être impliquée dans le domaine de l'informatique. Je suis intéressé par une alternance en science des données et intelligence artificielle au sein de votre équipe.",
SPONT-service-departemental-dincendie-et-de-se,Candidature spontanée - Alternance Data / Science des données,Service Départemental dIncendie et de Secours de,"11870, Limoux",Candidature spontanée,,,2026-09-14T14:47:40.000Z,,Débutant accepté,,"Le Service Départemental d'Incendie et de Secours est une structure basée à Limoux, active dans le secteur des services d'incendie et de secours. Bien que les détails spécifiques sur ses activités ne soient pas fournis, cette organisation joue un rôle essentiel dans la sécurité publique. Je suis intéressé par une alternance en science des données et intelligence artificielle au sein de cette structure.",
SPONT-soc-des-producteurs-de-blanquette,Candidature spontanée - Alternance Data / Science des données,Soc. des Producteurs de Blanquette,"11303, Limoux",Candidature spontanée,,,2026-09-14T14:47:40.000Z,,Débutant accepté,,"La Soc. des Producteurs de Blanquette est une structure basée à Limoux, active dans le secteur suggéré par son nom. Bien que les détails sur ses activités spécifiques ne soient pas précisés, elle semble être impliquée dans la production ou la commercialisation de blanquette. Je suis intéressé par une alternance en science des données et intelligence artificielle au sein de votre entreprise.",
SPONT-e-leclerc,Candidature spontanée - Alternance Data / Science des données,E. LECLERC,"11304, Limoux",Candidature spontanée,,,2026-09-14T14:47:40.000Z,,Débutant accepté,,"E. LECLERC est une structure basée à Limoux, active dans le secteur suggéré par son nom/service. Bien que les détails spécifiques sur ses activités ne soient pas précisés, l'entreprise semble avoir un intérêt pour des domaines liés à la science des données et à l'intelligence artificielle. Je suis motivé à contribuer à ses projets et à développer mes compétences dans ce domaine.",
SPONT-pierre-fabre-institut-de-recherche,Candidature spontanée - Alternance Data / Science des données,Pierre Fabre - Institut de recherche,"81106, Castres",Candidature spontanée,,,2026-09-14T14:47:40.000Z,,Débutant accepté,,"Pierre Fabre - Institut de recherche est une structure basée à Castres, active dans le secteur suggéré par son nom. Bien que les détails spécifiques sur ses activités ne soient pas précisés, l'institut semble s'inscrire dans un domaine lié à la recherche et à l'innovation. Je suis intéressé par une alternance en science des données et intelligence artificielle au sein de votre établissement.",
SPONT-pierre-fabre-dermo-cosmetique,Candidature spontanée - Alternance Data / Science des données,Pierre Fabre Dermo-Cosmétique,"81106, Castres",Candidature spontanée,,,2026-09-14T14:47:40.000Z,,Débutant accepté,,"Pierre Fabre Dermo-Cosmétique est une structure basée à Castres, active dans le secteur de la dermo-cosmétique. Bien que les détails spécifiques sur ses activités ne soient pas fournis, l'entreprise semble s'inscrire dans un domaine lié à la santé et à la beauté. Je suis intéressé par une alternance en science des données et intelligence artificielle au sein de votre équipe.",
SPONT-cgx-system,Candidature spontanée - Alternance Data / Science des données,CGX System,"81100, Castres",Candidature spontanée,,,2026-09-14T14:47:40.000Z,,Débutant accepté,,"CGX System est une structure basée à Castres, active dans le secteur suggéré par son nom/service. Bien que les détails spécifiques sur ses activités ne soient pas précisés, l'entreprise semble s'inscrire dans un domaine lié à la science des données et à l'intelligence artificielle. Je suis intéressé par une alternance qui me permettrait de contribuer à ses projets tout en développant mes compétences.",
SPONT-chic-castres-mazamet,Candidature spontanée - Alternance Data / Science des données,CHIC Castres-Mazamet,"81108, Castres",Candidature spontanée,,,2026-09-14T14:47:40.000Z,,Débutant accepté,,"CHIC Castres-Mazamet est une structure basée à Castres, active dans le secteur suggéré par son nom/service. Bien que les détails spécifiques sur ses activités ne soient pas fournis, l'entreprise semble être impliquée dans des domaines liés à la science des données et à l'intelligence artificielle. Je suis intéressé par une opportunité d'alternance au sein de votre équipe.",
SPONT-agence-nationale-de-la-statistique-et-de,Candidature spontanée - Alternance Data / Science des données,Agence Nationale de la Statistique et de la Démographie,"11451, Castres",Candidature spontanée,,,2026-09-14T14:47:40.000Z,,Débutant accepté,,"L'Agence Nationale de la Statistique et de la Démographie est une structure basée à Castres, active dans le secteur suggéré par son nom. Bien que les détails spécifiques sur ses services ne soient pas précisés, elle semble jouer un rôle important dans la collecte et l'analyse de données statistiques. Je suis intéressé par une alternance en science des données et intelligence artificielle au sein de votre organisation.",
SPONT-direction-des-service-fiscaux,Candidature spontanée - Alternance Data / Science des données,Direction des Service Fiscaux,"11807, Castres",Candidature spontanée,,,2026-09-14T14:47:40.000Z,,Débutant accepté,,"La Direction des Services Fiscaux est une structure basée à Castres, active dans le secteur suggéré par son nom. Bien que les détails spécifiques sur ses activités ne soient pas précisés, elle est probablement impliquée dans la gestion et l'administration des services fiscaux. Je suis intéressé par une alternance en science des données et intelligence artificielle au sein de cette institution.",
SPONT-capeb-aude,Candidature spontanée - Alternance Data / Science des données,CAPEB Aude,"11000, Castres",Candidature spontanée,,,2026-09-14T14:47:40.000Z,,Débutant accepté,,"CAPEB Aude est une structure basée à Castres, active dans le secteur suggéré par son nom/service. Bien que les détails spécifiques sur ses activités ne soient pas précisés, elle semble œuvrer dans un domaine lié à la construction ou à l'artisanat. Je suis intéressé par une alternance en science des données et intelligence artificielle au sein de votre entreprise.",
SPONT-caf-du-lot,Candidature spontanée - Alternance Data / Science des données,CAF du Lot,"46000, Ceret",Candidature spontanée,,,2026-09-14T14:47:40.000Z,,Débutant accepté,,"La CAF du Lot est une structure basée à Ceret, active dans le secteur suggéré par son nom/service. Bien que les détails spécifiques sur ses activités ne soient pas précisés, elle joue un rôle dans le domaine des prestations sociales. Je suis intéressé par une alternance en science des données et intelligence artificielle au sein de votre organisation.",
SPONT-sabate-s-a-espace-tech-ulrich,Candidature spontanée - Alternance Data / Science des données,Sabaté S.A. - Espace Tech Ulrich,"66403, Ceret",Candidature spontanée,,,2026-09-14T14:47:40.000Z,,Débutant accepté,,"Sabaté S.A. - Espace Tech Ulrich est une structure basée à Ceret, active dans le secteur suggéré par son nom/service. Bien que les détails spécifiques sur ses activités ne soient pas précisés, l'entreprise semble évoluer dans un environnement technologique. Je suis intéressé par une alternance en science des données et intelligence artificielle au sein de votre équipe.",
SPONT-laboratoire-de-recherches-zootechniques-,Candidature spontanée - Alternance Data / Science des données,Laboratoire de Recherches zootechniques et vétérin,Lézignan-Corbières,Candidature spontanée,,,2026-09-14T14:47:40.000Z,,Débutant accepté,,"Le Laboratoire de Recherches zootechniques et vétérin est une structure basée à Lézignan-Corbières, active dans le secteur suggéré par son nom. Bien que les détails spécifiques sur ses activités ne soient pas précisés, il est probable qu'il soit impliqué dans des recherches liées à la zootechnie et à la santé vétérinaire. Je suis intéressé par une alternance en science des données et intelligence artificielle au sein de votre laboratoire.",
SPONT-centre-hospitalier-de-lezignan,Candidature spontanée - Alternance Data / Science des données,Centre Hospitalier de Lézignan,"11200, Lézignan-Corbières",Candidature spontanée,,,2026-09-14T14:47:40.000Z,,Débutant accepté,,"Le Centre Hospitalier de Lézignan est une structure basée à Lézignan-Corbières, active dans le secteur de la santé. Bien que les détails spécifiques sur ses services ne soient pas précisés, l'établissement joue un rôle important dans le domaine hospitalier. Je suis intéressé par une alternance en science des données et intelligence artificielle au sein de votre établissement.",
SPONT-eponia-informatique,Candidature spontanée - Alternance Data / Science des données,Eponia informatique,"11200, Lézignan-Corbières",Candidature spontanée,,,2026-09-14T14:47:40.000Z,,Débutant accepté,,"Eponia informatique est une structure basée à Lézignan-Corbières, active dans le secteur suggéré par son nom. Bien que les détails spécifiques sur ses activités ne soient pas précisés, l'entreprise semble évoluer dans le domaine de l'informatique. Je suis intéressé par une alternance en science des données et intelligence artificielle au sein de votre équipe.",
SPONT-institut-de-medecine-tropicale-service-d,Candidature spontanée - Alternance Data / Science des données,Institut de Medecine Tropicale- Service de Santé d,"13262, Lézignan-Corbières",Candidature spontanée,,,2026-09-14T14:47:40.000Z,,Débutant accepté,,"L'Institut de Médecine Tropicale - Service de Santé est une structure basée à Lézignan-Corbières, active dans le secteur suggéré par son nom. Bien que les détails spécifiques sur ses activités ne soient pas fournis, il est probable qu'elle soit impliquée dans des initiatives liées à la santé et à la médecine tropicale. Je souhaite contribuer à ses missions à travers une alternance en science des données et intelligence artificielle.",
SPONT-s-a-sud-regal,Candidature spontanée - Alternance Data / Science des données,S.A. Sud  Régal,"11200, Lézignan-Corbières",Candidature spontanée,,,2026-09-14T14:47:40.000Z,,Débutant accepté,,"S.A. Sud Régal est une structure basée à Lézignan-Corbières, active dans le secteur suggéré par son nom/service. Bien que les détails spécifiques sur ses activités ne soient pas précisés, l'entreprise semble évoluer dans un domaine lié à la régale. Je suis intéressé par une alternance en science des données et intelligence artificielle au sein de votre équipe.",
SPONT-dyneff-s-a,Candidature spontanée - Alternance Data / Science des données,Dyneff S.A.,"11200, Lézignan-Corbières",Candidature spontanée,,,2026-09-14T14:47:40.000Z,,Débutant accepté,,"Dyneff S.A. est une structure basée à Lézignan-Corbières, active dans le secteur suggéré par son nom/service. Bien que les détails spécifiques sur ses activités ne soient pas précisés, l'entreprise semble évoluer dans un domaine lié à l'énergie ou aux services associés. Je suis intéressé par une alternance en science des données et intelligence artificielle au sein de votre entreprise.",
SPONT-pole-sud-sa-sud-regal,Candidature spontanée - Alternance Data / Science des données,Pôle Sud - SA SUD REGAL,"11200, Lézignan-Corbières",Candidature spontanée,,,2026-09-14T14:47:40.000Z,,Débutant accepté,,"Pôle Sud - SA SUD REGAL est une structure basée à Lézignan-Corbières, active dans le secteur suggéré par son nom/service. Bien que les détails spécifiques sur ses activités ne soient pas précisés, l'entreprise semble être engagée dans des domaines liés à la science des données et à l'intelligence artificielle. Je suis intéressé par une opportunité d'alternance pour contribuer à ses projets.",
SPONT-bio-vivre,Candidature spontanée - Alternance Data / Science des données,Bio Vivre,"11000, Lézignan-Corbières",Candidature spontanée,,,2026-09-14T14:47:40.000Z,,Débutant accepté,,"Bio Vivre est une structure basée à Lézignan-Corbières, active dans le secteur suggéré par son nom/service. Bien que les détails spécifiques sur ses activités ne soient pas fournis, l'entreprise semble s'inscrire dans un domaine lié à la biologie ou à la santé. Je suis intéressé par une alternance en science des données et intelligence artificielle au sein de votre équipe.",
SPONT-sa-svd-regal,Candidature spontanée - Alternance Data / Science des données,SA SVD REGAL,"11200, Lézignan-Corbières",Candidature spontanée,,,2026-09-14T14:47:40.000Z,,Débutant accepté,,"SA SVD REGAL est une structure basée à Lézignan-Corbières, active dans le secteur suggéré par son nom/service. Bien que les détails spécifiques sur ses activités ne soient pas précisés, l'entreprise semble évoluer dans un domaine lié à la science des données et à l'intelligence artificielle. Je suis intéressé par une alternance qui me permettrait de contribuer à ses projets tout en développant mes compétences.",
SPONT-sigma-mediterrannee,Candidature spontanée - Alternance Data / Science des données,SIGMA Méditerrannée,"11000, Lézignan-Corbières",Candidature spontanée,,,2026-09-14T14:47:40.000Z,,Débutant accepté,,"SIGMA Méditerrannée est une structure basée à Lézignan-Corbières, active dans le secteur suggéré par son nom/service. Bien que les détails spécifiques sur ses activités ne soient pas précisés, l'entreprise semble évoluer dans un environnement lié à la science des données et à l'intelligence artificielle. Je suis intéressé par une alternance qui me permettrait de contribuer à ses projets tout en développant mes compétences dans ce domaine.",
SPONT-silvavenir,Candidature spontanée - Alternance Data / Science des données,SILVAVENIR,"91370, Lézignan-Corbières",Candidature spontanée,,,2026-09-14T14:47:40.000Z,,Débutant accepté,,"SILVAVENIR est une structure basée à Lézignan-Corbières, active dans le secteur suggéré par son nom. Bien que les détails sur ses activités spécifiques ne soient pas précisés, l'entreprise semble évoluer dans un domaine lié à la science des données ou à l'intelligence artificielle. Je suis intéressé par une alternance qui me permettrait de contribuer à ses projets tout en développant mes compétences.",
SPONT-maison-de-lentreprise,Candidature spontanée - Alternance Data / Science des données,Maison de lEntreprise,"11200, Lézignan-Corbières",Candidature spontanée,,,2026-09-14T14:47:40.000Z,,Débutant accepté,,"La Maison de l'Entreprise est une structure basée à Lézignan-Corbières, active dans le secteur suggéré par son nom/service. Bien que les détails spécifiques sur ses activités ne soient pas précisés, elle semble s'inscrire dans un environnement professionnel dynamique. Je suis intéressé par une alternance en science des données et intelligence artificielle au sein de votre entreprise.",
SPONT-express-maree,Candidature spontanée - Alternance Data / Science des données,EXPRESS MAREE,"11200, Lézignan-Corbières",Candidature spontanée,,,2026-09-14T14:47:40.000Z,,Débutant accepté,,"EXPRESS MAREE est une structure basée à Lézignan-Corbières, active dans le secteur suggéré par son nom/service. Bien que les détails spécifiques sur ses activités ne soient pas précisés, l'entreprise semble évoluer dans un domaine lié à la marée. Je suis intéressé par une opportunité d'alternance en science des données et intelligence artificielle au sein de votre équipe.",
SPONT-centre-hospitalier-de-millau,Candidature spontanée - Alternance Data / Science des données,Centre Hospitalier de Millau,"12101, Millau Cedex",Candidature spontanée,,,2026-09-14T14:47:40.000Z,,Débutant accepté,,"Le Centre Hospitalier de Millau est une structure basée à Millau Cedex, active dans le secteur de la santé. Bien que les informations sur ses services spécifiques ne soient pas précisées, l'établissement joue un rôle important dans le domaine hospitalier. Je suis intéressé par une alternance en science des données et intelligence artificielle au sein de votre institution.",
SPONT-spanghero-s-a,Candidature spontanée - Alternance Data / Science des données,SPANGHERO S.A.,"11400, Millau Cedex",Candidature spontanée,,,2026-09-14T14:47:40.000Z,,Débutant accepté,,"SPANGHERO S.A. est une structure basée à Millau Cedex, active dans le secteur suggéré par son nom/service. Bien que les détails spécifiques sur ses activités ne soient pas précisés, l'entreprise semble évoluer dans un domaine lié à la science des données et à l'intelligence artificielle. Je suis intéressé par une alternance qui pourrait contribuer à ses projets futurs.",
SPONT-societe-generale-de-millau,Candidature spontanée - Alternance Data / Science des données,Société Générale de Millau,"12100, Millau Cedex",Candidature spontanée,,,2026-09-14T14:47:40.000Z,,Débutant accepté,,"La Société Générale de Millau est une structure basée à Millau Cedex, active dans le secteur suggéré par son nom/service. Bien que les détails spécifiques sur ses activités ne soient pas précisés, elle semble jouer un rôle dans le domaine financier. Je suis intéressé par une alternance en science des données et intelligence artificielle au sein de votre entreprise.",
SPONT-pizzeria-chez-pierrot,Candidature spontanée - Alternance Data / Science des données,Pizzeria <<Chez Pierrot>>,"11110, Vinassan",Candidature spontanée,,,2026-09-14T14:47:40.000Z,,Débutant accepté,,"La Pizzeria <<Chez Pierrot>> est une structure basée à Vinassan, active dans le secteur de la restauration, comme le suggère son nom. Bien que les détails sur ses services et activités ne soient pas précisés, elle semble être engagée dans la fourniture de produits alimentaires. Je suis intéressé par une alternance en science des données et intelligence artificielle au sein de votre entreprise.",
SPONT-jacques-roux-travaux-agricoles,Candidature spontanée - Alternance Data / Science des données,Jacques Roux - Travaux Agricoles,"81330, St Pierre de Trivisy",Candidature spontanée,,,2026-09-14T14:47:40.000Z,,Débutant accepté,,"Jacques Roux - Travaux Agricoles est une structure basée à St Pierre de Trivisy, active dans le secteur suggéré par son nom. Bien que les détails spécifiques sur ses activités ne soient pas précisés, l'entreprise semble être impliquée dans des travaux agricoles. Je suis intéressé par une alternance en science des données et intelligence artificielle au sein de votre équipe.",
SPONT-cci-de-foix,Candidature spontanée - Alternance Data / Science des données,CCI de Foix,"9001, Foix",Candidature spontanée,,,2026-09-14T14:47:40.000Z,,Débutant accepté,,"La CCI de Foix est une structure basée à Foix, active dans le secteur suggéré par son nom. Bien que les détails spécifiques sur ses activités ne soient pas précisés, elle joue un rôle dans le soutien et le développement des entreprises locales. Je suis intéressé par une alternance en science des données et intelligence artificielle au sein de cette institution.",
SPONT-prefecture-de-lariege,Candidature spontanée - Alternance Data / Science des données,Préfecture de lAriège,"9000, Foix",Candidature spontanée,,,2026-09-14T14:47:40.000Z,,Débutant accepté,,"La Préfecture de l'Ariège est une structure basée à Foix, active dans le secteur public. Bien que les services spécifiques ne soient pas précisés, elle joue un rôle important dans la gestion administrative et les services aux citoyens. Je suis intéressé par une alternance en science des données et intelligence artificielle au sein de votre organisation.",
SPONT-credit-agricole-du-midi,Candidature spontanée - Alternance Data / Science des données,Crédit Agricole du Midi,"34973, Rabat - Maroc",Candidature spontanée,,,2026-09-14T14:47:40.000Z,,Débutant accepté,,"Le Crédit Agricole du Midi est une structure basée à Rabat, au Maroc, active dans le secteur suggéré par son nom. Bien que les détails spécifiques sur ses services ne soient pas précisés, l'entreprise semble avoir un intérêt pour les domaines liés à la finance et à la banque. Je souhaite proposer ma candidature pour une alternance en science des données et intelligence artificielle au sein de cette institution.",
SPONT-cpam-de-lariege,Candidature spontanée - Alternance Data / Science des données,CPAM de lAriège,"9015, Foix",Candidature spontanée,,,2026-09-14T14:47:40.000Z,,Débutant accepté,,"La CPAM de l'Ariège est une structure basée à Foix, active dans le secteur de la protection sociale. Bien que les détails spécifiques sur ses services ne soient pas précisés, elle est impliquée dans des activités liées à la santé et à l'assurance maladie. Je suis intéressé par une alternance en science des données et intelligence artificielle au sein de cette organisation.",
SPONT-conseil-general-de-lariege,Candidature spontanée - Alternance Data / Science des données,Conseil Général de lAriège,"9001, Foix",Candidature spontanée,,,2026-09-14T14:47:40.000Z,,Débutant accepté,,"Le Conseil Général de l'Ariège est une structure basée à Foix, active dans le secteur public. Bien que les détails sur ses services ne soient pas précisés, il est probable qu'elle soit impliquée dans des activités liées à la gestion et au développement local. Je souhaite proposer mes compétences en science des données et intelligence artificielle pour contribuer à ses projets.",
SPONT-erdf,Candidature spontanée - Alternance Data / Science des données,ErDF,"9000, Foix",Candidature spontanée,,,2026-09-14T14:47:40.000Z,,Débutant accepté,,"ErDF est une structure basée à Foix, active dans le secteur suggéré par son nom/service. Bien que les détails spécifiques sur ses activités ne soient pas précisés, l'entreprise semble évoluer dans un domaine lié à l'énergie. Je suis intéressé par une alternance en science des données et intelligence artificielle au sein de votre organisation.",
SPONT-mairie-de-foix,Candidature spontanée - Alternance Data / Science des données,Mairie de Foix,"9000, Foix",Candidature spontanée,,,2026-09-14T14:47:40.000Z,,Débutant accepté,,"La Mairie de Foix est une structure basée à Foix, active dans le secteur public. Elle est impliquée dans la gestion des services municipaux et le développement de la ville. Bien que les détails spécifiques sur ses activités ne soient pas fournis, elle représente un acteur local important.",
SPONT-sillage,Candidature spontanée - Alternance Data / Science des données,Sillage,"30240, Le Grau du Roi",Candidature spontanée,,,2026-09-14T14:47:40.000Z,,Débutant accepté,,"Sillage est une structure basée à Le Grau du Roi, active dans le secteur suggéré par son nom/service. Bien que les détails sur ses activités ne soient pas précisés, l'entreprise semble évoluer dans un environnement industriel. Je suis intéressé par une opportunité d'alternance en science des données et intelligence artificielle au sein de votre équipe.",
SPONT-recette-des-impots,Candidature spontanée - Alternance Data / Science des données,Recette des Impôts,"31000, Toulouse",Candidature spontanée,,,2026-09-14T14:47:40.000Z,,Débutant accepté,,"Recette des Impôts est une structure basée à Toulouse, active dans le secteur suggéré par son nom/service. Bien que les détails spécifiques sur ses activités ne soient pas précisés, l'entreprise semble être impliquée dans des missions liées à la gestion fiscale. Je suis intéressé par une alternance en science des données et intelligence artificielle au sein de votre organisation.",
SPONT-caf-de-toulouse,Candidature spontanée - Alternance Data / Science des données,CAF de Toulouse,"31046, Toulouse",Candidature spontanée,,,2026-09-14T14:47:40.000Z,,Débutant accepté,,"La CAF de Toulouse est une structure basée à Toulouse, active dans le secteur suggéré par son nom/service. Bien que les détails spécifiques sur ses activités ne soient pas précisés, elle joue un rôle dans le soutien social et l'accompagnement des familles. Je suis intéressé par une alternance en science des données et intelligence artificielle au sein de votre organisation.",
SPONT-elyo-ocean,Candidature spontanée - Alternance Data / Science des données,Elyo Ocean,"31310, Toulouse",Candidature spontanée,,,2026-09-14T14:47:40.000Z,,Débutant accepté,,"Elyo Ocean est une structure basée à Toulouse, active dans le secteur suggéré par son nom/service. Bien que les détails spécifiques sur ses activités ne soient pas précisés, l'entreprise semble évoluer dans un domaine lié à l'océan et à l'environnement. Je suis intéressé par une alternance en science des données et intelligence artificielle au sein de votre équipe.",
SPONT-irit-universite-toulouse,Candidature spontanée - Alternance Data / Science des données,IRIT Université Toulouse,"31009, Toulouse",Candidature spontanée,,,2026-09-14T14:47:40.000Z,,Débutant accepté,,"IRIT Université Toulouse est une structure basée à Toulouse, active dans le secteur de la recherche et de l'enseignement supérieur. Bien que les détails spécifiques sur ses activités ne soient pas précisés, elle semble être impliquée dans des domaines liés à la science des données et à l'intelligence artificielle. Je suis intéressé par une alternance au sein de cette institution pour contribuer à ses projets et développer mes compétences.",
SPONT-ombres-blanches,Candidature spontanée - Alternance Data / Science des données,Ombres Blanches,"31000, Toulouse",Candidature spontanée,,,2026-09-14T14:47:40.000Z,,Débutant accepté,,"Ombres Blanches est une structure basée à Toulouse. Bien que les détails spécifiques sur ses activités ne soient pas précisés, son nom et son adresse suggèrent une implication dans un secteur lié à l'innovation ou aux services. Je suis intéressé par une alternance en science des données et intelligence artificielle au sein de votre entreprise.",
SPONT-credit-agricole-mutuel-de-toulouse,Candidature spontanée - Alternance Data / Science des données,Crédit Agricole Mutuel de Toulouse,"31005, Toulouse",Candidature spontanée,,,2026-09-14T14:47:40.000Z,,Débutant accepté,,"Le Crédit Agricole Mutuel de Toulouse est une structure basée à Toulouse, active dans le secteur bancaire. Bien que les détails spécifiques sur ses services ne soient pas précisés, l'entreprise est impliquée dans des activités liées à la finance et à la gestion des données. Je suis intéressé par une alternance en science des données et intelligence artificielle au sein de votre organisation.",
SPONT-chu-purpan,Candidature spontanée - Alternance Data / Science des données,CHU Purpan,Toulous,Candidature spontanée,,,2026-09-14T14:47:40.000Z,,Débutant accepté,,"Le CHU Purpan est une structure basée à Toulous, active dans le secteur de la santé. Bien que les détails spécifiques sur ses services ne soient pas précisés, il est probable qu'il soit impliqué dans des activités liées aux soins et à la recherche médicale. Je souhaite proposer mes compétences en science des données et intelligence artificielle pour contribuer à ses projets.",
SPONT-banque-courtois,Candidature spontanée - Alternance Data / Science des données,Banque Courtois,"31000, Toulouse",Candidature spontanée,,,2026-09-14T14:47:40.000Z,,Débutant accepté,,"La Banque Courtois est une structure basée à Toulouse, active dans le secteur bancaire. Bien que les détails sur ses services ne soient pas précisés, elle semble s'inscrire dans un environnement où la gestion des données et l'intelligence artificielle pourraient jouer un rôle clé. Je suis intéressé par une alternance qui me permettrait de contribuer à ses activités dans le domaine de la science des données.",
SPONT-office-national-des-forets,Candidature spontanée - Alternance Data / Science des données,Office National des Forêts,"31000, Toulouse",Candidature spontanée,,,2026-09-14T14:47:40.000Z,,Débutant accepté,,"L'Office National des Forêts est une structure basée à Toulouse, active dans le secteur suggéré par son nom/service. Bien que les détails spécifiques sur ses activités ne soient pas précisés, l'organisation semble jouer un rôle dans la gestion des ressources forestières. Je suis intéressé par une alternance en science des données et intelligence artificielle au sein de cette institution.",
SPONT-sncf-toulouse,Candidature spontanée - Alternance Data / Science des données,SNCF Toulouse,"31200, Toulouse",Candidature spontanée,,,2026-09-14T14:47:40.000Z,,Débutant accepté,,"SNCF Toulouse est une structure basée à Toulouse, active dans le secteur suggéré par son nom. Bien que les détails spécifiques sur ses activités ne soient pas précisés, l'entreprise est historiquement liée à des services de transport. Je suis intéressé par une alternance en science des données et intelligence artificielle au sein de votre équipe.",
SPONT-cancava,Candidature spontanée - Alternance Data / Science des données,CANCAVA,"31067, Toulouse",Candidature spontanée,,,2026-09-14T14:47:40.000Z,,Débutant accepté,,"CANCAVA est une structure basée à Toulouse, active dans le secteur suggéré par son nom/service. Bien que les détails spécifiques sur ses activités ne soient pas précisés, l'entreprise semble ouverte à des initiatives dans le domaine de la science des données et de l'intelligence artificielle. Je suis intéressé par une alternance qui pourrait contribuer à ses projets futurs.",
SPONT-conseil-regional-midi-pyrenees,Candidature spontanée - Alternance Data / Science des données,Conseil Régional Midi-Pyrénées,"31406, Toulouse",Candidature spontanée,,,2026-09-14T14:47:40.000Z,,Débutant accepté,,"Le Conseil Régional Midi-Pyrénées est une structure basée à Toulouse, active dans le secteur public. Bien que les services spécifiques ne soient pas précisés, l'organisation joue un rôle important dans la gestion et le développement de la région. Je suis intéressé par une alternance en science des données et intelligence artificielle au sein de cette institution.",
SPONT-centre-d-archeologie-ehess-cnrs-umr-150,Candidature spontanée - Alternance Data / Science des données,Centre d'archéologie - EHESS -CNRS - UMR 150,"31000, Toulouse",Candidature spontanée,,,2026-09-14T14:47:40.000Z,,Débutant accepté,,"Le Centre d'archéologie - EHESS - CNRS - UMR 150 est une structure basée à Toulouse, active dans le secteur de l'archéologie. Bien que les détails spécifiques sur ses activités ne soient pas précisés, son nom et son affiliation à des institutions reconnues suggèrent un engagement dans la recherche et l'analyse de données liées à l'archéologie. Je suis intéressé par une alternance en science des données et intelligence artificielle au sein de cette institution.",
SPONT-latelec,Candidature spontanée - Alternance Data / Science des données,LATELEC,"31683, Toulouse",Candidature spontanée,,,2026-09-14T14:47:40.000Z,,Débutant accepté,,"LATELEC est une structure basée à Toulouse, active dans le secteur suggéré par son nom/service. Bien que les détails spécifiques sur ses activités ne soient pas précisés, l'entreprise semble évoluer dans un environnement technique. Je suis intéressé par une alternance en science des données et intelligence artificielle au sein de votre équipe.",
SPONT-siemens-automotive-s-a,Candidature spontanée - Alternance Data / Science des données,SIEMENS Automotive S.A.,"31036, Toulouse",Candidature spontanée,,,2026-09-14T14:47:40.000Z,,Débutant accepté,,"SIEMENS Automotive S.A. est une structure basée à Toulouse, active dans le secteur suggéré par son nom. Bien que les détails spécifiques sur ses activités ne soient pas précisés, l'entreprise semble évoluer dans le domaine de l'automobile et des technologies associées. Je suis intéressé par une alternance en science des données et intelligence artificielle au sein de cette entreprise.",
SPONT-meteo-france-toulouse,Candidature spontanée - Alternance Data / Science des données,Météo-France Toulouse,"31057, Toulouse",Candidature spontanée,,,2026-09-14T14:47:40.000Z,,Débutant accepté,,"Météo-France Toulouse est une structure basée à Toulouse, active dans le secteur suggéré par son nom/service. Bien que les détails spécifiques sur ses activités ne soient pas précisés, l'entreprise est probablement impliquée dans des domaines liés à la météorologie et à l'analyse des données. Je suis intéressé par une alternance en science des données et intelligence artificielle au sein de votre équipe.",
SPONT-siemens-vdo-automotive,Candidature spontanée - Alternance Data / Science des données,SIEMENS VDO Automotive,"31036, Toulouse",Candidature spontanée,,,2026-09-14T14:47:40.000Z,,Débutant accepté,,"SIEMENS VDO Automotive est une structure basée à Toulouse, active dans le secteur suggéré par son nom/service. Bien que les détails spécifiques sur ses activités ne soient pas précisés, l'entreprise semble évoluer dans un domaine lié à l'automobile et à la technologie. Je suis intéressé par une alternance en science des données et intelligence artificielle au sein de votre équipe.",
SPONT-laboratoire-de-neurologie-de-l-insecte,Candidature spontanée - Alternance Data / Science des données,Laboratoire de Neurologie de l'insecte,"31062, Toulouse",Candidature spontanée,,,2026-09-14T14:47:40.000Z,,Débutant accepté,,"Le Laboratoire de Neurologie de l'insecte est une structure basée à Toulouse, active dans le secteur suggéré par son nom. Bien que les détails spécifiques sur ses activités ne soient pas fournis, il est probable qu'il se concentre sur des recherches liées à la neurologie des insectes. Je suis intéressé par une alternance en science des données et intelligence artificielle au sein de votre laboratoire.",
SPONT-e-a-d-s-matra-systemes,Candidature spontanée - Alternance Data / Science des données,E.A.D.S. Matra Systemes,"31676, Toulouse",Candidature spontanée,,,2026-09-14T14:47:40.000Z,,Débutant accepté,,"E.A.D.S. Matra Systemes est une structure basée à Toulouse, active dans le secteur suggéré par son nom. Bien que les détails spécifiques sur ses activités ne soient pas précisés, l'entreprise semble évoluer dans un domaine lié aux systèmes et à la technologie. Je suis intéressé par une alternance en science des données et intelligence artificielle au sein de votre équipe.",
SPONT-france-telecom-toulouse,Candidature spontanée - Alternance Data / Science des données,France Télécom Toulouse,"31000, Toulouse",Candidature spontanée,,,2026-09-14T14:47:40.000Z,,Débutant accepté,,"France Télécom Toulouse est une structure basée à Toulouse, active dans le secteur suggéré par son nom. Bien que les détails spécifiques sur ses activités ne soient pas précisés, l'entreprise semble évoluer dans un environnement lié aux télécommunications. Je suis intéressé par une alternance en science des données et intelligence artificielle au sein de votre équipe.",
SPONT-iter-sarl,Candidature spontanée - Alternance Data / Science des données,ITER SARL,"31000, Toulouse",Candidature spontanée,,,2026-09-14T14:47:40.000Z,,Débutant accepté,,"ITER SARL est une structure basée à Toulouse, active dans le secteur suggéré par son nom/service. Bien que les détails spécifiques sur ses activités ne soient pas précisés, l'entreprise semble avoir un intérêt pour les domaines liés à la science des données et à l'intelligence artificielle. Je suis enthousiaste à l'idée de contribuer à ses projets et d'apprendre au sein de son équipe.",
SPONT-adonlead-networks,Candidature spontanée - Alternance Data / Science des données,AdonLead Networks,"31060, Toulouse",Candidature spontanée,,,2026-09-14T14:47:40.000Z,,Débutant accepté,,"AdonLead Networks est une structure basée à Toulouse, active dans le secteur suggéré par son nom/service. Bien que les détails spécifiques sur ses activités ne soient pas précisés, l'entreprise semble s'intéresser aux domaines liés aux données et à l'intelligence artificielle. Je suis enthousiaste à l'idée de contribuer à ses projets et d'apprendre au sein de son équipe.",
SPONT-sumotori-networks,Candidature spontanée - Alternance Data / Science des données,SUMOTORI NETWORKS,"31000, Toulouse",Candidature spontanée,,,2026-09-14T14:47:40.000Z,,Débutant accepté,,"SUMOTORI NETWORKS est une structure basée à Toulouse, active dans le secteur suggéré par son nom/service. Bien que les détails spécifiques sur ses activités ne soient pas précisés, l'entreprise semble évoluer dans un domaine lié aux réseaux et aux technologies. Je suis intéressé par une alternance en science des données et intelligence artificielle au sein de votre équipe.",
SPONT-air-france,Candidature spontanée - Alternance Data / Science des données,AIR FRANCE,"31700, Toulouse",Candidature spontanée,,,2026-09-14T14:47:40.000Z,,Débutant accepté,,"AIR FRANCE est une structure basée à Toulouse, active dans le secteur suggéré par son nom. Bien que les détails concernant ses services ne soient pas précisés, l'entreprise semble évoluer dans un environnement lié à l'aviation. Je suis intéressé par une alternance en science des données et intelligence artificielle au sein de votre équipe.",
SPONT-dga-dpm-sq,Candidature spontanée - Alternance Data / Science des données,DGA/DPM/SQ,"31076, Toulouse",Candidature spontanée,,,2026-09-14T14:47:40.000Z,,Débutant accepté,,"DGA/DPM/SQ est une structure basée à Toulouse, active dans le secteur suggéré par son nom/service. Bien que les détails spécifiques sur ses activités ne soient pas précisés, l'entreprise semble avoir un intérêt pour les domaines liés à la science des données et à l'intelligence artificielle. Je suis motivé à contribuer à ses projets et à développer mes compétences dans ce domaine.",
SPONT-conseil-general-de-la-haute-garonne,Candidature spontanée - Alternance Data / Science des données,Conseil Général de la Haute Garonne,"31090, Toulouse",Candidature spontanée,,,2026-09-14T14:47:40.000Z,,Débutant accepté,,"Le Conseil Général de la Haute Garonne est une structure basée à Toulouse, active dans le secteur public. Bien que les détails spécifiques sur ses activités ne soient pas précisés, l'organisation est impliquée dans des services qui peuvent bénéficier de l'analyse de données et de l'intelligence artificielle. Je souhaite contribuer à ses missions à travers une alternance en science des données.",
SPONT-jean-philippe-ismael,Candidature spontanée - Alternance Data / Science des données,Jean-Philippe ISMAËL,"31200, Toulouse",Candidature spontanée,,,2026-09-14T14:47:40.000Z,,Débutant accepté,,"Jean-Philippe ISMAËL est une structure basée à Toulouse. Les informations disponibles ne précisent pas le service concerné, mais l'entreprise semble active dans un secteur lié à son nom. Je suis intéressé par une alternance en science des données et intelligence artificielle au sein de votre entreprise.",
SPONT-mairie-de-toulouse-direction-des-systeme,Candidature spontanée - Alternance Data / Science des données,Mairie de Toulouse - Direction des Systèmes Inform,"31000, Toulouse",Candidature spontanée,,,2026-09-14T14:47:40.000Z,,Débutant accepté,,"La Mairie de Toulouse, à travers sa Direction des Systèmes Inform, est une structure basée à Toulouse. Elle est impliquée dans la gestion des systèmes d'information, un domaine essentiel pour le fonctionnement des services publics. Bien que les détails spécifiques sur ses projets ou technologies ne soient pas disponibles, son rôle suggère un engagement vers l'optimisation des services par le biais de solutions informatiques.",
SPONT-tresorerie-generale-de-la-haute-garonne,Candidature spontanée - Alternance Data / Science des données,Trésorerie Générale de la Haute Garonne,"31039, Toulouse",Candidature spontanée,,,2026-09-14T14:47:40.000Z,,Débutant accepté,,"La Trésorerie Générale de la Haute Garonne est une structure basée à Toulouse, active dans le secteur de la gestion financière publique. Bien que les détails spécifiques sur ses activités ne soient pas précisés, elle semble jouer un rôle important dans la gestion des ressources financières au niveau local. Je suis intéressé par une alternance en science des données et intelligence artificielle au sein de cette institution.",
SPONT-airbus-usine-guynemer,Candidature spontanée - Alternance Data / Science des données,AIRBUS - Usine Guynemer,"31003, Toulouse",Candidature spontanée,,,2026-09-14T14:47:40.000Z,,Débutant accepté,,"AIRBUS - Usine Guynemer est une structure basée à Toulouse, active dans le secteur suggéré par son nom. Bien que les détails spécifiques sur ses activités ne soient pas précisés, l'entreprise est reconnue pour son implication dans l'industrie aéronautique. Je suis intéressé par une alternance en science des données et intelligence artificielle au sein de votre équipe.",
SPONT-mairie-de-toulouse,Candidature spontanée - Alternance Data / Science des données,Mairie de Toulouse,"31400, Toulouse",Candidature spontanée,,,2026-09-14T14:47:40.000Z,,Débutant accepté,,"La Mairie de Toulouse est une structure basée à Toulouse, active dans le secteur public. Elle est impliquée dans divers services au sein de la ville, bien que les détails spécifiques sur ses activités ne soient pas précisés. Je souhaite proposer mes compétences en science des données et intelligence artificielle pour contribuer à ses projets.",
SPONT-la-poste-toulouse,Candidature spontanée - Alternance Data / Science des données,La Poste Toulouse,"31043, Toulouse",Candidature spontanée,,,2026-09-14T14:47:40.000Z,,Débutant accepté,,"La Poste Toulouse est une structure basée à Toulouse, active dans le secteur suggéré par son nom. Bien que les détails spécifiques sur ses services ne soient pas précisés, l'entreprise est historiquement liée à des activités de logistique et de services postaux. Je suis intéressé par une alternance en science des données et intelligence artificielle au sein de votre équipe.",
SPONT-airbus-operations-sas,Candidature spontanée - Alternance Data / Science des données,AIRBUS Opérations SAS,"31060, Toulouse",Candidature spontanée,,,2026-09-14T14:47:40.000Z,,Débutant accepté,,"AIRBUS Opérations SAS est une structure basée à Toulouse, active dans le secteur suggéré par son nom. Bien que les détails spécifiques sur ses activités ne soient pas précisés, l'entreprise est impliquée dans des opérations liées à l'aéronautique. Je suis intéressé par une alternance en science des données et intelligence artificielle au sein de votre équipe.",
SPONT-geo-signal,Candidature spontanée - Alternance Data / Science des données,Géo Signal,"31000, Toulouse",Candidature spontanée,,,2026-09-14T14:47:40.000Z,,Débutant accepté,,"Géo Signal est une structure basée à Toulouse, active dans le secteur suggéré par son nom/service. Bien que les détails spécifiques sur ses activités ne soient pas précisés, l'entreprise semble être impliquée dans des domaines liés à la science des données et à l'intelligence artificielle. Je suis intéressé par une alternance qui pourrait contribuer à ses projets et à son développement.",
SPONT-gls,Candidature spontanée - Alternance Data / Science des données,GLS,"31037, Toulouse",Candidature spontanée,,,2026-09-14T14:47:40.000Z,,Débutant accepté,,"GLS est une structure basée à Toulouse, active dans le secteur suggéré par son nom/service. Bien que les détails spécifiques sur ses activités ne soient pas précisés, l'entreprise semble avoir un intérêt pour des domaines liés à la logistique et à la gestion des données. Je suis motivé à contribuer à ses projets en science des données et intelligence artificielle.",
SPONT-6-image,Candidature spontanée - Alternance Data / Science des données,6                                                IMAGE,"31100, Toulouse",Candidature spontanée,,,2026-09-14T14:47:40.000Z,,Débutant accepté,,"6 est une structure basée à Toulouse, active dans le secteur suggéré par son nom/service. Bien que les détails spécifiques sur ses activités ne soient pas précisés, l'entreprise semble ouverte à des initiatives dans le domaine de la science des données et de l'intelligence artificielle. Je souhaite contribuer à ses projets en apportant mes compétences en analyse de données et en apprentissage automatique.",
SPONT-7-edf-cres-sud-ouest,Candidature spontanée - Alternance Data / Science des données,7                                   EDF CRES Sud-Ouest,"31057, Toulouse",Candidature spontanée,,,2026-09-14T14:47:40.000Z,,Débutant accepté,,"7 EDF CRES Sud-Ouest est une structure basée à Toulouse, active dans le secteur suggéré par son nom. Bien que les informations sur ses activités spécifiques ne soient pas précisées, l'entreprise semble évoluer dans un environnement lié à l'énergie et aux services associés. Je suis intéressé par une alternance en science des données et intelligence artificielle au sein de votre équipe.",
SPONT-8-s-n-c-f-toulouse-deleg-reg-ressources-,Candidature spontanée - Alternance Data / Science des données,8    S.N.C.F. Toulouse-Délég. Rég. Ressources Humaines,"31079, Toulouse",Candidature spontanée,,,2026-09-14T14:47:40.000Z,,Débutant accepté,,"8 S.N.C.F. Toulouse-Délég. Rég. Ressources Humaines est une structure basée à Toulouse, active dans le secteur des ressources humaines. Bien que les détails spécifiques sur ses activités ne soient pas précisés, l'entreprise semble jouer un rôle dans la gestion des ressources humaines au sein de la région. Je suis intéressé par une alternance en science des données et intelligence artificielle au sein de votre organisation.",
SPONT-9-airbus-industrie-blagnac,Candidature spontanée - Alternance Data / Science des données,9                           AIRBUS Industrie - Blagnac,"31060, Toulouse",Candidature spontanée,,,2026-09-14T14:47:40.000Z,,Débutant accepté,,"Airbus Industrie est une structure basée à Toulouse, active dans le secteur suggéré par son nom. Bien que les détails spécifiques sur ses activités ne soient pas précisés, l'entreprise est historiquement reconnue dans l'industrie aéronautique. Je suis intéressé par une alternance en science des données et intelligence artificielle au sein de votre équipe.",
SPONT-0-christian-celinain,Candidature spontanée - Alternance Data / Science des données,0                                   Christian Célinain,"31100, Toulouse",Candidature spontanée,,,2026-09-14T14:47:40.000Z,,Débutant accepté,,"0 Christian Célinain est une structure basée à Toulouse, active dans le secteur suggéré par son nom/service. Bien que les détails spécifiques sur ses activités ne soient pas précisés, l'entreprise semble ouverte à des initiatives dans le domaine de la science des données et de l'intelligence artificielle. Je suis intéressé par une alternance qui pourrait contribuer à ses projets futurs.",
SPONT-1-c-u-g-t-service-circulation-et-transpo,Candidature spontanée - Alternance Data / Science des données,1            C.U.G.T -Service Circulation et Transport,"31200, Toulouse",Candidature spontanée,,,2026-09-14T14:47:40.000Z,,Débutant accepté,,"1 C.U.G.T - Service Circulation et Transport est une structure basée à Toulouse, active dans le secteur du transport et de la circulation. Bien que les détails spécifiques sur ses activités ne soient pas fournis, l'entreprise semble s'inscrire dans un domaine lié à la gestion des flux et des infrastructures. Je suis intéressé par une alternance en science des données et intelligence artificielle au sein de votre équipe.",
SPONT-2-groupe-lg,Candidature spontanée - Alternance Data / Science des données,2                                            GROUPE LG,"31000, Toulouse",Candidature spontanée,,,2026-09-14T14:47:40.000Z,,Débutant accepté,,"2 GROUPE LG est une structure basée à Toulouse, active dans le secteur suggéré par son nom/service. Bien que les détails spécifiques sur ses activités ne soient pas précisés, l'entreprise semble être impliquée dans des domaines liés à la science des données et à l'intelligence artificielle. Je suis intéressé par une alternance qui me permettrait de contribuer à ses projets et d'acquérir de l'expérience dans ce domaine.",
SPONT-3-cci-de-toulouse,Candidature spontanée - Alternance Data / Science des données,3                                      CCI de Toulouse,"31002, Toulouse",Candidature spontanée,,,2026-09-14T14:47:40.000Z,,Débutant accepté,,"3 CCI de Toulouse est une structure basée à Toulouse, active dans le secteur suggéré par son nom/service. Bien que les détails spécifiques sur ses activités ne soient pas précisés, l'entreprise semble jouer un rôle dans le domaine de la formation ou du soutien aux entreprises. Je suis intéressé par une alternance en science des données et intelligence artificielle au sein de votre équipe.",
SPONT-4-lyonnaise-des-eaux-toulouse,Candidature spontanée - Alternance Data / Science des données,4                          Lyonnaise des Eaux Toulouse,"31432, Toulouse",Candidature spontanée,,,2026-09-14T14:47:40.000Z,,Débutant accepté,,"4 Lyonnaise des Eaux Toulouse est une structure basée à Toulouse, active dans le secteur suggéré par son nom/service. Bien que les détails spécifiques sur ses activités ne soient pas fournis, l'entreprise semble être impliquée dans des domaines liés à l'eau et aux services associés. Je suis intéressé par une alternance en science des données et intelligence artificielle au sein de votre équipe.",
SPONT-5-universite-toulouse-le-mirail,Candidature spontanée - Alternance Data / Science des données,5                        Université Toulouse Le Mirail,"31058, Toulouse",Candidature spontanée,,,2026-09-14T14:47:40.000Z,,Débutant accepté,,"Structure basée à Toulouse, active dans le secteur suggéré par son nom/service. L'Université Toulouse Le Mirail est un établissement d'enseignement supérieur qui pourrait être impliqué dans divers domaines académiques. Je suis intéressé par une alternance en science des données et intelligence artificielle au sein de votre institution.",
SPONT-6-liebherr-aerospace-toulouse,Candidature spontanée - Alternance Data / Science des données,6                          LIEBHERR AEROSPACE TOULOUSE,"31010, Toulouse",Candidature spontanée,,,2026-09-14T14:47:40.000Z,,Débutant accepté,,"6 Liebherr Aerospace Toulouse est une structure basée à Toulouse, active dans le secteur suggéré par son nom. Bien que les détails spécifiques sur ses activités ne soient pas précisés, l'entreprise semble être impliquée dans des domaines liés à l'aéronautique. Je suis intéressé par une alternance en science des données et intelligence artificielle au sein de votre équipe.",
SPONT-7-technal,Candidature spontanée - Alternance Data / Science des données,7                                              TECHNAL,"31037, Toulouse",Candidature spontanée,,,2026-09-14T14:47:40.000Z,,Débutant accepté,,"7 TECHNAL est une structure basée à Toulouse, active dans le secteur suggéré par son nom/service. Bien que les détails spécifiques sur ses activités ne soient pas précisés, l'entreprise semble avoir un intérêt pour des domaines liés à la technologie et à l'innovation. Je suis enthousiaste à l'idée de contribuer à ses projets en science des données et intelligence artificielle.",
SPONT-8-airbus-colomiers,Candidature spontanée - Alternance Data / Science des données,8                                     Airbus Colomiers,"31060, Toulouse",Candidature spontanée,,,2026-09-14T14:47:40.000Z,,Débutant accepté,,"8 Airbus Colomiers est une structure basée à Toulouse, active dans le secteur suggéré par son nom. Bien que les informations sur ses activités spécifiques ne soient pas précisées, l'entreprise semble évoluer dans un environnement lié à l'aéronautique. Je suis intéressé par une opportunité d'alternance en science des données et intelligence artificielle au sein de votre équipe.",
SPONT-9-comite-regional-midi-pyrenees-de-natat,Candidature spontanée - Alternance Data / Science des données,9           Comité Régional Midi-Pyrénées  de Natation,"31000, Toulouse",Candidature spontanée,,,2026-09-14T14:47:40.000Z,,Débutant accepté,,"Le Comité Régional Midi-Pyrénées de Natation est une structure basée à Toulouse, active dans le secteur de la natation. Bien que les détails spécifiques sur ses activités ne soient pas précisés, il est probable qu'elle soit impliquée dans la promotion et le développement de ce sport au niveau régional. Je suis intéressé par une alternance en science des données et intelligence artificielle au sein de cette organisation.",
SPONT-0-airbus-france-departement-des-ressourc,Candidature spontanée - Alternance Data / Science des données,0    AIRBUS France-Département des Ressources Humaines,"31060, Toulouse",Candidature spontanée,,,2026-09-14T14:47:40.000Z,,Débutant accepté,,"AIRBUS France, situé à Toulouse, est une structure active dans le secteur suggéré par son nom. Le département des Ressources Humaines joue un rôle clé dans la gestion des talents au sein de l'entreprise. Bien que les détails spécifiques sur les activités ne soient pas fournis, l'entreprise est reconnue pour son implication dans l'innovation et la technologie.",
SPONT-1-la-depeche-du-midi,Candidature spontanée - Alternance Data / Science des données,1                                   La Dépêche du Midi,"31000, Toulouse",Candidature spontanée,,,2026-09-14T14:47:40.000Z,,Débutant accepté,,"La Dépêche du Midi est une structure basée à Toulouse, active dans le secteur de l'information. Bien que les détails sur ses services ne soient pas précisés, elle semble jouer un rôle dans la diffusion de nouvelles et d'informations. Je suis intéressé par une alternance en science des données et intelligence artificielle au sein de votre entreprise.",
SPONT-2-repro-service,Candidature spontanée - Alternance Data / Science des données,2                                        Repro Service,"31132, Toulouse",Candidature spontanée,,,2026-09-14T14:47:40.000Z,,Débutant accepté,,"2 Repro Service est une structure basée à Toulouse, active dans le secteur suggéré par son nom/service. Bien que les détails spécifiques sur ses activités ne soient pas fournis, l'entreprise semble être impliquée dans des services liés à la reproduction ou à l'impression. Je suis intéressé par une alternance en science des données et intelligence artificielle au sein de votre équipe.",
SPONT-3-acco-france,Candidature spontanée - Alternance Data / Science des données,3                                          ACCO France,"31000, Toulouse",Candidature spontanée,,,2026-09-14T14:47:40.000Z,,Débutant accepté,,"3 ACCO France est une structure basée à Toulouse, active dans le secteur suggéré par son nom/service. Bien que les détails spécifiques sur ses activités ne soient pas précisés, l'entreprise semble s'inscrire dans un domaine lié à la science des données et à l'intelligence artificielle. Je suis intéressé par une opportunité d'alternance au sein de votre équipe.",
SPONT-4-dreal-midi-pyrenees,Candidature spontanée - Alternance Data / Science des données,4                                  DREAL Midi-Pyrénées,"31000, Toulouse",Candidature spontanée,,,2026-09-14T14:47:40.000Z,,Débutant accepté,,"4 DREAL Midi-Pyrénées est une structure basée à Toulouse, active dans le secteur suggéré par son nom. Bien que les détails sur ses activités spécifiques ne soient pas précisés, elle semble jouer un rôle dans le domaine de l'environnement et du développement durable. Je suis intéressé par une alternance en science des données et intelligence artificielle au sein de cette organisation.",
SPONT-5-ceat-centre-dessais-aeronautiques-de-t,Candidature spontanée - Alternance Data / Science des données,5      CEAT - Centre dessais aéronautiques de Toulouse,"31056, Toulouse",Candidature spontanée,,,2026-09-14T14:47:40.000Z,,Débutant accepté,,"Le CEAT - Centre d'essais aéronautiques de Toulouse est une structure basée à Toulouse, active dans le secteur aéronautique. Bien que les détails spécifiques sur ses activités ne soient pas fournis, son nom suggère un lien avec des essais et des recherches dans ce domaine. Je suis intéressé par une alternance en science des données et intelligence artificielle au sein de votre entreprise.",
SPONT-6-edf-gdf-services-pyrenees-gascogne,Candidature spontanée - Alternance Data / Science des données,6                   EDF-GDF services Pyrénées-Gascogne,"31057, Toulouse",Candidature spontanée,,,2026-09-14T14:47:40.000Z,,Débutant accepté,,"Structure basée à Toulouse, active dans le secteur suggéré par son nom/service. EDF-GDF services Pyrénées-Gascogne est impliquée dans des activités liées à l'énergie, bien que les détails spécifiques sur ses projets ou technologies ne soient pas précisés. Je suis intéressé par une alternance en science des données et intelligence artificielle au sein de votre entreprise.",
SPONT-7-urssaf-haute-garonne,Candidature spontanée - Alternance Data / Science des données,7                                 URSSAF Haute-Garonne,"31061, Toulouse",Candidature spontanée,,,2026-09-14T14:47:40.000Z,,Débutant accepté,,"7 URSSAF Haute-Garonne est une structure basée à Toulouse, active dans le secteur suggéré par son nom/service. Bien que les détails spécifiques sur ses activités ne soient pas précisés, l'organisation semble jouer un rôle dans le domaine de la gestion des cotisations et contributions sociales. Je suis intéressé par une alternance en science des données et intelligence artificielle au sein de votre entreprise.",
SPONT-8-latecoere,Candidature spontanée - Alternance Data / Science des données,8                                            LATECOERE,"31079, Toulouse",Candidature spontanée,,,2026-09-14T14:47:40.000Z,,Débutant accepté,,"LATECOERE est une structure basée à Toulouse, active dans le secteur suggéré par son nom/service. Bien que les détails spécifiques sur ses activités ne soient pas fournis, l'entreprise semble être impliquée dans des domaines liés à l'innovation et à la technologie. Je suis intéressé par une alternance en science des données et intelligence artificielle au sein de votre équipe.",
SPONT-9-comite-departemental-du-tourisme-hg,Candidature spontanée - Alternance Data / Science des données,9                  Comité Départemental du Tourisme HG,"31015, Toulouse",Candidature spontanée,,,2026-09-14T14:47:40.000Z,,Débutant accepté,,"Le Comité Départemental du Tourisme HG est une structure basée à Toulouse, active dans le secteur du tourisme. Bien que les détails spécifiques sur ses activités ne soient pas fournis, son nom suggère un engagement dans la promotion et le développement du tourisme dans la région. Je suis intéressé par une alternance en science des données et intelligence artificielle au sein de votre organisation.",
SPONT-0-sogeti-high-tech,Candidature spontanée - Alternance Data / Science des données,0                                     SOGETI HIGH TECH,"31703, Toulouse",Candidature spontanée,,,2026-09-14T14:47:40.000Z,,Débutant accepté,,"SOGETI HIGH TECH est une structure basée à Toulouse, active dans le secteur suggéré par son nom/service. Bien que les détails spécifiques sur ses activités ne soient pas précisés, l'entreprise semble être impliquée dans des domaines liés à la technologie et à l'innovation. Je suis intéressé par une alternance en science des données et intelligence artificielle au sein de votre équipe.",
SPONT-1-association-diocesienne,Candidature spontanée - Alternance Data / Science des données,1                              Association Diocésienne,"31000, Toulouse",Candidature spontanée,,,2026-09-14T14:47:40.000Z,,Débutant accepté,,"L'Association Diocésienne est une structure basée à Toulouse. Bien que le service concerné ne soit pas précisé, son nom suggère une implication dans des activités liées à la communauté et au soutien social. Je suis intéressé par une alternance en science des données et intelligence artificielle au sein de votre organisation.",
SPONT-2-edf-gdf-toulouse,Candidature spontanée - Alternance Data / Science des données,2                                     EDF-GDF Toulouse,"31007, Toulouse",Candidature spontanée,,,2026-09-14T14:47:40.000Z,,Débutant accepté,,"Structure basée à Toulouse, active dans le secteur suggéré par son nom/service. Bien que les détails spécifiques sur ses activités ne soient pas précisés, l'entreprise semble évoluer dans un environnement lié à l'énergie. Je suis intéressé par une opportunité d'alternance en science des données et intelligence artificielle au sein de votre équipe.",
SPONT-3-institut-de-recherche-pierre-fabre,Candidature spontanée - Alternance Data / Science des données,3                   Institut de Recherche Pierre Fabre,"31025, Toulouse",Candidature spontanée,,,2026-09-14T14:47:40.000Z,,Débutant accepté,,"3 Institut de Recherche Pierre Fabre est une structure basée à Toulouse, active dans le secteur de la recherche. Bien que les détails spécifiques sur ses activités ne soient pas précisés, l'institut semble s'inscrire dans un domaine lié à la santé ou aux sciences. Je suis intéressé par une alternance en science des données et intelligence artificielle au sein de votre équipe.",
SPONT-4-ass-audoise-deconomie-montagnarde-et-d,Candidature spontanée - Alternance Data / Science des données,4     Ass. Audoise dEconomie Montagnarde et Dév. Local,"31500, Toulouse",Candidature spontanée,,,2026-09-14T14:47:40.000Z,,Débutant accepté,,"La 4 Ass. Audoise dEconomie Montagnarde et Dév. Local est une structure basée à Toulouse, active dans le secteur suggéré par son nom. Bien que les détails sur ses activités ne soient pas précisés, elle semble engagée dans le développement local et l'économie montagnarde. Je suis intéressé par une alternance en science des données et intelligence artificielle au sein de votre organisation.",
SPONT-5-labo-neurologie-et-comportement,Candidature spontanée - Alternance Data / Science des données,5                     Labo. Neurologie et Comportement,"31062, Toulouse",Candidature spontanée,,,2026-09-14T14:47:40.000Z,,Débutant accepté,,"5 Labo. Neurologie et Comportement est une structure basée à Toulouse, active dans le secteur de la neurologie et du comportement. Bien que les détails spécifiques sur ses activités ne soient pas fournis, son nom suggère un intérêt pour la recherche et l'analyse dans ces domaines. Je suis intéressé par une alternance qui pourrait contribuer à ces thématiques.",
SPONT-6-laboratoire-edb,Candidature spontanée - Alternance Data / Science des données,6                                      Laboratoire EDB,"31062, Toulouse",Candidature spontanée,,,2026-09-14T14:47:40.000Z,,Débutant accepté,,"Le Laboratoire EDB est une structure basée à Toulouse, active dans le secteur suggéré par son nom. Bien que les détails sur ses activités ne soient pas précisés, il est probable qu'il soit impliqué dans des recherches ou des projets liés aux sciences des données et à l'intelligence artificielle. Je suis intéressé par une alternance au sein de votre équipe pour contribuer à vos projets et développer mes compétences dans ce domaine.",
SPONT-7-conseil-general-de-la-haute-garonne,Candidature spontanée - Alternance Data / Science des données,7                  Conseil General de la Haute-Garonne,"31090, Toulouse",Candidature spontanée,,,2026-09-14T14:47:40.000Z,,Débutant accepté,,"Le Conseil Général de la Haute-Garonne est une structure basée à Toulouse. Bien que les informations sur ses activités spécifiques ne soient pas précisées, son nom suggère un engagement dans des services publics et des initiatives locales. Je suis intéressé par une alternance en science des données et intelligence artificielle au sein de cette organisation.",
SPONT-8-minist-economie-et-finances,Candidature spontanée - Alternance Data / Science des données,8                         Minist. Economie et Finances,Toulouse,Candidature spontanée,,,2026-09-14T14:47:40.000Z,,Débutant accepté,,"Structure basée à Toulouse, active dans le secteur de l'économie et des finances. Elle est rattachée à la Direction de la Prévision et des Statistiques. Les activités précises de l'entreprise ne sont pas spécifiées, mais elle semble impliquer des analyses et des prévisions dans le domaine économique.",
SPONT-9-semidias,Candidature spontanée - Alternance Data / Science des données,9                                             SEMIDIAS,"31770, Toulouse",Candidature spontanée,,,2026-09-14T14:47:40.000Z,,Débutant accepté,,"9 SEMIDIAS est une structure basée à Toulouse, active dans le secteur suggéré par son nom/service. Bien que les détails spécifiques sur ses activités ne soient pas fournis, l'entreprise semble être impliquée dans des domaines liés à la science des données et à l'intelligence artificielle. Je suis intéressé par une opportunité d'alternance au sein de votre équipe.",
SPONT-0-ateliers-doccitanie,Candidature spontanée - Alternance Data / Science des données,0                                  Ateliers dOccitanie,"31000, Toulouse",Candidature spontanée,,,2026-09-14T14:47:40.000Z,,Débutant accepté,,"0 Ateliers dOccitanie est une structure basée à Toulouse, active dans le secteur suggéré par son nom/service. Bien que les détails spécifiques sur ses activités ne soient pas précisés, l'entreprise semble engagée dans des initiatives locales. Je suis intéressé par une alternance en science des données et intelligence artificielle au sein de votre équipe.",
SPONT-1-siemens-vdo-automotive-s-a-s,Candidature spontanée - Alternance Data / Science des données,1                        Siemens VDO Automotive S.A.S.,"31036, Toulouse",Candidature spontanée,,,2026-09-14T14:47:40.000Z,,Débutant accepté,,"Siemens VDO Automotive S.A.S. est une structure basée à Toulouse, active dans le secteur suggéré par son nom/service. Bien que les détails spécifiques sur ses activités ne soient pas précisés, l'entreprise semble être impliquée dans des domaines liés à l'automobile et à la technologie. Je suis intéressé par une alternance en science des données et intelligence artificielle au sein de votre équipe.",
SPONT-2-insee-toulouse,Candidature spontanée - Alternance Data / Science des données,2                                       INSEE Toulouse,"31054, Toulouse",Candidature spontanée,,,2026-09-14T14:47:40.000Z,,Débutant accepté,,"2 INSEE Toulouse est une structure basée à Toulouse, active dans le secteur suggéré par son nom/service. Bien que les détails spécifiques sur ses activités ne soient pas précisés, elle semble être impliquée dans des domaines liés à la science des données et à l'intelligence artificielle. Je suis intéressé par une alternance au sein de cette entreprise pour contribuer à ses projets et développer mes compétences.",
SPONT-3-csi-sa,Candidature spontanée - Alternance Data / Science des données,3                                               CSI SA,"31500, Toulouse",Candidature spontanée,,,2026-09-14T14:47:40.000Z,,Débutant accepté,,"3 CSI SA est une structure basée à Toulouse. Les informations disponibles sur son service concerné ne sont pas précisées, ce qui laisse supposer une activité dans un secteur lié à son nom. Je suis intéressé par une alternance en science des données et intelligence artificielle au sein de votre entreprise.",
SPONT-4-mairie-de-toulouse,Candidature spontanée - Alternance Data / Science des données,4                                   Mairie de Toulouse,"31200, Toulouse",Candidature spontanée,,,2026-09-14T14:47:40.000Z,,Débutant accepté,,"La Mairie de Toulouse est une structure basée à Toulouse, active dans le secteur public. Bien que les services spécifiques ne soient pas précisés, elle joue un rôle important dans la gestion et le développement de la ville. Je suis intéressé par une alternance en science des données et intelligence artificielle au sein de cette institution.",
SPONT-5-dir-regionale-industrie-recherche-et-e,Candidature spontanée - Alternance Data / Science des données,5           Dir. Régionale Industrie Recherche et Env.,"31107, Toulouse",Candidature spontanée,,,2026-09-14T14:47:40.000Z,,Débutant accepté,,"5 Dir. Régionale Industrie Recherche et Env. est une structure basée à Toulouse, active dans le secteur suggéré par son nom et son service. Bien que les détails spécifiques sur ses activités ne soient pas fournis, l'entreprise semble s'intéresser à des domaines liés à l'industrie, la recherche et l'environnement. Je suis motivé à contribuer à ses projets en science des données et intelligence artificielle.",
SPONT-6-erdf,Candidature spontanée - Alternance Data / Science des données,6                                                 ErDF,"30901, Nîmes",Candidature spontanée,,,2026-09-14T14:47:40.000Z,,Débutant accepté,,"6 ErDF est une structure basée à Nîmes, active dans le secteur suggéré par son nom/service. Bien que les informations sur ses activités spécifiques ne soient pas précisées, l'entreprise semble évoluer dans un domaine lié à l'énergie ou aux infrastructures. Je suis intéressé par une alternance en science des données et intelligence artificielle au sein de votre équipe.",
SPONT-7-adil-saint-brieux,Candidature spontanée - Alternance Data / Science des données,7                                    ADIL Saint-Brieux,St Brieuc Cedex,Candidature spontanée,,,2026-09-14T14:47:40.000Z,,Débutant accepté,,"7 ADIL Saint-Brieux est une structure basée à St Brieuc Cedex, active dans le secteur suggéré par son nom/service. Bien que les détails spécifiques sur ses activités ne soient pas précisés, l'entreprise semble œuvrer dans un domaine lié à l'accompagnement et à l'information. Je suis intéressé par une alternance en science des données et intelligence artificielle au sein de votre équipe.",
SPONT-8-credit-mutuel-de-bretagne-d-d-des-cote,Candidature spontanée - Alternance Data / Science des données,8    Crédit Mutuel de Bretagne - D.D. des Côtes dArmor,"22001, St Brieuc Cedex",Candidature spontanée,,,2026-09-14T14:47:40.000Z,,Débutant accepté,,"Le Crédit Mutuel de Bretagne - D.D. des Côtes d'Armor est une structure basée à St Brieuc Cedex, active dans le secteur bancaire. Bien que les détails spécifiques sur ses activités ne soient pas précisés, l'entreprise est impliquée dans des services financiers, ce qui suggère un intérêt pour l'innovation et les technologies liées à la gestion des données. Je suis motivé à contribuer à ses projets en science des données et intelligence artificielle.",
SPONT-9-electricite-de-france-cnpe-de-golfech,Candidature spontanée - Alternance Data / Science des données,9              Electricité de France - CNPE de Golfech,"82400, Valence",Candidature spontanée,,,2026-09-14T14:47:40.000Z,,Débutant accepté,,"9 Electricité de France - CNPE de Golfech est une structure basée à Valence, active dans le secteur de l'électricité. Bien que les détails spécifiques sur ses activités ne soient pas précisés, l'entreprise semble être impliquée dans des opérations liées à la production ou à la gestion de l'énergie. Je suis intéressé par une alternance en science des données et intelligence artificielle au sein de cette entreprise.",
SPONT-0-caisse-depargne-loire-drome-ardeche,Candidature spontanée - Alternance Data / Science des données,0                  Caisse dEpargne Loire-Drôme-Ardèche,"26000, Valence",Candidature spontanée,,,2026-09-14T14:47:40.000Z,,Débutant accepté,,"La Caisse d'Epargne Loire-Drôme-Ardèche est une structure basée à Valence, active dans le secteur bancaire. Elle propose des services financiers variés, bien que les détails spécifiques sur ses activités ne soient pas précisés. Je suis intéressé par une alternance en science des données et intelligence artificielle au sein de votre entreprise.",
SPONT-1-dde-de-la-lozere,Candidature spontanée - Alternance Data / Science des données,1                                     DDE de la Lozère,"48000, Mende",Candidature spontanée,,,2026-09-14T14:47:40.000Z,,Débutant accepté,,"La DDE de la Lozère est une structure basée à Mende, active dans le secteur suggéré par son nom. Bien que les détails spécifiques sur ses activités ne soient pas précisés, elle semble jouer un rôle dans la gestion et le développement des infrastructures locales. Je suis intéressé par une alternance en science des données et intelligence artificielle au sein de cette organisation.",
SPONT-2-claritas,Candidature spontanée - Alternance Data / Science des données,2                                             CLARITAS,"48000, Mende",Candidature spontanée,,,2026-09-14T14:47:40.000Z,,Débutant accepté,,"Claritas est une structure basée à Mende, active dans le secteur suggéré par son nom/service. Bien que les détails spécifiques sur ses activités ne soient pas précisés, l'entreprise semble évoluer dans un domaine lié à la science des données et à l'intelligence artificielle. Je suis intéressé par une alternance qui me permettrait de contribuer à ses projets tout en développant mes compétences.",
SPONT-3-ddaf-de-la-lozere,Candidature spontanée - Alternance Data / Science des données,3                                    DDAF de la Lozère,"48000, Mende",Candidature spontanée,,,2026-09-14T14:47:40.000Z,,Débutant accepté,,"3 DDAF de la Lozère est une structure basée à Mende, active dans le secteur suggéré par son nom/service. Bien que les détails spécifiques sur ses activités ne soient pas fournis, elle semble jouer un rôle dans le domaine administratif ou public. Je suis intéressé par une alternance en science des données et intelligence artificielle au sein de votre organisation.",
SPONT-michelin-manufacture-francaise-des-pneum,Candidature spontanée - Alternance Data / Science des données,MICHELIN - Manufacture française des pneumatiques,"63040, Mende",Candidature spontanée,,,2026-09-14T14:47:40.000Z,,Débutant accepté,,"MICHELIN est une structure basée à Mende, active dans le secteur suggéré par son nom, la manufacture de pneumatiques. Bien que les détails spécifiques sur ses activités ne soient pas précisés, l'entreprise est reconnue pour son expertise dans ce domaine. Je suis intéressé par une alternance en science des données et intelligence artificielle au sein de votre équipe.",
SPONT-dde,Candidature spontanée - Alternance Data / Science des données,DDE,Mende,Candidature spontanée,,,2026-09-14T14:47:40.000Z,,Débutant accepté,,"DDE est une structure basée à Mende, active dans le secteur suggéré par son nom/service. Les informations spécifiques sur ses activités, ses projets ou ses technologies ne sont pas disponibles. Cependant, je suis intéressé par une alternance en science des données et intelligence artificielle au sein de votre entreprise.",
SPONT-conseil-general-de-la-lozere,Candidature spontanée - Alternance Data / Science des données,Conseil général de la Lozère,"48001, Mende",Candidature spontanée,,,2026-09-14T14:47:40.000Z,,Débutant accepté,,"Le Conseil général de la Lozère est une structure basée à Mende, active dans le secteur public. Bien que les informations sur ses activités spécifiques ne soient pas précisées, il est probable qu'elle soit impliquée dans des missions liées à la gestion et au développement local. Je souhaite proposer mes compétences en science des données et intelligence artificielle pour contribuer à ses projets.",
SPONT-7-coriolis-sarl,Candidature spontanée - Alternance Data / Science des données,7                                        CORIOLIS SARL,"48000, Mende",Candidature spontanée,,,2026-09-14T14:47:40.000Z,,Débutant accepté,,"7 CORIOLIS SARL est une structure basée à Mende. Les informations disponibles ne précisent pas le service concerné, mais l'entreprise semble active dans un secteur suggéré par son nom. Je suis intéressé par une alternance en science des données et intelligence artificielle au sein de votre équipe.",
SPONT-8-sud-regal,Candidature spontanée - Alternance Data / Science des données,8                                            SUD REGAL,"11200, Mende",Candidature spontanée,,,2026-09-14T14:47:40.000Z,,Débutant accepté,,"8 SUD REGAL est une structure basée à Mende, active dans le secteur suggéré par son nom/service. Bien que les détails spécifiques sur ses activités ne soient pas précisés, l'entreprise semble avoir un lien avec des domaines liés à la science des données et à l'intelligence artificielle. Je suis intéressé par une alternance qui pourrait contribuer à ses projets et à son développement.",
SPONT-9-centre-detudes-de-grammat,Candidature spontanée - Alternance Data / Science des données,9                            Centre dEtudes de Grammat,"46500, Grammat",Candidature spontanée,,,2026-09-14T14:47:40.000Z,,Débutant accepté,,"9, Centre dEtudes de Grammat, est une structure basée à Grammat, active dans le secteur suggéré par son nom. Bien que les détails spécifiques sur ses activités ne soient pas fournis, l'entreprise semble s'intéresser à des domaines liés à l'analyse et à l'étude. Je suis motivé à contribuer à ses projets en science des données et intelligence artificielle.",
SPONT-0-plastic-auvergne,Candidature spontanée - Alternance Data / Science des données,0                                     Plastic Auvergne,"63250, Celles-sur-Durolle",Candidature spontanée,,,2026-09-14T14:47:40.000Z,,Débutant accepté,,"Plastic Auvergne est une structure basée à Celles-sur-Durolle, active dans le secteur suggéré par son nom. Bien que les détails spécifiques sur ses activités ne soient pas précisés, l'entreprise semble évoluer dans le domaine de la plasturgie. Je suis intéressé par une alternance en science des données et intelligence artificielle au sein de votre entreprise.",
SPONT-1-inra-de-narbonne,Candidature spontanée - Alternance Data / Science des données,1                                     INRA de Narbonne,"11000, Narbonne",Candidature spontanée,,,2026-09-14T14:47:40.000Z,,Débutant accepté,,"L'INRA de Narbonne est une structure basée à Narbonne, active dans le secteur suggéré par son nom/service. Bien que les détails spécifiques sur ses activités ne soient pas précisés, l'institut est généralement impliqué dans la recherche et l'innovation. Je suis intéressé par une alternance en science des données et intelligence artificielle au sein de votre établissement.",
SPONT-2-narbonne-accessoires-s-a,Candidature spontanée - Alternance Data / Science des données,2                            Narbonne Accessoires S.A.,"11000, Narbonne",Candidature spontanée,,,2026-09-14T14:47:40.000Z,,Débutant accepté,,"Narbonne Accessoires S.A. est une structure basée à Narbonne, active dans le secteur suggéré par son nom. Bien que les détails spécifiques sur ses activités ne soient pas précisés, l'entreprise semble évoluer dans un domaine lié à l'accessoire. Je suis intéressé par une alternance en science des données et intelligence artificielle au sein de votre entreprise.",
SPONT-3-dde-de-narbonne,Candidature spontanée - Alternance Data / Science des données,3                                      DDE de Narbonne,"11000, Narbonne",Candidature spontanée,,,2026-09-14T14:47:40.000Z,,Débutant accepté,,"3 DDE de Narbonne est une structure basée à Narbonne, active dans le secteur suggéré par son nom/service. Bien que les détails spécifiques sur ses activités ne soient pas précisés, l'entreprise semble être impliquée dans des domaines liés à la gestion des données. Je suis intéressé par une alternance en science des données et intelligence artificielle au sein de votre équipe.",
SPONT-4-clinique-les-genets,Candidature spontanée - Alternance Data / Science des données,4                                  Clinique Les Genêts,"11100, Narbonne",Candidature spontanée,,,2026-09-14T14:47:40.000Z,,Débutant accepté,,"La Clinique Les Genêts est une structure basée à Narbonne, active dans le secteur de la santé. Bien que les informations sur ses services spécifiques ne soient pas précisées, elle semble s'inscrire dans un domaine où l'analyse des données et l'intelligence artificielle pourraient jouer un rôle significatif. Je suis intéressé par une alternance en science des données pour contribuer à des projets innovants au sein de votre établissement.",
SPONT-5-france-telecom-narbonne,Candidature spontanée - Alternance Data / Science des données,5                              France Télécom Narbonne,"11108, Narbonne",Candidature spontanée,,,2026-09-14T14:47:40.000Z,,Débutant accepté,,"5 France Télécom Narbonne est une structure basée à Narbonne, active dans le secteur des télécommunications. Bien que les informations sur ses services spécifiques ne soient pas précisées, l'entreprise semble évoluer dans un domaine lié à la technologie et à la communication. Je suis intéressé par une alternance en science des données et intelligence artificielle au sein de votre équipe.",
SPONT-6-groupe-credit-mutuel-arkea,Candidature spontanée - Alternance Data / Science des données,6                           Groupe Crédit Mutuel ARKEA,"29480, Narbonne",Candidature spontanée,,,2026-09-14T14:47:40.000Z,,Débutant accepté,,"Le Groupe Crédit Mutuel ARKEA est une structure basée à Narbonne, active dans le secteur bancaire et financier. Bien que les détails spécifiques sur ses services ne soient pas précisés, l'entreprise semble s'inscrire dans un contexte où l'innovation et la technologie jouent un rôle important. Je suis intéressé par une alternance en science des données et intelligence artificielle au sein de cette organisation.",
SPONT-7-aut-du-sud-france-narbonne,Candidature spontanée - Alternance Data / Science des données,7                        Aut. du Sud France - Narbonne,"11106, Narbonne",Candidature spontanée,,,2026-09-14T14:47:40.000Z,,Débutant accepté,,"7 est une structure basée à Narbonne, active dans le secteur suggéré par son nom/service. Bien que les détails spécifiques sur ses activités ne soient pas précisés, l'entreprise semble avoir un intérêt pour des domaines liés à la science des données et à l'intelligence artificielle. Je souhaite proposer ma candidature pour une alternance dans ce domaine afin de contribuer à ses projets.",
SPONT-8-techsia-s-a,Candidature spontanée - Alternance Data / Science des données,8                                         TECHSIA S.A.,"34940, Narbonne",Candidature spontanée,,,2026-09-14T14:47:40.000Z,,Débutant accepté,,"8 TECHSIA S.A. est une structure basée à Narbonne, active dans le secteur suggéré par son nom/service. Bien que les détails spécifiques sur ses activités ne soient pas précisés, l'entreprise semble évoluer dans un domaine lié aux technologies et à l'innovation. Je suis intéressé par une opportunité d'alternance en science des données et intelligence artificielle au sein de votre équipe.",
SPONT-9-auat,Candidature spontanée - Alternance Data / Science des données,9                                                 AUAT,"45120, Narbonne",Candidature spontanée,,,2026-09-14T14:47:40.000Z,,Débutant accepté,,"9 AUAT est une structure basée à Narbonne. Les informations disponibles sur son service concerné ne sont pas précisées, ce qui laisse supposer une activité dans un secteur suggéré par son nom. Je suis intéressé par une alternance en science des données et intelligence artificielle au sein de votre entreprise.",
SPONT-0-mairie-de-narbonne,Candidature spontanée - Alternance Data / Science des données,0                                   Mairie de Narbonne,"11100, Narbonne",Candidature spontanée,,,2026-09-14T14:47:40.000Z,,Débutant accepté,,"La Mairie de Narbonne est une structure basée à Narbonne, active dans le secteur public. Bien que les informations sur les services spécifiques ne soient pas précisées, elle joue un rôle essentiel dans la gestion et le développement de la ville. Je suis intéressé par une alternance en science des données et intelligence artificielle au sein de cette institution.",
SPONT-1-cr-agr-entreprises-narbonne,Candidature spontanée - Alternance Data / Science des données,1                        Cr. Agr. Entreprises Narbonne,"11100, Narbonne",Candidature spontanée,,,2026-09-14T14:47:40.000Z,,Débutant accepté,,"Structure basée à Narbonne, active dans le secteur suggéré par son nom/service. Bien que les détails spécifiques sur les activités de l'entreprise ne soient pas fournis, elle semble être impliquée dans des domaines liés aux entreprises agricoles. Je suis intéressé par une alternance en science des données et intelligence artificielle au sein de votre équipe.",
SPONT-2-civl,Candidature spontanée - Alternance Data / Science des données,2                                                 CIVL,"11100, Narbonne",Candidature spontanée,,,2026-09-14T14:47:40.000Z,,Débutant accepté,,"2 CIVL est une structure basée à Narbonne. Les informations disponibles sur son secteur d'activité et ses services ne sont pas précisées, mais son nom suggère une implication dans un domaine lié à la science des données ou à l'intelligence artificielle. Je suis intéressé par une alternance qui me permettrait de contribuer à des projets en lien avec ces thématiques.",
SPONT-cci-de-narbonne,Candidature spontanée - Alternance Data / Science des données,CCI de Narbonne,"11781, Narbonne",Candidature spontanée,,,2026-09-14T14:47:40.000Z,,Débutant accepté,,"La CCI de Narbonne est une structure basée à Narbonne, active dans le secteur suggéré par son nom. Elle est impliquée dans le développement économique et le soutien aux entreprises locales. Je suis intéressé par une alternance en science des données et intelligence artificielle au sein de cette institution.",
SPONT-4-adesea-du-lot,Candidature spontanée - Alternance Data / Science des données,4                                        ADESEA du Lot,"11100, Narbonne",Candidature spontanée,,,2026-09-14T14:47:40.000Z,,Débutant accepté,,"4 ADESEA du Lot est une structure basée à Narbonne, active dans le secteur suggéré par son nom/service. Bien que les détails sur ses activités ne soient pas précisés, l'entreprise semble avoir un lien avec des domaines liés à la science des données et à l'intelligence artificielle. Je suis intéressé par une alternance qui me permettrait de contribuer à ses projets tout en développant mes compétences dans ce domaine.",
SPONT-5-comurhex-usine-de-malvesi,Candidature spontanée - Alternance Data / Science des données,5                          Comurhex - Usine de Malvesi,"11100, Narbonne",Candidature spontanée,,,2026-09-14T14:47:40.000Z,,Débutant accepté,,"Comurhex - Usine de Malvesi est une structure basée à Narbonne, active dans le secteur suggéré par son nom/service. Bien que les détails spécifiques sur ses activités ne soient pas fournis, l'entreprise semble jouer un rôle dans un domaine lié à la science des données et à l'intelligence artificielle. Je suis intéressé par une alternance qui me permettrait de contribuer à ses projets tout en développant mes compétences.",
SPONT-6-centre-hospitalier-de-narbonne,Candidature spontanée - Alternance Data / Science des données,6                       Centre Hospitalier de Narbonne,"11108, Narbonne",Candidature spontanée,,,2026-09-14T14:47:40.000Z,,Débutant accepté,,"Le Centre Hospitalier de Narbonne est une structure basée à Narbonne, active dans le secteur de la santé. Bien que les informations sur ses services ne soient pas précisées, il est probable qu'il soit impliqué dans des activités liées aux soins et à l'accompagnement des patients. Je suis intéressé par une alternance en science des données et intelligence artificielle au sein de votre établissement.",
SPONT-7-association-trisomie-21-aude,Candidature spontanée - Alternance Data / Science des données,7                         Association Trisomie 21 AUDE,"11100, Narbonne",Candidature spontanée,,,2026-09-14T14:47:40.000Z,,Débutant accepté,,"L'Association Trisomie 21 AUDE est une structure basée à Narbonne, active dans le secteur suggéré par son nom. Bien que les détails sur ses activités spécifiques ne soient pas précisés, elle semble engagée dans des initiatives liées à la trisomie 21. Je suis intéressé par une alternance en science des données et intelligence artificielle au sein de votre organisation.",
SPONT-8-parifidex,Candidature spontanée - Alternance Data / Science des données,8                                            Parifidex,"60100, Narbonne",Candidature spontanée,,,2026-09-14T14:47:40.000Z,,Débutant accepté,,"Parifidex est une structure basée à Narbonne, active dans le secteur suggéré par son nom/service. Bien que les détails spécifiques sur ses activités ne soient pas précisés, l'entreprise semble évoluer dans un environnement propice à l'innovation et à l'analyse de données. Je suis intéressé par une alternance en science des données et intelligence artificielle au sein de votre équipe.",
SPONT-9-commissariat-central-de-narbonne,Candidature spontanée - Alternance Data / Science des données,9                     Commissariat central de Narbonne,"11100, Narbonne",Candidature spontanée,,,2026-09-14T14:47:40.000Z,,Débutant accepté,,"Le Commissariat central de Narbonne est une structure basée à Narbonne, active dans le secteur suggéré par son nom. Bien que les informations spécifiques sur ses activités ne soient pas précisées, il est probable qu'elle soit impliquée dans des missions liées à la sécurité ou à l'administration publique. Je souhaite proposer ma candidature pour une alternance en science des données et intelligence artificielle au sein de cette institution.",
SPONT-0-cerm-sa-centre-dessais-routiers,Candidature spontanée - Alternance Data / Science des données,0                    CERM SA - Centre dessais routiers,"11102, Narbonne",Candidature spontanée,,,2026-09-14T14:47:40.000Z,,Débutant accepté,,"CERM SA - Centre dessais routiers est une structure basée à Narbonne, active dans le secteur suggéré par son nom. Bien que les détails précis sur ses activités ne soient pas fournis, l'entreprise semble être impliquée dans des essais routiers. Je suis intéressé par une alternance dans le domaine de la science des données et de l'intelligence artificielle au sein de votre organisation.",
SPONT-1-vss-vitrage-de-securite-du-sud,Candidature spontanée - Alternance Data / Science des données,1                     VSS - Vitrage de Sécurité du Sud,"11100, Narbonne",Candidature spontanée,,,2026-09-14T14:47:40.000Z,,Débutant accepté,,"VSS - Vitrage de Sécurité du Sud est une structure basée à Narbonne, active dans le secteur suggéré par son nom. Bien que les détails spécifiques sur ses activités ne soient pas précisés, l'entreprise semble évoluer dans un domaine lié à la sécurité et au vitrage. Je suis intéressé par une alternance en science des données et intelligence artificielle au sein de votre équipe.",
SPONT-2-k-p-m-g,Candidature spontanée - Alternance Data / Science des données,2                                             K.P.M.G.,"11000, Narbonne",Candidature spontanée,,,2026-09-14T14:47:40.000Z,,Débutant accepté,,"K.P.M.G. est une structure basée à Narbonne, active dans le secteur suggéré par son nom/service. Bien que les détails spécifiques sur ses activités ne soient pas précisés, l'entreprise semble évoluer dans un environnement professionnel dynamique. Je suis intéressé par une alternance en science des données et intelligence artificielle au sein de votre équipe.",
SPONT-3-centr-reg-des-serv-financ-de-la-poste,Candidature spontanée - Alternance Data / Science des données,3            Centr. rég. des serv. financ. de La Poste,"45900, La Source Chèques",Candidature spontanée,,,2026-09-14T14:47:40.000Z,,Débutant accepté,,"3 Centr. rég. des serv. financ. de La Poste est une structure basée à La Source Chèques, active dans le secteur des services financiers. Bien que les détails spécifiques sur ses activités ne soient pas précisés, l'entreprise semble jouer un rôle dans le domaine financier. Je suis intéressé par une alternance en science des données et intelligence artificielle au sein de votre équipe.",
SPONT-4-mairie-de-castelnaudary,Candidature spontanée - Alternance Data / Science des données,4                              Mairie de Castelnaudary,"11491, Castelnaudary",Candidature spontanée,,,2026-09-14T14:47:40.000Z,,Débutant accepté,,"La Mairie de Castelnaudary est une structure basée à Castelnaudary, active dans le secteur public. Bien que les informations sur ses services ne soient pas précisées, elle est probablement impliquée dans la gestion et le développement de la commune. Je souhaite proposer mes compétences en science des données et intelligence artificielle pour contribuer à ses projets.",
SPONT-5-cci-dalbi,Candidature spontanée - Alternance Data / Science des données,5                                            CCI dAlbi,"81012, Castelnaudary",Candidature spontanée,,,2026-09-14T14:47:40.000Z,,Débutant accepté,,"La CCI d'Albi est une structure basée à Castelnaudary. Bien que les détails spécifiques sur ses activités ne soient pas précisés, elle opère dans le secteur suggéré par son nom. Je suis intéressé par une alternance en science des données et intelligence artificielle au sein de votre organisation.",
SPONT-6-a-n-p-e-aurillac,Candidature spontanée - Alternance Data / Science des données,6                                    A.N.P.E. Aurillac,"11405, Castelnaudary",Candidature spontanée,,,2026-09-14T14:47:40.000Z,,Débutant accepté,,"6 A.N.P.E. Aurillac est une structure basée à Castelnaudary, active dans le secteur suggéré par son nom/service. Bien que les détails spécifiques sur ses activités ne soient pas précisés, l'entreprise semble être impliquée dans des domaines liés à l'emploi et à l'accompagnement professionnel. Je suis intéressé par une alternance en science des données et intelligence artificielle au sein de votre équipe.",
SPONT-7-mairie-de-perpignan,Candidature spontanée - Alternance Data / Science des données,7                                  Mairie de Perpignan,"66000, Castelnaudary",Candidature spontanée,,,2026-09-14T14:47:40.000Z,,Débutant accepté,,"La Mairie de Perpignan est une structure basée à Castelnaudary, active dans le secteur public. Bien que les informations sur ses services spécifiques ne soient pas précisées, elle joue un rôle important dans la gestion et le développement de la communauté locale. Je suis intéressé par une alternance en science des données et intelligence artificielle au sein de cette institution.",
SPONT-8-domaine-des-deux-terres,Candidature spontanée - Alternance Data / Science des données,8                              Domaine des deux Terres,"11700, Castelnaudary",Candidature spontanée,,,2026-09-14T14:47:40.000Z,,Débutant accepté,,"Structure basée à Castelnaudary, active dans le secteur suggéré par son nom/service. Bien que les détails spécifiques sur ses activités ne soient pas précisés, l'entreprise semble évoluer dans un domaine lié aux sciences des données et à l'intelligence artificielle. Je suis intéressé par une opportunité d'alternance pour contribuer à ses projets.",
SPONT-9-la-poste-castelnaudary,Candidature spontanée - Alternance Data / Science des données,9                               La Poste Castelnaudary,"11400, Castelnaudary",Candidature spontanée,,,2026-09-14T14:47:40.000Z,,Débutant accepté,,"La Poste Castelnaudary est une structure basée à Castelnaudary, active dans le secteur suggéré par son nom. Bien que les informations sur ses services spécifiques ne soient pas précisées, elle est probablement impliquée dans des activités liées à la logistique et à la distribution. Je suis intéressé par une alternance en science des données et intelligence artificielle au sein de votre entreprise.",
SPONT-0-capitole-finance,Candidature spontanée - Alternance Data / Science des données,0                                     Capitole Finance,"31300, Castelnaudary",Candidature spontanée,,,2026-09-14T14:47:40.000Z,,Débutant accepté,,"Capitole Finance est une structure basée à Castelnaudary, active dans le secteur suggéré par son nom. Bien que les détails sur ses activités spécifiques ne soient pas précisés, l'entreprise semble évoluer dans un environnement financier. Je suis intéressé par une alternance en science des données et intelligence artificielle au sein de votre équipe.",
SPONT-1-groupe-cooperatif-occitan,Candidature spontanée - Alternance Data / Science des données,1                            Groupe Coopératif Occitan,"11407, Castelnaudary",Candidature spontanée,,,2026-09-14T14:47:40.000Z,,Débutant accepté,,"Le Groupe Coopératif Occitan est une structure basée à Castelnaudary. Bien que les détails sur ses activités ne soient pas précisés, son nom suggère une implication dans le secteur coopératif. Je suis intéressé par une alternance en science des données et intelligence artificielle au sein de votre entreprise.",
SPONT-2-arca,Candidature spontanée - Alternance Data / Science des données,2                                                 ARCA,"11400, Castelnaudary",Candidature spontanée,,,2026-09-14T14:47:40.000Z,,Débutant accepté,,"2 ARCA est une structure basée à Castelnaudary, active dans le secteur suggéré par son nom/service. Bien que les détails concernant ses activités ne soient pas précisés, l'entreprise semble ouverte à des initiatives dans le domaine de la science des données et de l'intelligence artificielle. Je souhaite proposer ma candidature pour une alternance afin de contribuer à ses projets futurs.",
SPONT-3-anpe-delegation-departementale,Candidature spontanée - Alternance Data / Science des données,3                     ANPE - Délégation départementale,"11405, Castelnaudary",Candidature spontanée,,,2026-09-14T14:47:40.000Z,,Débutant accepté,,"3 ANPE - Délégation départementale est une structure basée à Castelnaudary, active dans le secteur suggéré par son nom. Bien que les détails spécifiques sur ses activités ne soient pas précisés, elle semble œuvrer dans le domaine de l'emploi et des services associés. Je suis intéressé par une alternance en science des données et intelligence artificielle au sein de votre organisation.",
SPONT-4-observatoire-de-lintegration-et-de-la-,Candidature spontanée - Alternance Data / Science des données,4          Observatoire de lIntégration et de la ville,"67000, Strasbourg",Candidature spontanée,,,2026-09-14T14:47:40.000Z,,Débutant accepté,,"4 Observatoire de lIntégration et de la ville est une structure basée à Strasbourg, active dans le secteur suggéré par son nom. Bien que les détails spécifiques sur ses activités ne soient pas fournis, l'entreprise semble s'intéresser à des thématiques liées à l'intégration et à l'urbanisme. Je suis motivé à contribuer à ses projets en science des données et intelligence artificielle.",
SPONT-5-region-alsace,Candidature spontanée - Alternance Data / Science des données,5                                        Région Alsace,"67000, Strasbourg",Candidature spontanée,,,2026-09-14T14:47:40.000Z,,Débutant accepté,,"Structure basée à Strasbourg, active dans le secteur suggéré par son nom/service. Située au 35 av de la Paix, l'entreprise semble ouverte à des initiatives en lien avec la science des données et l'intelligence artificielle. Je souhaite proposer ma candidature pour une alternance afin de contribuer à ses projets.",
SPONT-6-centre-hospitalier-de-poissy,Candidature spontanée - Alternance Data / Science des données,6                         Centre Hospitalier de Poissy,"78303, Poissy Cedex",Candidature spontanée,,,2026-09-14T14:47:40.000Z,,Débutant accepté,,"Le Centre Hospitalier de Poissy, situé à Poissy Cedex, est une structure active dans le secteur de la santé. Bien que les informations sur les services spécifiques ne soient pas précisées, l'établissement est susceptible d'être impliqué dans des activités liées aux soins et à l'accompagnement des patients. Je souhaite proposer mes compétences en science des données et en intelligence artificielle pour contribuer à ses missions.",
SPONT-7-mairie-de-montmagny,Candidature spontanée - Alternance Data / Science des données,7                                  Mairie de Montmagny,"95360, Montmagny",Candidature spontanée,,,2026-09-14T14:47:40.000Z,,Débutant accepté,,"La Mairie de Montmagny est une structure basée à Montmagny, active dans le secteur public. Bien que les informations sur ses services spécifiques ne soient pas précisées, elle est susceptible de s'engager dans des initiatives liées à la gestion des données et à l'amélioration des services pour les citoyens. Je souhaite proposer mes compétences en science des données et en intelligence artificielle pour contribuer à ses projets.",
SPONT-labinial,Candidature spontanée - Alternance Data / Science des données,LABINIAL,"31702, Blagnac",Candidature spontanée,,,2026-09-14T14:47:40.000Z,,Débutant accepté,,"LABINIAL est une structure basée à Blagnac, active dans le secteur suggéré par son nom/service. Bien que les détails spécifiques sur ses activités ne soient pas précisés, l'entreprise semble s'inscrire dans un domaine lié aux sciences des données et à l'intelligence artificielle. Je suis intéressé par une opportunité d'alternance au sein de votre équipe.",
SPONT-9-sna-sud,Candidature spontanée - Alternance Data / Science des données,9                                              SNA/Sud,"31703, Blagnac",Candidature spontanée,,,2026-09-14T14:47:40.000Z,,Débutant accepté,,"9 SNA/Sud est une structure basée à Blagnac, active dans le secteur suggéré par son nom/service. Bien que les détails spécifiques sur ses activités ne soient pas précisés, l'entreprise semble être impliquée dans des domaines liés à la science des données et à l'intelligence artificielle. Je suis intéressé par une alternance qui me permettrait de contribuer à ses projets tout en développant mes compétences.",
SPONT-0-airbus-france-usine-st-martin-est-engi,Candidature spontanée - Alternance Data / Science des données,0       AIRBUS France-Usine St Martin Est- Engineering,"31707, Blagnac",Candidature spontanée,,,2026-09-14T14:47:40.000Z,,Débutant accepté,,"AIRBUS France-Usine St Martin Est- Engineering est une structure basée à Blagnac, active dans le secteur de l'ingénierie aéronautique. Bien que les détails spécifiques sur ses activités ne soient pas fournis, l'entreprise est impliquée dans des domaines liés à l'aéronautique et à l'ingénierie. Je suis intéressé par une alternance en science des données et intelligence artificielle au sein de cette entreprise.",
SPONT-1-inra-gruissan-station-experim-de-pech-,Candidature spontanée - Alternance Data / Science des données,1       INRA Gruissan - Station expérim. de Pech-Rouge,"11430, Gruissan",Candidature spontanée,,,2026-09-14T14:47:40.000Z,,Débutant accepté,,"L'INRA Gruissan - Station expérimentale de Pech-Rouge est une structure basée à Gruissan, active dans le secteur de la recherche agronomique. Elle se consacre à des travaux expérimentaux, bien que les détails spécifiques de ses activités ne soient pas précisés. Je suis intéressé par une alternance en science des données et intelligence artificielle au sein de cette institution.",
SPONT-2-stbl-guiraud-freres,Candidature spontanée - Alternance Data / Science des données,2                                  STBL Guiraud Frères,"11400, Lasbordes",Candidature spontanée,,,2026-09-14T14:47:40.000Z,,Débutant accepté,,"STBL Guiraud Frères est une structure basée à Lasbordes, active dans le secteur suggéré par son nom/service. Bien que les détails spécifiques sur ses activités ne soient pas fournis, l'entreprise semble avoir un intérêt pour des domaines liés à la science des données et à l'intelligence artificielle. Je suis motivé à contribuer à ses projets et à développer mes compétences dans ce domaine.",
SPONT-3-edf-gdf-services-gard-cevennes,Candidature spontanée - Alternance Data / Science des données,3                       EDF-GDF services Gard-Cévennes,"30900, Nîmes",Candidature spontanée,,,2026-09-14T14:47:40.000Z,,Débutant accepté,,"3 EDF-GDF services Gard-Cévennes est une structure basée à Nîmes, active dans le secteur suggéré par son nom/service. Bien que les détails spécifiques sur ses activités ne soient pas fournis, l'entreprise semble être impliquée dans des services liés à l'énergie. Je suis intéressé par une alternance en science des données et intelligence artificielle au sein de votre équipe.",
SPONT-4-generale-de-restauration-cuisine-centr,Candidature spontanée - Alternance Data / Science des données,4          Générale de Restauration - Cuisine centrale,"30931, Nîmes",Candidature spontanée,,,2026-09-14T14:47:40.000Z,,Débutant accepté,,"4 Générale de Restauration - Cuisine centrale est une structure basée à Nîmes, active dans le secteur de la restauration. Bien que les détails spécifiques sur ses activités ne soient pas fournis, son nom suggère une implication dans la gestion de services alimentaires. Je suis intéressé par une alternance en science des données et intelligence artificielle au sein de votre entreprise.",
SPONT-5-cevenole-de-protection,Candidature spontanée - Alternance Data / Science des données,5                               CEVENOLE de PROTECTION,"30900, Nîmes",Candidature spontanée,,,2026-09-14T14:47:40.000Z,,Débutant accepté,,"5 CEVENOLE de PROTECTION est une structure basée à Nîmes, active dans le secteur suggéré par son nom/service. Bien que les détails spécifiques sur ses activités ne soient pas précisés, l'entreprise semble œuvrer dans un domaine lié à la protection. Je suis intéressé par une alternance en science des données et intelligence artificielle au sein de votre équipe.",
SPONT-6-crca-du-gard,Candidature spontanée - Alternance Data / Science des données,6                                         CRCA du Gard,"30007, Nîmes",Candidature spontanée,,,2026-09-14T14:47:40.000Z,,Débutant accepté,,"6 CRCA du Gard est une structure basée à Nîmes, active dans le secteur suggéré par son nom/service. Les informations disponibles sur ses activités spécifiques ne sont pas précisées. Cependant, je suis intéressé par une opportunité d'alternance en science des données et intelligence artificielle au sein de votre entreprise.",
SPONT-7-brl-ingenierie,Candidature spontanée - Alternance Data / Science des données,7                                       BRL Ingenierie,"30000, Nîmes",Candidature spontanée,,,2026-09-14T14:47:40.000Z,,Débutant accepté,,"7 BRL Ingenierie est une structure basée à Nîmes, active dans le secteur suggéré par son nom/service. Bien que les détails spécifiques sur ses activités ne soient pas précisés, l'entreprise semble évoluer dans un domaine lié à l'ingénierie. Je suis intéressé par une opportunité d'alternance en science des données et intelligence artificielle au sein de votre équipe.",
SPONT-8-code-30-cci-de-nimes-et-ales,Candidature spontanée - Alternance Data / Science des données,8                       CODE 30 - CCI de Nîmes et Alès,"30032, Nîmes",Candidature spontanée,,,2026-09-14T14:47:40.000Z,,Débutant accepté,,"8 CODE 30 - CCI de Nîmes et Alès est une structure basée à Nîmes. Bien que les informations sur ses services ne soient pas précisées, elle semble active dans le secteur suggéré par son nom. Je suis intéressé par une alternance en science des données et intelligence artificielle au sein de votre entreprise.",
SPONT-9-arges-loudes,Candidature spontanée - Alternance Data / Science des données,9                                         Arges Loudes,"30900, Nîmes",Candidature spontanée,,,2026-09-14T14:47:40.000Z,,Débutant accepté,,"9 Arges Loudes est une structure basée à Nîmes. Les informations disponibles sur ses activités et son secteur d'intervention ne sont pas précisées. Cependant, le nom de l'entreprise suggère une implication dans des domaines liés à la science des données ou à l'intelligence artificielle.",
SPONT-0-asc2i-nimes,Candidature spontanée - Alternance Data / Science des données,0                                          ASC2i Nîmes,"30000, Nîmes",Candidature spontanée,,,2026-09-14T14:47:40.000Z,,Débutant accepté,,"ASC2i Nîmes est une structure basée à Nîmes, active dans le secteur suggéré par son nom/service. Bien que les détails spécifiques sur ses activités ne soient pas précisés, l'entreprise semble s'inscrire dans un domaine lié à la technologie et à l'innovation. Je suis intéressé par une alternance en science des données et intelligence artificielle au sein de votre équipe.",
SPONT-1-chambre-dagriculture-du-gard,Candidature spontanée - Alternance Data / Science des données,1                         Chambre dAgriculture du Gard,"30000, Nîmes",Candidature spontanée,,,2026-09-14T14:47:40.000Z,,Débutant accepté,,"La Chambre d'Agriculture du Gard est une structure basée à Nîmes, active dans le secteur suggéré par son nom. Bien que les détails sur ses activités spécifiques ne soient pas précisés, elle est probablement impliquée dans des initiatives liées à l'agriculture et au développement rural. Je suis intéressé par une alternance en science des données et intelligence artificielle au sein de cette organisation.",
SPONT-2-andre,Candidature spontanée - Alternance Data / Science des données,2                                                ANDRE,"30900, Nîmes",Candidature spontanée,,,2026-09-14T14:47:40.000Z,,Débutant accepté,,"2 ANDRE est une structure basée à Nîmes, dont le service concerné n'est pas précisé. Bien que les détails sur ses activités ne soient pas disponibles, l'entreprise semble active dans un secteur lié à son nom. Je suis intéressé par une alternance en science des données et intelligence artificielle au sein de votre organisation.",
SPONT-statitec,Candidature spontanée - Alternance Data / Science des données,STATITEC,"31682, Nîmes",Candidature spontanée,,,2026-09-14T14:47:40.000Z,,Débutant accepté,,"STATITEC est une structure basée à Nîmes, active dans le secteur suggéré par son nom/service. Bien que les détails spécifiques sur ses activités ne soient pas fournis, l'entreprise semble évoluer dans un domaine lié à la science des données et à l'intelligence artificielle. Je suis intéressé par une alternance qui me permettrait de contribuer à ses projets tout en développant mes compétences dans ce domaine.",
SPONT-4-ictus,Candidature spontanée - Alternance Data / Science des données,4                                                Ictus,"30900, Nîmes",Candidature spontanée,,,2026-09-14T14:47:40.000Z,,Débutant accepté,,"4 Ictus est une structure basée à Nîmes, active dans le secteur suggéré par son nom/service. Bien que les détails spécifiques sur ses activités ne soient pas précisés, l'entreprise semble évoluer dans un environnement lié à la science des données et à l'intelligence artificielle. Je suis intéressé par une opportunité d'alternance au sein de votre équipe.",
SPONT-5-affaires-maritimes-de-sete,Candidature spontanée - Alternance Data / Science des données,5                           Affaires Maritimes de Sète,"30000, Nîmes",Candidature spontanée,,,2026-09-14T14:47:40.000Z,,Débutant accepté,,"5 Affaires Maritimes de Sète est une structure basée à Nîmes, active dans le secteur suggéré par son nom/service. Bien que les détails spécifiques sur ses activités ne soient pas précisés, l'entreprise semble évoluer dans un domaine lié aux affaires maritimes. Je suis intéressé par une alternance en science des données et intelligence artificielle au sein de votre équipe.",
SPONT-6-sncf-reg-montpellier-circ-dexpl-nimes,Candidature spontanée - Alternance Data / Science des données,6           SNCF rég. Montpellier - Circ. dexpl. Nîmes,"30000, Nîmes",Candidature spontanée,,,2026-09-14T14:47:40.000Z,,Débutant accepté,,"6 SNCF rég. Montpellier - Circ. dexpl. Nîmes est une structure basée à Nîmes, active dans le secteur suggéré par son nom/service. Bien que les détails spécifiques sur ses activités ne soient pas précisés, l'entreprise semble être impliquée dans le domaine ferroviaire. Je suis intéressé par une alternance en science des données et intelligence artificielle au sein de votre équipe.",
SPONT-7-imagis-mediterranee,Candidature spontanée - Alternance Data / Science des données,7                                  Imagis Méditérranée,"30000, Nîmes",Candidature spontanée,,,2026-09-14T14:47:40.000Z,,Débutant accepté,,"7 Imagis Méditérranée est une structure basée à Nîmes, active dans le secteur suggéré par son nom. Bien que les détails spécifiques sur ses activités ne soient pas précisés, l'entreprise semble évoluer dans un environnement lié à l'imagerie ou à la visualisation. Je suis intéressé par une alternance en science des données et intelligence artificielle au sein de votre équipe.",
SPONT-8-ddpjj,Candidature spontanée - Alternance Data / Science des données,8                                                DDPJJ,"30911, Nîmes",Candidature spontanée,,,2026-09-14T14:47:40.000Z,,Débutant accepté,,"8 DDPJJ est une structure basée à Nîmes, active dans un secteur suggéré par son nom/service. Bien que les détails spécifiques sur ses activités ne soient pas précisés, l'entreprise semble évoluer dans un environnement propice à l'innovation et à l'analyse de données. Je suis intéressé par une opportunité d'alternance en science des données et intelligence artificielle au sein de votre équipe.",
SPONT-9-cpam-du-gard,Candidature spontanée - Alternance Data / Science des données,9                                         CPAM du Gard,"30921, Nîmes",Candidature spontanée,,,2026-09-14T14:47:40.000Z,,Débutant accepté,,"La CPAM du Gard est une structure basée à Nîmes, active dans le secteur de la protection sociale. Bien que les détails spécifiques sur ses activités ne soient pas précisés, elle est impliquée dans des services liés à la santé et à la sécurité sociale. Je suis intéressé par une alternance en science des données et intelligence artificielle au sein de votre organisation.",
SPONT-0-le-domaine-de-bordere,Candidature spontanée - Alternance Data / Science des données,0                                Le Domaine de Bordère,"11240, Alaigne",Candidature spontanée,,,2026-09-14T14:47:40.000Z,,Débutant accepté,,"Le Domaine de Bordère est une structure basée à Alaigne, active dans un secteur suggéré par son nom. Bien que les détails spécifiques sur ses activités ne soient pas précisés, l'entreprise semble ouverte à des initiatives dans le domaine de la science des données et de l'intelligence artificielle. Je suis intéressé par une alternance qui pourrait contribuer à ses projets futurs.",
SPONT-1-organic,Candidature spontanée - Alternance Data / Science des données,1                                              Organic,Cannes,Candidature spontanée,,,2026-09-14T14:47:40.000Z,,Débutant accepté,,"1 Organic est une structure basée à Cannes, active dans le secteur suggéré par son nom/service. Bien que les détails spécifiques sur ses activités ne soient pas précisés, l'entreprise semble s'inscrire dans un domaine lié à l'innovation et à la technologie. Je suis intéressé par une opportunité d'alternance en science des données et intelligence artificielle au sein de votre équipe.",
SPONT-2-rhone-poulenc-rorer,Candidature spontanée - Alternance Data / Science des données,2                                  Rhône-Poulenc Rorer,"92165, Antony cedex",Candidature spontanée,,,2026-09-14T14:47:40.000Z,,Débutant accepté,,"Structure basée à Antony cedex, active dans le secteur suggéré par son nom/service. Bien que les détails spécifiques sur ses activités ne soient pas précisés, l'entreprise semble évoluer dans un domaine lié à la santé ou à la biopharmacie. Je suis intéressé par une alternance en science des données et intelligence artificielle au sein de votre équipe.",
SPONT-3-lrs-languedoc-roussillon-signalisation,Candidature spontanée - Alternance Data / Science des données,3             LRS - Languedoc-Roussillon Signalisation,"34670, Baillargues",Candidature spontanée,,,2026-09-14T14:47:40.000Z,,Débutant accepté,,"3 LRS - Languedoc-Roussillon Signalisation est une structure basée à Baillargues, active dans le secteur suggéré par son nom. Bien que les détails sur ses activités spécifiques ne soient pas précisés, l'entreprise semble être impliquée dans des services liés à la signalisation. Je suis intéressé par une alternance en science des données et intelligence artificielle au sein de votre équipe.",
SPONT-4-mairie-du-cannet,Candidature spontanée - Alternance Data / Science des données,4                                     Mairie du Cannet,"6110, Le Cannet",Candidature spontanée,,,2026-09-14T14:47:40.000Z,,Débutant accepté,,"La Mairie du Cannet est une structure basée à Le Cannet, active dans le secteur public. Bien que les informations sur ses services spécifiques ne soient pas précisées, elle est susceptible de s'impliquer dans divers projets liés à la gestion des données et à l'amélioration des services aux citoyens. Je souhaite contribuer à ses initiatives en science des données et intelligence artificielle.",
SPONT-5-magellan-geomatique,Candidature spontanée - Alternance Data / Science des données,5                                  Magellan Géomatique,"38240, Meylan",Candidature spontanée,,,2026-09-14T14:47:40.000Z,,Débutant accepté,,"Magellan Géomatique est une structure basée à Meylan, active dans le secteur suggéré par son nom/service. Bien que les détails spécifiques sur ses activités ne soient pas précisés, l'entreprise semble évoluer dans le domaine de la géomatique. Je suis intéressé par une alternance en science des données et intelligence artificielle au sein de votre équipe.",
SPONT-6-hachette-livre-s-a-branche-industrie-e,Candidature spontanée - Alternance Data / Science des données,6   Hachette Livre S.A. - Branche Industrie et Service,"78316, Maurepas Cedex",Candidature spontanée,,,2026-09-14T14:47:40.000Z,,Débutant accepté,,"6 Hachette Livre S.A. est une structure basée à Maurepas Cedex, active dans le secteur suggéré par son nom/service. Bien que les détails spécifiques sur ses activités ne soient pas précisés, l'entreprise semble évoluer dans un environnement lié à l'industrie et aux services. Je suis intéressé par une opportunité d'alternance en science des données et intelligence artificielle au sein de votre organisation.",
SPONT-7-aut-du-sud-france-dre-orange,Candidature spontanée - Alternance Data / Science des données,7                      Aut. du Sud France - DRE Orange,"84107, Orange cedex",Candidature spontanée,,,2026-09-14T14:47:40.000Z,,Débutant accepté,,"7 Aut. du Sud France - DRE Orange est une structure basée à Orange cedex, active dans le secteur suggéré par son nom/service. Bien que les informations spécifiques sur ses activités ne soient pas disponibles, l'entreprise semble évoluer dans un environnement lié à la technologie et aux services. Je suis intéressé par une alternance en science des données et intelligence artificielle au sein de votre équipe.",
SPONT-8-base-aerienne-115-orange,Candidature spontanée - Alternance Data / Science des données,8                             Base Aérienne 115 Orange,"84871, Orange cedex",Candidature spontanée,,,2026-09-14T14:47:40.000Z,,Débutant accepté,,"La Base Aérienne 115 Orange est une structure basée à Orange cedex, active dans le secteur suggéré par son nom. Bien que les détails spécifiques sur ses activités ne soient pas précisés, elle semble jouer un rôle dans le domaine de la défense ou de l'aviation. Je suis intéressé par une alternance en science des données et intelligence artificielle au sein de cette organisation.",
SPONT-9-mairie-des-mureaux,Candidature spontanée - Alternance Data / Science des données,9                                   Mairie des Mureaux,"78135, Les Mureaux Cedex",Candidature spontanée,,,2026-09-14T14:47:40.000Z,,Débutant accepté,,"La Mairie des Mureaux est une structure basée à Les Mureaux Cedex, active dans le secteur public. Bien que les informations sur ses activités spécifiques ne soient pas précisées, elle est susceptible de s'engager dans des projets liés à la gestion des données et à l'amélioration des services publics. Je souhaite proposer mes compétences en science des données et intelligence artificielle pour contribuer à ses initiatives.",
SPONT-0-salinas-de-torrevieja,Candidature spontanée - Alternance Data / Science des données,0                                Salinas de Torrevieja,"3180, Torrevieja-Alicante",Candidature spontanée,,,2026-09-14T14:47:40.000Z,,Débutant accepté,,"Structure basée à Torrevieja-Alicante, active dans le secteur suggéré par son nom/service. Bien que les détails spécifiques sur ses activités ne soient pas fournis, l'entreprise semble avoir un lien avec des services liés à la région. Je suis intéressé par une alternance en science des données et intelligence artificielle au sein de votre équipe.",
SPONT-1-font-badia-s-l,Candidature spontanée - Alternance Data / Science des données,1                                      FONT BADIA S.L.,Torrevieja-Alicante,Candidature spontanée,,,2026-09-14T14:47:40.000Z,,Débutant accepté,,"FONT BADIA S.L. est une structure basée à Torrevieja-Alicante. Les informations disponibles sur ses activités spécifiques ne sont pas précisées, mais l'entreprise semble active dans un secteur suggéré par son nom. Je suis intéressé par une alternance en science des données et intelligence artificielle au sein de votre équipe.",
SPONT-2-imprimerie-nouvelle-des-accacias,Candidature spontanée - Alternance Data / Science des données,2                     Imprimerie Nouvelle des Accacias,"81400, Carmaux",Candidature spontanée,,,2026-09-14T14:47:40.000Z,,Débutant accepté,,"L'Imprimerie Nouvelle des Accacias est une structure basée à Carmaux, active dans le secteur suggéré par son nom. Bien que les détails spécifiques sur ses activités ne soient pas précisés, elle semble évoluer dans un environnement lié à l'impression. Je suis intéressé par une alternance en science des données et intelligence artificielle au sein de votre entreprise.",
SPONT-3-conforama-puygouzon,Candidature spontanée - Alternance Data / Science des données,3                                Conforama - Puygouzon,"81990, Puygouzon",Candidature spontanée,,,2026-09-14T14:47:40.000Z,,Débutant accepté,,"Conforama - Puygouzon est une structure basée à Puygouzon, active dans le secteur suggéré par son nom/service. Bien que les détails spécifiques sur ses activités ne soient pas précisés, l'entreprise semble évoluer dans un environnement où la science des données et l'intelligence artificielle pourraient jouer un rôle significatif. Je suis intéressé par une alternance qui me permettrait de contribuer à ses projets en data science.",
SPONT-4-eatc,Candidature spontanée - Alternance Data / Science des données,4                                                 EATC,"81360, Montredon",Candidature spontanée,,,2026-09-14T14:47:40.000Z,,Débutant accepté,,"4 EATC est une structure basée à Montredon. Les informations disponibles sur son domaine d'activité ne sont pas précisées, mais elle semble active dans un secteur suggéré par son nom. Je suis intéressé par une alternance en science des données et intelligence artificielle au sein de votre entreprise.",
SPONT-5-aqueduc,Candidature spontanée - Alternance Data / Science des données,5                                              AQUEDUC,"93100, Montreuil",Candidature spontanée,,,2026-09-14T14:47:40.000Z,,Débutant accepté,,"5 AQUEDUC est une structure basée à Montreuil, active dans le secteur suggéré par son nom/service. Bien que les détails spécifiques sur ses activités ne soient pas précisés, l'entreprise semble avoir un intérêt pour des domaines liés à la science des données et à l'intelligence artificielle. Je suis enthousiaste à l'idée de contribuer à ses projets et d'apprendre au sein de son équipe.",
SPONT-6-renault-sa-92500,Candidature spontanée - Alternance Data / Science des données,6                                     Renault SA 92500,"92500, Rueil-Malmaison",Candidature spontanée,,,2026-09-14T14:47:40.000Z,,Débutant accepté,,"Structure basée à Rueil-Malmaison, active dans le secteur suggéré par son nom/service. Bien que les détails spécifiques sur les activités de Renault SA ne soient pas fournis, l'entreprise est reconnue dans le domaine de l'automobile. Je suis intéressé par une alternance en science des données et intelligence artificielle au sein de votre équipe.",
SPONT-7-ibm-la-gaude,Candidature spontanée - Alternance Data / Science des données,7                                         IBM La Gaude,La Gaude,Candidature spontanée,,,2026-09-14T14:47:40.000Z,,Débutant accepté,,"7 IBM La Gaude est une structure basée à La Gaude, active dans le secteur suggéré par son nom/service. Bien que les détails spécifiques sur ses activités ne soient pas précisés, l'entreprise semble évoluer dans un domaine lié à la technologie et à l'innovation. Je suis intéressé par une alternance en science des données et intelligence artificielle au sein de votre équipe.",
SPONT-8-mgp,Candidature spontanée - Alternance Data / Science des données,8                                                  MGP,"46700, Rodez",Candidature spontanée,,,2026-09-14T14:47:40.000Z,,Débutant accepté,,"8 MGP est une structure basée à Rodez, active dans le secteur suggéré par son nom/service. Bien que les détails spécifiques sur ses activités ne soient pas précisés, l'entreprise semble ouverte à des initiatives dans le domaine de la science des données et de l'intelligence artificielle. Je souhaite proposer ma candidature pour une alternance dans ce domaine.",
SPONT-9-cci-de-rodez,Candidature spontanée - Alternance Data / Science des données,9                                         CCI de Rodez,"12000, Rodez",Candidature spontanée,,,2026-09-14T14:47:40.000Z,,Débutant accepté,,"La CCI de Rodez est une structure basée à Rodez, active dans le secteur suggéré par son nom. Bien que les détails sur ses services ne soient pas précisés, elle joue probablement un rôle dans le soutien aux entreprises et au développement économique local. Je suis intéressé par une alternance en science des données et intelligence artificielle au sein de votre organisation.",
SPONT-0-cpam-de-laveyron,Candidature spontanée - Alternance Data / Science des données,0                                     CPAM de lAveyron,"12020, Rodez",Candidature spontanée,,,2026-09-14T14:47:40.000Z,,Débutant accepté,,"La CPAM de l'Aveyron est une structure basée à Rodez, active dans le secteur de la protection sociale. Bien que les détails spécifiques sur ses activités ne soient pas précisés, elle est impliquée dans des services liés à la santé et à la sécurité sociale. Je suis intéressé par une alternance en science des données et intelligence artificielle au sein de votre organisation.",
SPONT-1-la-mediatheque-de-la-c-a-n,Candidature spontanée - Alternance Data / Science des données,1                          La Médiathèque de la C.A.N.,"11100, Rodez",Candidature spontanée,,,2026-09-14T14:47:40.000Z,,Débutant accepté,,"La Médiathèque de la C.A.N. est une structure basée à Rodez, active dans le secteur suggéré par son nom. Bien que les détails sur ses services ne soient pas précisés, elle semble jouer un rôle dans la culture et l'accès à l'information. Je suis intéressé par une alternance en science des données et intelligence artificielle au sein de cette organisation.",
SPONT-2-urssaf-de-laveyron,Candidature spontanée - Alternance Data / Science des données,2                                   URSSAF DE LAVEYRON,"12031, Rodez",Candidature spontanée,,,2026-09-14T14:47:40.000Z,,Débutant accepté,,"L'URSSAF DE LAVEYRON est une structure basée à Rodez, active dans le secteur suggéré par son nom. Bien que les détails spécifiques sur ses activités ne soient pas précisés, elle joue un rôle dans le domaine des services sociaux et de la protection sociale. Je suis intéressé par une alternance en science des données et intelligence artificielle au sein de votre organisation.",
SPONT-3-caf-de-laveyron,Candidature spontanée - Alternance Data / Science des données,3                                      CAF de lAveyron,"12025, Rodez",Candidature spontanée,,,2026-09-14T14:47:40.000Z,,Débutant accepté,,"La CAF de l'Aveyron est une structure basée à Rodez, active dans le secteur des prestations sociales. Bien que les informations sur ses activités spécifiques ne soient pas précisées, elle semble jouer un rôle important dans le soutien aux familles et aux individus dans le département. Je suis intéressé par une alternance en science des données et intelligence artificielle au sein de votre organisation.",
SPONT-4-aut-du-sud-france-vedene,Candidature spontanée - Alternance Data / Science des données,4                          Aut. du Sud France - Vedène,"84967, Le Pontet cedex",Candidature spontanée,,,2026-09-14T14:47:40.000Z,,Débutant accepté,,"Structure basée à Le Pontet cedex, active dans le secteur suggéré par son nom/service. Bien que les détails spécifiques sur ses activités ne soient pas précisés, l'entreprise semble avoir un intérêt pour des domaines liés à la science des données et à l'intelligence artificielle. Je suis enthousiaste à l'idée de contribuer à ses projets et d'apprendre au sein de son équipe.",
SPONT-5-golgemma-sa,Candidature spontanée - Alternance Data / Science des données,5                                          Golgemma SA,"11190, Luc sur Aude",Candidature spontanée,,,2026-09-14T14:47:40.000Z,,Débutant accepté,,"Golgemma SA est une structure basée à Luc sur Aude. Les informations sur son service concerné ne sont pas précisées, mais l'entreprise semble être active dans un secteur lié à son nom. Je suis intéressé par une alternance en science des données et intelligence artificielle au sein de votre entreprise.",
SPONT-6-institute-of-food-research-reading-lab,Candidature spontanée - Alternance Data / Science des données,6      Institute of Food Research - Reading laboratory,"UK, Reading RG6 6BZ",Candidature spontanée,,,2026-09-14T14:47:40.000Z,,Débutant accepté,,"Structure basée à Reading RG6 6BZ, active dans le secteur de la recherche alimentaire. Le laboratoire 6 Institute of Food Research se concentre sur des thématiques liées à l'alimentation, bien que les détails spécifiques de ses activités ne soient pas précisés. Je suis intéressé par une alternance en science des données et intelligence artificielle au sein de votre équipe.",
SPONT-7-les-caves-rocbere,Candidature spontanée - Alternance Data / Science des données,7                                    Les Caves Rocbère,"11490, Portel des Corbières",Candidature spontanée,,,2026-09-14T14:47:40.000Z,,Débutant accepté,,"7 Les Caves Rocbère est une structure basée à Portel des Corbières, active dans le secteur suggéré par son nom/service. Bien que les détails spécifiques sur ses activités ne soient pas précisés, l'entreprise semble évoluer dans un domaine lié à la production ou à la distribution. Je suis intéressé par une alternance en science des données et intelligence artificielle au sein de votre équipe.",
SPONT-8-acacia-club,Candidature spontanée - Alternance Data / Science des données,8                                          ACACIA CLUB,"84602, Valréas Cedex",Candidature spontanée,,,2026-09-14T14:47:40.000Z,,Débutant accepté,,"ACACIA CLUB est une structure basée à Valréas Cedex, active dans le secteur suggéré par son nom/service. Bien que les détails spécifiques sur ses activités ne soient pas précisés, l'entreprise semble ouverte à des initiatives innovantes. Je suis intéressé par une alternance en science des données et intelligence artificielle au sein de votre équipe.",
SPONT-9-sct-sud-vaison-la-romaine,Candidature spontanée - Alternance Data / Science des données,9                            SCT Sud Vaison la Romaine,"84110, Vaison-la-Romaine",Candidature spontanée,,,2026-09-14T14:47:40.000Z,,Débutant accepté,,"9 SCT Sud Vaison la Romaine est une structure basée à Vaison-la-Romaine, active dans le secteur suggéré par son nom/service. Bien que les détails spécifiques sur ses activités ne soient pas précisés, l'entreprise semble être impliquée dans des domaines liés à la science des données et à l'intelligence artificielle. Je suis intéressé par une alternance qui me permettrait de contribuer à ses projets tout en développant mes compétences.",
SPONT-0-iris-media-thierry-poirrier,Candidature spontanée - Alternance Data / Science des données,0                        IRIS MEDIA - Thierry Poirrier,"35430, St Pere",Candidature spontanée,,,2026-09-14T14:47:40.000Z,,Débutant accepté,,"0 IRIS MEDIA est une structure basée à St Pere, active dans le secteur suggéré par son nom/service. Bien que les détails spécifiques sur ses activités ne soient pas précisés, l'entreprise semble évoluer dans un domaine lié aux médias. Je suis intéressé par une alternance en science des données et intelligence artificielle au sein de votre équipe.",
SPONT-1-c-hospitalier-de-grasse,Candidature spontanée - Alternance Data / Science des données,1                             C. Hospitalier de Grasse,"6335, Grasse",Candidature spontanée,,,2026-09-14T14:47:40.000Z,,Débutant accepté,,"Le C. Hospitalier de Grasse est une structure basée à Grasse, active dans le secteur de la santé. Bien que les informations sur les services spécifiques ne soient pas précisées, l'établissement semble jouer un rôle important dans le domaine hospitalier. Je suis intéressé par une alternance en science des données et intelligence artificielle au sein de votre organisation.",
SPONT-2-afpa,Candidature spontanée - Alternance Data / Science des données,2                                                 AFPA,"35550, Pretoria 0102",Candidature spontanée,,,2026-09-14T14:47:40.000Z,,Débutant accepté,,"2 AFPA est une structure basée à Pretoria 0102, active dans le secteur suggéré par son nom/service. Bien que les détails spécifiques sur ses activités ne soient pas précisés, l'entreprise semble évoluer dans un domaine lié à la formation ou à l'accompagnement professionnel. Je suis intéressé par une alternance en science des données et intelligence artificielle au sein de votre organisation.",
SPONT-3-elf-atochem,Candidature spontanée - Alternance Data / Science des données,3                                          ELF ATOCHEM,"4600, St Auban",Candidature spontanée,,,2026-09-14T14:47:40.000Z,,Débutant accepté,,"3 ELF ATOCHEM est une structure basée à St Auban, active dans le secteur suggéré par son nom/service. Bien que les détails spécifiques sur ses activités ne soient pas précisés, l'entreprise semble être engagée dans des domaines liés à la chimie ou à la technologie. Je suis intéressé par une alternance en science des données et intelligence artificielle au sein de votre équipe.",
SPONT-4-melpomen-s-a,Candidature spontanée - Alternance Data / Science des données,4                                        MELPOMEN S.A.,"11210, Port-la-Nouvelle",Candidature spontanée,,,2026-09-14T14:47:40.000Z,,Débutant accepté,,"MELPOMEN S.A. est une structure basée à Port-la-Nouvelle. Les informations disponibles sur ses activités et son secteur d'intervention ne sont pas précisées, mais l'entreprise semble être active dans un domaine en lien avec son nom. Je suis intéressé par une alternance en science des données et intelligence artificielle au sein de votre équipe.",
SPONT-direction-de-la-statistique-haut-commiss,Candidature spontanée - Alternance Data / Science des données,Direction de la Statistique - Haut Commissariat au,Port-la-Nouvelle,Candidature spontanée,,,2026-09-14T14:47:40.000Z,,Débutant accepté,,"La Direction de la Statistique - Haut Commissariat est une structure basée à Port-la-Nouvelle, active dans le secteur de la statistique. Bien que les détails spécifiques sur ses activités ne soient pas précisés, elle semble jouer un rôle important dans la collecte et l'analyse de données. Je suis intéressé par une alternance en science des données et intelligence artificielle au sein de cette institution.",
SPONT-6-college-st-victrice,Candidature spontanée - Alternance Data / Science des données,6                                  Collège St Victrice,"76420, Bihorel",Candidature spontanée,,,2026-09-14T14:47:40.000Z,,Débutant accepté,,"6 Collège St Victrice est une structure basée à Bihorel. Bien que les informations sur ses activités spécifiques ne soient pas précisées, elle semble active dans le secteur suggéré par son nom. Je suis intéressé par une alternance en science des données et intelligence artificielle au sein de votre établissement.",
SPONT-7-ch-dagr-du-tarn,Candidature spontanée - Alternance Data / Science des données,7                                    Ch. dAgr. du Tarn,"81003, Albi",Candidature spontanée,,,2026-09-14T14:47:40.000Z,,Débutant accepté,,"7 Ch. dAgr. du Tarn est une structure basée à Albi, active dans le secteur suggéré par son nom/service. Bien que les détails spécifiques sur ses activités ne soient pas précisés, l'entreprise semble être impliquée dans des domaines liés à l'agriculture. Je suis intéressé par une alternance en science des données et intelligence artificielle au sein de votre équipe.",
SPONT-8-cpam-du-tarn,Candidature spontanée - Alternance Data / Science des données,8                                         CPAM du Tarn,"81000, Albi",Candidature spontanée,,,2026-09-14T14:47:40.000Z,,Débutant accepté,,"La CPAM du Tarn est une structure basée à Albi, active dans le secteur de la protection sociale. Bien que les détails spécifiques sur ses services ne soient pas précisés, elle est impliquée dans des activités liées à la santé et à l'assurance maladie. Je suis intéressé par une alternance en science des données et intelligence artificielle au sein de cette organisation.",
SPONT-9-ephe,Candidature spontanée - Alternance Data / Science des données,9                                                 EPHE,"75005, Albi",Candidature spontanée,,,2026-09-14T14:47:40.000Z,,Débutant accepté,,"9 EPHE est une structure basée à Albi, dont le service concerné n'est pas précisé. Bien que les détails sur ses activités ne soient pas disponibles, l'entreprise semble active dans le secteur suggéré par son nom. Je suis intéressé par une alternance en science des données et intelligence artificielle au sein de votre équipe.",
SPONT-0-insee-martinique,Candidature spontanée - Alternance Data / Science des données,0                                     INSEE Martinique,Albi,Candidature spontanée,,,2026-09-14T14:47:40.000Z,,Débutant accepté,,"0 INSEE Martinique est une structure basée à Albi. Bien que les informations sur ses activités spécifiques ne soient pas précisées, elle semble être active dans le secteur suggéré par son nom. Je suis intéressé par une alternance en science des données et intelligence artificielle au sein de votre entreprise.",
SPONT-1-sarl-informatique-verte,Candidature spontanée - Alternance Data / Science des données,1                              SARL Informatique Verte,"66000, Albi",Candidature spontanée,,,2026-09-14T14:47:40.000Z,,Débutant accepté,,"La SARL Informatique Verte est une structure basée à Albi, active dans le secteur suggéré par son nom. Bien que les détails sur ses activités spécifiques ne soient pas précisés, elle semble s'inscrire dans un domaine lié à l'informatique et à la technologie. Je suis intéressé par une opportunité d'alternance en science des données et intelligence artificielle au sein de votre entreprise.",
SPONT-2-mairie-de-toulouse-service-circulation,Candidature spontanée - Alternance Data / Science des données,2   Mairie de Toulouse - Service Circulation Transport,Albi,Candidature spontanée,,,2026-09-14T14:47:40.000Z,,Débutant accepté,,"La Mairie de Toulouse - Service Circulation Transport est une structure basée à Albi, active dans le secteur de la circulation et du transport. Bien que les détails spécifiques sur ses activités ne soient pas fournis, elle semble jouer un rôle dans la gestion des infrastructures de transport. Je suis intéressé par une alternance en science des données et intelligence artificielle au sein de cette entité.",
SPONT-3-urssaf-81-u-albi,Candidature spontanée - Alternance Data / Science des données,3                                     URSSAF 81-U Albi,"81013, Albi",Candidature spontanée,,,2026-09-14T14:47:40.000Z,,Débutant accepté,,"3 URSSAF 81-U Albi est une structure basée à Albi, active dans le secteur suggéré par son nom/service. Bien que les informations spécifiques sur ses activités ne soient pas disponibles, l'entreprise semble jouer un rôle dans le domaine des services administratifs ou sociaux. Je suis intéressé par une alternance en science des données et intelligence artificielle au sein de votre structure.",
SPONT-4-meteo-france-albi,Candidature spontanée - Alternance Data / Science des données,4                                    Météo-France Albi,"81000, Albi",Candidature spontanée,,,2026-09-14T14:47:40.000Z,,Débutant accepté,,"Météo-France Albi est une structure basée à Albi, active dans le secteur de la météorologie, comme le suggère son nom. Bien que les informations spécifiques sur ses services ne soient pas précisées, l'entreprise est impliquée dans des activités liées à la science des données et à l'intelligence artificielle. Je suis intéressé par une alternance qui me permettrait de contribuer à ses projets dans ce domaine.",
SPONT-5-mairie-dalbi,Candidature spontanée - Alternance Data / Science des données,5                                         Mairie dAlbi,"81005, Albi",Candidature spontanée,,,2026-09-14T14:47:40.000Z,,Débutant accepté,,"La Mairie d'Albi est une structure basée à Albi, active dans le secteur public. Bien que les informations sur ses activités spécifiques ne soient pas précisées, elle joue un rôle essentiel dans la gestion et le service à la communauté locale. Je suis intéressé par une alternance en science des données et intelligence artificielle au sein de votre équipe.",
SPONT-6-seml-futuroscope,Candidature spontanée - Alternance Data / Science des données,6                                     SEML Futuroscope,"86130, Jaunay Clan",Candidature spontanée,,,2026-09-14T14:47:40.000Z,,Débutant accepté,,"6 SEML Futuroscope est une structure basée à Jaunay Clan, active dans le secteur suggéré par son nom/service. Bien que les détails spécifiques sur ses activités ne soient pas précisés, l'entreprise semble évoluer dans un environnement lié à la science des données et à l'intelligence artificielle. Je suis intéressé par la possibilité de contribuer à ses projets en tant qu'alternant.",
SPONT-7-tresorerie-generale-seef,Candidature spontanée - Alternance Data / Science des données,7                             Trésorerie Générale SEEF,"11000, Carcassonne",Candidature spontanée,,,2026-09-14T14:47:40.000Z,,Débutant accepté,,"7 Trésorerie Générale SEEF est une structure basée à Carcassonne, active dans le secteur suggéré par son nom. Bien que les détails spécifiques sur ses activités ne soient pas précisés, l'entreprise semble évoluer dans un domaine lié à la gestion financière. Je suis intéressé par une alternance en science des données et intelligence artificielle au sein de votre équipe.",
SPONT-8-auto-cite,Candidature spontanée - Alternance Data / Science des données,8                                            Auto Cité,"11890, Carcassonne",Candidature spontanée,,,2026-09-14T14:47:40.000Z,,Débutant accepté,,"8 Auto Cité est une structure basée à Carcassonne, active dans le secteur suggéré par son nom. Bien que les informations sur ses activités spécifiques ne soient pas disponibles, l'entreprise semble évoluer dans un domaine lié à l'automobile. Je suis intéressé par une alternance en science des données et intelligence artificielle au sein de votre équipe.",
SPONT-9-cer,Candidature spontanée - Alternance Data / Science des données,9                                                  CER,"11451, Carcassonne",Candidature spontanée,,,2026-09-14T14:47:40.000Z,,Débutant accepté,,"9 CER est une structure basée à Carcassonne. Les informations disponibles sur son service concerné ne sont pas précisées, ce qui laisse supposer une activité dans un secteur non spécifié. Je suis intéressé par une alternance en science des données et intelligence artificielle au sein de votre entreprise.",
SPONT-direction-dep-jeunesse-et-sports-de-laud,Candidature spontanée - Alternance Data / Science des données,Direction Dép. Jeunesse et Sports de lAude,"11021, Carcassonne",Candidature spontanée,,,2026-09-14T14:47:40.000Z,,Débutant accepté,,"La Direction Dép. Jeunesse et Sports de l'Aude est une structure basée à Carcassonne, active dans le secteur de la jeunesse et des sports. Bien que les informations sur ses activités spécifiques ne soient pas précisées, elle semble jouer un rôle dans le développement et le soutien des initiatives liées à ces domaines. Je suis intéressé par une alternance en science des données et intelligence artificielle au sein de votre organisation.",
SPONT-onf-serv-dep-de-laude,Candidature spontanée - Alternance Data / Science des données,ONF serv. dép. de lAude,"11870, Carcassonne",Candidature spontanée,,,2026-09-14T14:47:40.000Z,,Débutant accepté,,"L'ONF serv. dép. de l'Aude est une structure basée à Carcassonne, active dans le secteur suggéré par son nom/service. Bien que les détails spécifiques sur ses activités ne soient pas précisés, elle semble œuvrer dans un domaine lié à la gestion des ressources naturelles ou des services publics. Je suis intéressé par une alternance en science des données et intelligence artificielle au sein de votre équipe.",
SPONT-croix-rouge-francaise,Candidature spontanée - Alternance Data / Science des données,Croix Rouge Française,"11000, Carcassonne",Candidature spontanée,,,2026-09-14T14:47:40.000Z,,Débutant accepté,,"La Croix Rouge Française est une structure basée à Carcassonne, active dans le secteur suggéré par son nom et ses services. Bien que les détails spécifiques sur ses activités ne soient pas précisés, l'organisation est historiquement engagée dans des missions humanitaires et sociales. Je souhaite contribuer à ses efforts en apportant mes compétences en science des données et en intelligence artificielle.",
SPONT-msa-carcassonne,Candidature spontanée - Alternance Data / Science des données,MSA Carcassonne,"11000, Carcassonne",Candidature spontanée,,,2026-09-14T14:47:40.000Z,,Débutant accepté,,"MSA Carcassonne est une structure basée à Carcassonne, active dans le secteur suggéré par son nom/service. Bien que les détails spécifiques sur ses activités ne soient pas précisés, l'entreprise semble jouer un rôle dans le domaine de la protection sociale ou des services associés. Je suis intéressé par une alternance en science des données et intelligence artificielle au sein de votre équipe.",
SPONT-4-centre-de-gestion-agree-de-laude,Candidature spontanée - Alternance Data / Science des données,4                     Centre de Gestion agréé de lAude,"11000, Carcassonne",Candidature spontanée,,,2026-09-14T14:47:40.000Z,,Débutant accepté,,"4 Centre de Gestion agréé de lAude est une structure basée à Carcassonne, active dans le secteur suggéré par son nom/service. Bien que les détails spécifiques sur ses activités ne soient pas précisés, l'entreprise semble jouer un rôle dans la gestion et le soutien des activités économiques locales. Je suis intéressé par une alternance en science des données et intelligence artificielle au sein de votre organisation.",
SPONT-5-dir-dep-des-services-dincendie-de-laud,Candidature spontanée - Alternance Data / Science des données,5            Dir. Dép. des services dincendie de lAude,"11000, Carcassonne",Candidature spontanée,,,2026-09-14T14:47:40.000Z,,Débutant accepté,,"Structure basée à Carcassonne, active dans le secteur des services d'incendie. Bien que les détails spécifiques sur ses activités ne soient pas précisés, elle semble jouer un rôle important dans la sécurité et la gestion des situations d'urgence. Je suis intéressé par une alternance en science des données et intelligence artificielle au sein de cette organisation.",
SPONT-6-ugrh-carcassonne,Candidature spontanée - Alternance Data / Science des données,6                                     UGRH Carcassonne,"11899, Carcassonne",Candidature spontanée,,,2026-09-14T14:47:40.000Z,,Débutant accepté,,"UGRH Carcassonne est une structure basée à Carcassonne, active dans le secteur suggéré par son nom/service. Bien que les détails spécifiques sur ses activités ne soient pas précisés, l'entreprise semble avoir un lien avec les ressources humaines ou la gestion. Je suis intéressé par une alternance en science des données et intelligence artificielle au sein de votre équipe.",
SPONT-7-conseil-general-de-laude,Candidature spontanée - Alternance Data / Science des données,7                             Conseil Général de lAude,"11855, Carcassonne",Candidature spontanée,,,2026-09-14T14:47:40.000Z,,Débutant accepté,,"Le Conseil Général de l'Aude est une structure basée à Carcassonne. Bien que les détails spécifiques sur ses activités ne soient pas précisés, il est actif dans le secteur suggéré par son nom. Je suis intéressé par une alternance en science des données et intelligence artificielle au sein de cette institution.",
SPONT-smis,Candidature spontanée - Alternance Data / Science des données,SMIS,"11080, Carcassonne",Candidature spontanée,,,2026-09-14T14:47:40.000Z,,Débutant accepté,,"SMIS est une structure basée à Carcassonne, active dans le secteur suggéré par son nom/service. Bien que les détails spécifiques sur ses activités ne soient pas fournis, l'entreprise semble avoir un intérêt pour les domaines liés à la science des données et à l'intelligence artificielle. Je suis motivé à contribuer à ses projets en apportant mes compétences en analyse de données et en apprentissage automatique.",
SPONT-9-dir-dep-du-travail-et-de-lemploi,Candidature spontanée - Alternance Data / Science des données,9                   Dir. Dép. du Travail et de lEmploi,"11000, Carcassonne",Candidature spontanée,,,2026-09-14T14:47:40.000Z,,Débutant accepté,,"9 Dir. Dép. du Travail et de l'Emploi est une structure basée à Carcassonne, active dans le secteur suggéré par son nom. Bien que les détails spécifiques sur ses activités ne soient pas précisés, l'entreprise semble jouer un rôle dans le domaine du travail et de l'emploi. Je suis intéressé par une alternance en science des données et intelligence artificielle au sein de votre organisation.",
SPONT-0-alerte-rouge,Candidature spontanée - Alternance Data / Science des données,0                                         Alerte Rouge,"11000, Carcassonne",Candidature spontanée,,,2026-09-14T14:47:40.000Z,,Débutant accepté,,"0 Alerte Rouge est une structure basée à Carcassonne, active dans un secteur suggéré par son nom. Bien que les détails spécifiques sur ses activités ne soient pas précisés, l'entreprise semble ouverte à des initiatives dans le domaine de la science des données et de l'intelligence artificielle. Je suis intéressé par une alternance qui pourrait contribuer à ses projets futurs.",
SPONT-1-auchan-amiens-sud,Candidature spontanée - Alternance Data / Science des données,1                                    AUCHAN Amiens Sud,"11878, Carcassonne",Candidature spontanée,,,2026-09-14T14:47:40.000Z,,Débutant accepté,,"Structure basée à Carcassonne, active dans le secteur suggéré par son nom/service. Située au 70 Rue Aimé Ramond, l'entreprise semble avoir une présence locale. Les détails concernant son activité spécifique ne sont pas précisés.",
SPONT-2-eurl-bareil,Candidature spontanée - Alternance Data / Science des données,2                                          EURL Bareil,"11170, Carcassonne",Candidature spontanée,,,2026-09-14T14:47:40.000Z,,Débutant accepté,,"EURL Bareil est une structure basée à Carcassonne. Les informations disponibles sur ses activités et son secteur d'intervention ne sont pas précisées. Cependant, le nom de l'entreprise suggère une implication dans des domaines liés aux services ou à l'industrie.",
SPONT-3-domaine-de-valmy,Candidature spontanée - Alternance Data / Science des données,3                                     Domaine de Valmy,"11000, Carcassonne",Candidature spontanée,,,2026-09-14T14:47:40.000Z,,Débutant accepté,,"3 Domaine de Valmy est une structure basée à Carcassonne, active dans le secteur suggéré par son nom/service. Bien que les détails spécifiques sur ses activités ne soient pas précisés, l'entreprise semble évoluer dans un environnement propice à l'innovation et à l'application des sciences des données. Je suis intéressé par une opportunité d'alternance pour contribuer à ses projets en science des données et intelligence artificielle.",
SPONT-4-federation-audoise-des-oeuvres-laiques,Candidature spontanée - Alternance Data / Science des données,4               Fédération Audoise des Oeuvres Laiques,"11000, Carcassonne",Candidature spontanée,,,2026-09-14T14:47:40.000Z,,Débutant accepté,,"La Fédération Audoise des Oeuvres Laiques est une structure basée à Carcassonne. Bien que les détails sur ses activités ne soient pas précisés, son nom suggère une implication dans des initiatives sociales ou communautaires. Je suis intéressé par une alternance en science des données et intelligence artificielle au sein de cette organisation.",
SPONT-5-peugeot-auto-cite,Candidature spontanée - Alternance Data / Science des données,5                                    Peugeot Auto Cité,"11890, Carcassonne",Candidature spontanée,,,2026-09-14T14:47:40.000Z,,Débutant accepté,,"5 Peugeot Auto Cité est une structure basée à Carcassonne, active dans le secteur suggéré par son nom. Bien que les détails spécifiques sur ses activités ne soient pas précisés, l'entreprise semble évoluer dans un environnement lié à l'automobile. Je suis intéressé par une alternance en science des données et intelligence artificielle au sein de votre équipe.",
SPONT-6-tribunal-de-grande-instance-de-carcass,Candidature spontanée - Alternance Data / Science des données,6           Tribunal de Grande Instance de Carcassonne,"11012, Carcassonne",Candidature spontanée,,,2026-09-14T14:47:40.000Z,,Débutant accepté,,"Le Tribunal de Grande Instance de Carcassonne est une structure basée à Carcassonne, active dans le secteur judiciaire. Bien que les services spécifiques ne soient pas précisés, cette institution joue un rôle essentiel dans le système judiciaire français. Je suis intéressé par une alternance en science des données et intelligence artificielle au sein de votre établissement.",
SPONT-7-ddaf-de-laude,Candidature spontanée - Alternance Data / Science des données,7                                        DDAF de lAude,"11890, Carcassonne",Candidature spontanée,,,2026-09-14T14:47:40.000Z,,Débutant accepté,,"7 DDAF de l'Aude est une structure basée à Carcassonne, active dans le secteur suggéré par son nom. Bien que les informations sur le service concerné ne soient pas précisées, l'entreprise semble avoir un lien avec des activités administratives ou de gestion. Je suis intéressé par une alternance en science des données et intelligence artificielle au sein de votre organisation.",
SPONT-8-p-e-e-p,Candidature spontanée - Alternance Data / Science des données,8                                             P.E.E.P.,"11000, Carcassonne",Candidature spontanée,,,2026-09-14T14:47:40.000Z,,Débutant accepté,,"8 P.E.E.P. est une structure basée à Carcassonne, active dans le secteur suggéré par son nom/service. Bien que les détails sur ses activités ne soient pas précisés, l'entreprise semble avoir un lien avec des services ou des initiatives en lien avec l'éducation ou l'accompagnement. Je suis intéressé par une alternance en science des données et intelligence artificielle au sein de votre structure.",
SPONT-9-ddtm-de-laude,Candidature spontanée - Alternance Data / Science des données,9                                        DDTM de lAude,"11838, Carcassonne",Candidature spontanée,,,2026-09-14T14:47:40.000Z,,Débutant accepté,,"La DDTM de l'Aude est une structure basée à Carcassonne, active dans le secteur suggéré par son nom. Bien que les informations sur ses activités spécifiques ne soient pas précisées, elle semble jouer un rôle dans la gestion des données et des services associés. Je suis intéressé par une alternance en science des données et intelligence artificielle au sein de votre organisation.",
SPONT-0-africahold,Candidature spontanée - Alternance Data / Science des données,0                                           Africahold,"11000, Carcassonne",Candidature spontanée,,,2026-09-14T14:47:40.000Z,,Débutant accepté,,"Africahold est une structure basée à Carcassonne. Les informations disponibles sur son service concerné ne sont pas précisées, ce qui laisse supposer une activité dans un secteur lié à son nom. Je suis intéressé par une alternance en science des données et intelligence artificielle au sein de votre entreprise.",
SPONT-1-sarl-j-informatique,Candidature spontanée - Alternance Data / Science des données,1                                 SARL J. Informatique,"11000, Carcassonne",Candidature spontanée,,,2026-09-14T14:47:40.000Z,,Débutant accepté,,"SARL J. Informatique est une structure basée à Carcassonne, active dans le secteur suggéré par son nom. Bien que les détails sur ses services ne soient pas précisés, l'entreprise semble être impliquée dans le domaine de l'informatique. Je suis intéressé par une alternance en science des données et intelligence artificielle au sein de votre équipe.",
SPONT-2-hotel-de-la-cite,Candidature spontanée - Alternance Data / Science des données,2                                     Hôtel de la Cité,"11000, Carcassonne",Candidature spontanée,,,2026-09-14T14:47:40.000Z,,Débutant accepté,,"2 Hôtel de la Cité est une structure basée à Carcassonne, active dans le secteur suggéré par son nom. Bien que les détails sur ses services ne soient pas précisés, l'entreprise semble avoir un lien avec l'hôtellerie. Je suis intéressé par une alternance en science des données et intelligence artificielle au sein de votre établissement.",
SPONT-3-cr-agr-montquiers,Candidature spontanée - Alternance Data / Science des données,3                                  Cr. Agr. Montquiers,"11890, Carcassonne",Candidature spontanée,,,2026-09-14T14:47:40.000Z,,Débutant accepté,,"3 Cr. Agr. Montquiers est une structure basée à Carcassonne, active dans le secteur suggéré par son nom/service. Bien que les détails spécifiques sur ses activités ne soient pas précisés, l'entreprise semble avoir un lien avec l'agriculture. Je suis intéressé par une alternance en science des données et intelligence artificielle au sein de votre équipe.",
SPONT-4-dde-de-laude,Candidature spontanée - Alternance Data / Science des données,4                                         DDE de lAude,"11012, Carcassonne",Candidature spontanée,,,2026-09-14T14:47:40.000Z,,Débutant accepté,,"4 DDE de l'Aude est une structure basée à Carcassonne, active dans le secteur suggéré par son nom/service. Bien que les détails spécifiques sur ses activités ne soient pas précisés, l'entreprise semble avoir un lien avec des domaines liés à la gestion ou au développement dans le département de l'Aude.",
SPONT-5-urssaf-de-laude,Candidature spontanée - Alternance Data / Science des données,5                                      URSSAF de lAude,"11000, Carcassonne",Candidature spontanée,,,2026-09-14T14:47:40.000Z,,Débutant accepté,,"L'URSSAF de l'Aude est une structure basée à Carcassonne, active dans le secteur suggéré par son nom. Bien que les informations sur ses services ne soient pas précisées, elle joue un rôle important dans le domaine de la protection sociale. Je suis intéressé par une alternance en science des données et intelligence artificielle au sein de votre organisation.",
SPONT-6-autoroutes-du-sud-de-la-france,Candidature spontanée - Alternance Data / Science des données,6                       Autoroutes du Sud de la France,"11090, Carcassonne",Candidature spontanée,,,2026-09-14T14:47:40.000Z,,Débutant accepté,,"6 Autoroutes du Sud de la France est une structure basée à Carcassonne, active dans le secteur des autoroutes. Bien que les détails spécifiques sur ses activités ne soient pas précisés, l'entreprise semble jouer un rôle dans la gestion ou l'exploitation des infrastructures routières. Je suis intéressé par une alternance en science des données et intelligence artificielle au sein de votre équipe.",
SPONT-7-prefecture-de-laude,Candidature spontanée - Alternance Data / Science des données,7                                  Préfecture de lAude,"11012, Carcassonne",Candidature spontanée,,,2026-09-14T14:47:40.000Z,,Débutant accepté,,"7 Préfecture de l'Aude est une structure basée à Carcassonne. Bien que les informations sur son service concerné ne soient pas précisées, elle semble active dans le secteur suggéré par son nom. Je suis intéressé par une alternance en science des données et intelligence artificielle au sein de votre organisation.",
SPONT-8-centre-de-gestion-de-la-fonction-publi,Candidature spontanée - Alternance Data / Science des données,8   Centre de Gestion de la Fonction Publique - Maison,"11000, Carcassonne",Candidature spontanée,,,2026-09-14T14:47:40.000Z,,Débutant accepté,,"Le 8 Centre de Gestion de la Fonction Publique - Maison est une structure basée à Carcassonne, active dans le secteur suggéré par son nom. Bien que les détails spécifiques sur ses activités ne soient pas précisés, elle semble jouer un rôle dans la gestion des ressources humaines au sein de la fonction publique. Je suis intéressé par une alternance en science des données et intelligence artificielle au sein de votre organisation.",
SPONT-9-anfa-ass-nat-pour-la-form-automobile,Candidature spontanée - Alternance Data / Science des données,9            ANFA (Ass. Nat. pour la Form. Automobile),"11000, Carcassonne",Candidature spontanée,,,2026-09-14T14:47:40.000Z,,Débutant accepté,,"9 ANFA (Ass. Nat. pour la Form. Automobile) est une structure basée à Carcassonne, active dans le secteur suggéré par son nom. Bien que les détails spécifiques sur ses activités ne soient pas précisés, l'organisation semble être impliquée dans la formation liée à l'automobile. Je suis intéressé par une alternance en science des données et intelligence artificielle au sein de votre équipe.",
SPONT-0-graves,Candidature spontanée - Alternance Data / Science des données,0                                               Graves,"11000, Carcassonne",Candidature spontanée,,,2026-09-14T14:47:40.000Z,,Débutant accepté,,"0 Graves est une structure basée à Carcassonne, active dans le secteur suggéré par son nom/service. Bien que les détails spécifiques sur ses activités ne soient pas précisés, l'entreprise semble avoir un intérêt pour les domaines liés à la science des données et à l'intelligence artificielle. Je suis enthousiaste à l'idée de contribuer à ses projets et d'apprendre au sein de son équipe.",
SPONT-1-chambre-des-metiers-et-de-lartisanat-d,Candidature spontanée - Alternance Data / Science des données,1        Chambre des Métiers et de lArtisanat de lAude,"11022, Carcassonne",Candidature spontanée,,,2026-09-14T14:47:40.000Z,,Débutant accepté,,"La Chambre des Métiers et de l'Artisanat de l'Aude est une structure basée à Carcassonne, active dans le secteur de l'artisanat. Elle a pour mission de soutenir et de promouvoir les métiers artisanaux dans la région. Bien que les détails sur ses services ne soient pas précisés, elle joue un rôle important dans le développement économique local.",
SPONT-2-polyclinique-montreal,Candidature spontanée - Alternance Data / Science des données,2                                Polyclinique Montréal,"11890, Carcassonne",Candidature spontanée,,,2026-09-14T14:47:40.000Z,,Débutant accepté,,"La Polyclinique Montréal est une structure basée à Carcassonne, active dans le secteur de la santé. Bien que les détails spécifiques sur ses services ne soient pas précisés, elle semble jouer un rôle dans le domaine médical. Je suis intéressé par une alternance en science des données et intelligence artificielle au sein de votre établissement.",
SPONT-3-bureau-dinformation-jeunesse,Candidature spontanée - Alternance Data / Science des données,3                         Bureau dInformation Jeunesse,"11009, Carcassonne",Candidature spontanée,,,2026-09-14T14:47:40.000Z,,Débutant accepté,,"3 Bureau dInformation Jeunesse est une structure basée à Carcassonne, active dans le secteur suggéré par son nom/service. Bien que les détails spécifiques sur ses activités ne soient pas précisés, elle semble œuvrer dans le domaine de l'information et de l'accompagnement. Je suis intéressé par une alternance en science des données et intelligence artificielle au sein de votre organisation.",
SPONT-4-microwan,Candidature spontanée - Alternance Data / Science des données,4                                             MICROWAN,"11000, Carcassonne",Candidature spontanée,,,2026-09-14T14:47:40.000Z,,Débutant accepté,,"MICROWAN est une structure basée à Carcassonne, active dans le secteur suggéré par son nom/service. Bien que les détails spécifiques sur ses activités ne soient pas précisés, l'entreprise semble évoluer dans un domaine lié à la technologie et à l'innovation. Je suis intéressé par une opportunité d'alternance en science des données et intelligence artificielle au sein de votre équipe.",
SPONT-5-centre-des-monuments-nationaux,Candidature spontanée - Alternance Data / Science des données,5                       Centre des Monuments Nationaux,"11000, Carcassonne",Candidature spontanée,,,2026-09-14T14:47:40.000Z,,Débutant accepté,,"Le Centre des Monuments Nationaux est une structure basée à Carcassonne, active dans le secteur suggéré par son nom. Bien que les détails spécifiques sur ses activités ne soient pas précisés, l'organisation semble jouer un rôle dans la préservation et la valorisation du patrimoine culturel. Je suis intéressé par une alternance en science des données et intelligence artificielle au sein de cette institution.",
SPONT-6-jacques-fraysse-expert-comptable,Candidature spontanée - Alternance Data / Science des données,6                   Jacques FRAYSSE - Expert Comptable,"11009, Carcassonne",Candidature spontanée,,,2026-09-14T14:47:40.000Z,,Débutant accepté,,"6 Jacques FRAYSSE - Expert Comptable est une structure basée à Carcassonne, active dans le secteur de la comptabilité. Bien que les détails spécifiques sur ses services ne soient pas précisés, l'entreprise semble avoir une expertise dans le domaine comptable. Je suis intéressé par une alternance en science des données et intelligence artificielle au sein de votre équipe.",
SPONT-7-maison-boncolac-sas,Candidature spontanée - Alternance Data / Science des données,7                                Maison Boncolac (SAS),"11000, Carcassonne",Candidature spontanée,,,2026-09-14T14:47:40.000Z,,Débutant accepté,,"7 Maison Boncolac (SAS) est une structure basée à Carcassonne, active dans un secteur suggéré par son nom. Bien que les détails sur ses activités ne soient pas précisés, l'entreprise semble évoluer dans un environnement où la science des données et l'intelligence artificielle pourraient jouer un rôle significatif. Je suis intéressé par une opportunité d'alternance pour contribuer à ses projets.",
SPONT-8-bet-virelizier-sarl,Candidature spontanée - Alternance Data / Science des données,8                                  BET VIRELIZIER SARL,"11000, Carcassonne",Candidature spontanée,,,2026-09-14T14:47:40.000Z,,Débutant accepté,,"8 BET VIRELIZIER SARL est une structure basée à Carcassonne, active dans le secteur suggéré par son nom/service. Bien que les détails spécifiques sur ses activités ne soient pas précisés, l'entreprise semble avoir un intérêt pour des domaines liés à la science des données et à l'intelligence artificielle. Je souhaite proposer ma candidature pour une alternance dans ce domaine au sein de votre entreprise.",
SPONT-9-geant-salvaza-carcassonne,Candidature spontanée - Alternance Data / Science des données,9                            Géant Salvaza Carcassonne,"11000, Carcassonne",Candidature spontanée,,,2026-09-14T14:47:40.000Z,,Débutant accepté,,"9 Géant Salvaza Carcassonne est une structure basée à Carcassonne, active dans le secteur suggéré par son nom/service. Bien que les détails spécifiques sur ses activités ne soient pas précisés, l'entreprise semble avoir une présence significative dans la région. Je suis intéressé par une opportunité d'alternance en science des données et intelligence artificielle au sein de votre équipe.",
SPONT-0-uerl-francis-ascensio,Candidature spontanée - Alternance Data / Science des données,0                                UERL Francis Ascensio,"11000, Carcassonne",Candidature spontanée,,,2026-09-14T14:47:40.000Z,,Débutant accepté,,"0 UERL Francis Ascensio est une structure basée à Carcassonne. Les informations sur son secteur d'activité ou ses services ne sont pas précisées, mais elle semble active dans un domaine lié à son nom. Je suis intéressé par une alternance en science des données et intelligence artificielle au sein de votre entreprise.",
SPONT-1-sdis,Candidature spontanée - Alternance Data / Science des données,1                                                 SDIS,"11870, Carcassonne",Candidature spontanée,,,2026-09-14T14:47:40.000Z,,Débutant accepté,,"Structure basée à Carcassonne, active dans le secteur suggéré par son nom/service. Bien que les détails spécifiques sur les activités et projets ne soient pas précisés, le SDIS semble jouer un rôle important dans la gestion des services d'incendie et de secours. Je suis intéressé par une alternance en science des données et intelligence artificielle au sein de votre organisation.",
SPONT-2-tele-du-web-sarl,Candidature spontanée - Alternance Data / Science des données,2                                   Télé du Web (SARL),"11000, Carcassonne",Candidature spontanée,,,2026-09-14T14:47:40.000Z,,Débutant accepté,,"2 Télé du Web (SARL) est une structure basée à Carcassonne, active dans le secteur suggéré par son nom/service. Bien que les détails spécifiques sur ses activités ne soient pas précisés, l'entreprise semble être impliquée dans des domaines liés au web. Je suis intéressé par une alternance en science des données et intelligence artificielle au sein de votre équipe.",
SPONT-3-sarl-magex-usine-st-jean,Candidature spontanée - Alternance Data / Science des données,3                           SARL Magex - Usine St Jean,"11000, Carcassonne",Candidature spontanée,,,2026-09-14T14:47:40.000Z,,Débutant accepté,,"3 SARL Magex - Usine St Jean est une structure basée à Carcassonne, active dans le secteur suggéré par son nom/service. Bien que les détails spécifiques sur ses activités ne soient pas précisés, l'entreprise semble avoir un lien avec des processus industriels ou manufacturiers. Je suis intéressé par une alternance en science des données et intelligence artificielle au sein de votre équipe.",
SPONT-4-caisse-mutuelle-sociale-agricole-de-ca,Candidature spontanée - Alternance Data / Science des données,4      Caisse Mutuelle Sociale Agricole de Carcassonne,"11000, Carcassonne",Candidature spontanée,,,2026-09-14T14:47:40.000Z,,Débutant accepté,,"La Caisse Mutuelle Sociale Agricole de Carcassonne est une structure basée à Carcassonne, active dans le secteur suggéré par son nom. Bien que les détails sur ses activités spécifiques ne soient pas précisés, elle semble œuvrer dans le domaine des services sociaux et agricoles. Je suis intéressé par une alternance en science des données et intelligence artificielle au sein de votre entreprise.",
SPONT-5-caf-de-laude,Candidature spontanée - Alternance Data / Science des données,5                                         CAF de lAude,"11872, Carcassonne",Candidature spontanée,,,2026-09-14T14:47:40.000Z,,Débutant accepté,,"La CAF de l'Aude est une structure basée à Carcassonne, active dans le secteur des prestations sociales. Bien que les détails spécifiques sur ses activités ne soient pas précisés, elle joue un rôle important dans le soutien aux familles et aux individus dans le département de l'Aude. Je suis intéressé par une alternance en science des données et intelligence artificielle au sein de votre organisation.",
SPONT-6-aaemdl-conseil-general-de-laude,Candidature spontanée - Alternance Data / Science des données,6                    AAEMDL - Conseil Général de lAude,"11000, Carcassonne",Candidature spontanée,,,2026-09-14T14:47:40.000Z,,Débutant accepté,,"6 AAEMDL - Conseil Général de l'Aude est une structure basée à Carcassonne. Bien que les détails sur ses activités ne soient pas précisés, elle semble active dans le secteur suggéré par son nom. Je suis intéressé par une alternance en science des données et intelligence artificielle au sein de votre organisation.",
SPONT-7-clinique-montreal,Candidature spontanée - Alternance Data / Science des données,7                                    Clinique Montréal,"11000, Carcassonne",Candidature spontanée,,,2026-09-14T14:47:40.000Z,,Débutant accepté,,"7 Clinique Montréal est une structure basée à Carcassonne, active dans le secteur suggéré par son nom. Bien que les détails sur ses services ne soient pas précisés, l'entreprise semble évoluer dans un domaine lié à la santé. Je suis intéressé par une alternance en science des données et intelligence artificielle au sein de votre équipe.",
SPONT-8-office-municipal-de-tourisme-de-carcas,Candidature spontanée - Alternance Data / Science des données,8          Office Municipal de Tourisme de Carcassonne,"11890, Carcassonne",Candidature spontanée,,,2026-09-14T14:47:40.000Z,,Débutant accepté,,"L'Office Municipal de Tourisme de Carcassonne est une structure basée à Carcassonne, active dans le secteur du tourisme. Bien que les détails sur ses activités spécifiques ne soient pas précisés, elle joue un rôle dans la promotion de la ville et de ses attraits. Je suis intéressé par une alternance en science des données et intelligence artificielle au sein de cette organisation.",
SPONT-9-sogemap,Candidature spontanée - Alternance Data / Science des données,9                                              SOGEMAP,Carcassonne,Candidature spontanée,,,2026-09-14T14:47:40.000Z,,Débutant accepté,,"SOGEMAP est une structure basée à Carcassonne, active dans le secteur suggéré par son nom/service. Bien que les détails spécifiques sur ses activités ne soient pas précisés, l'entreprise semble être impliquée dans des domaines liés à la gestion de données. Je suis intéressé par une alternance en science des données et intelligence artificielle au sein de votre équipe.",
SPONT-0-direction-departementale-de-la-jeuness,Candidature spontanée - Alternance Data / Science des données,0              Direction Départementale de la Jeunesse,"11000, Carcassonne",Candidature spontanée,,,2026-09-14T14:47:40.000Z,,Débutant accepté,,"La Direction Départementale de la Jeunesse est une structure basée à Carcassonne, active dans le secteur suggéré par son nom et son service. Bien que les détails spécifiques sur ses activités ne soient pas précisés, elle semble œuvrer dans le domaine de la jeunesse et de la vie associative. Je suis intéressé par une alternance en science des données et intelligence artificielle au sein de cette institution.",
SPONT-1-centre-hospitalier-antoine-gayraud,Candidature spontanée - Alternance Data / Science des données,1                   Centre Hospitalier Antoine Gayraud,"11890, Carcassonne",Candidature spontanée,,,2026-09-14T14:47:40.000Z,,Débutant accepté,,"Le Centre Hospitalier Antoine Gayraud est une structure basée à Carcassonne, active dans le secteur de la santé. Bien que les détails spécifiques sur ses services ne soient pas précisés, l'établissement semble jouer un rôle important dans la communauté locale. Je suis intéressé par une alternance en science des données et intelligence artificielle au sein de votre établissement.",
SPONT-2-association-audoise-sociale-et-medical,Candidature spontanée - Alternance Data / Science des données,2              Association Audoise Sociale et Médicale,"11000, Carcassonne",Candidature spontanée,,,2026-09-14T14:47:40.000Z,,Débutant accepté,,"L'Association Audoise Sociale et Médicale est une structure basée à Carcassonne, active dans le secteur suggéré par son nom. Bien que les détails spécifiques sur ses activités ne soient pas précisés, elle semble œuvrer dans le domaine social et médical. Je suis intéressé par une alternance en science des données et intelligence artificielle au sein de votre organisation.",
SPONT-3-iut-stid,Candidature spontanée - Alternance Data / Science des données,3                                            IUT -STID,"11000, Carcassonne",Candidature spontanée,,,2026-09-14T14:47:40.000Z,,Débutant accepté,,"3 IUT -STID est une structure basée à Carcassonne, active dans le secteur de la science des données et de l'intelligence artificielle. Bien que les détails spécifiques sur ses activités ne soient pas fournis, l'établissement semble s'inscrire dans un cadre éducatif et professionnel lié à ces domaines. Je suis intéressé par une alternance qui me permettrait de contribuer à ses projets tout en développant mes compétences.",
SPONT-4-laboratoire-blanc,Candidature spontanée - Alternance Data / Science des données,4                                    Laboratoire Blanc,"11000, Carcassonne",Candidature spontanée,,,2026-09-14T14:47:40.000Z,,Débutant accepté,,"4 Laboratoire Blanc est une structure basée à Carcassonne, active dans le secteur suggéré par son nom/service. Bien que les détails spécifiques sur ses activités ne soient pas précisés, l'entreprise semble s'inscrire dans un domaine lié à la science des données et à l'intelligence artificielle. Je suis intéressé par une opportunité d'alternance au sein de votre équipe.",
SPONT-5-udaf-de-laude,Candidature spontanée - Alternance Data / Science des données,5                                        UDAF de lAude,"11890, Carcassonne",Candidature spontanée,,,2026-09-14T14:47:40.000Z,,Débutant accepté,,"L'UDAF de l'Aude est une structure basée à Carcassonne, active dans le secteur suggéré par son nom. Bien que les détails spécifiques sur ses activités ne soient pas précisés, elle semble œuvrer dans le domaine de l'accompagnement et du soutien aux familles. Je suis intéressé par une alternance en science des données et intelligence artificielle au sein de votre organisation.",
SPONT-6-infost,Candidature spontanée - Alternance Data / Science des données,6                                               INFOST,"11000, Carcassonne",Candidature spontanée,,,2026-09-14T14:47:40.000Z,,Débutant accepté,,"6 INFOST est une structure basée à Carcassonne, active dans le secteur suggéré par son nom/service. Bien que les détails spécifiques sur ses activités ne soient pas précisés, l'entreprise semble s'inscrire dans un domaine lié à l'informatique ou aux technologies. Je suis intéressé par une opportunité d'alternance en science des données et intelligence artificielle au sein de votre équipe.",
SPONT-7-cr-agr-du-midi-agence-de-carcassonne,Candidature spontanée - Alternance Data / Science des données,7             Cr. Agr. du Midi - agence de Carcassonne,"11000, Carcassonne",Candidature spontanée,,,2026-09-14T14:47:40.000Z,,Débutant accepté,,"7 Cr. Agr. du Midi est une structure basée à Carcassonne, active dans le secteur suggéré par son nom/service. Bien que les détails spécifiques sur ses activités ne soient pas précisés, l'agence semble jouer un rôle dans le domaine agricole. Je suis intéressé par une alternance en science des données et intelligence artificielle au sein de votre entreprise.",
SPONT-8-notaires-associes-andre-et-michel-vign,Candidature spontanée - Alternance Data / Science des données,8           Notaires associés - André et Michel Vignon,"11000, Carcassonne",Candidature spontanée,,,2026-09-14T14:47:40.000Z,,Débutant accepté,,"8 Notaires associés - André et Michel Vignon est une structure basée à Carcassonne, active dans le secteur notarial. Bien que les détails spécifiques sur leurs services ne soient pas précisés, leur nom suggère une expertise dans le domaine juridique et notarial. Je suis intéressé par une alternance en science des données et intelligence artificielle au sein de votre entreprise.",
SPONT-9-sarl-sud-florilege,Candidature spontanée - Alternance Data / Science des données,9                                   SARL Sud Florilège,"11000, Carcassonne",Candidature spontanée,,,2026-09-14T14:47:40.000Z,,Débutant accepté,,"9 SARL Sud Florilège est une structure basée à Carcassonne, active dans le secteur suggéré par son nom. Bien que les détails sur ses activités ne soient pas précisés, l'entreprise semble évoluer dans un domaine lié à la floriculture ou à la distribution de produits floraux. Je suis intéressé par une alternance en science des données et intelligence artificielle au sein de votre entreprise.",
SPONT-0-sica-doc,Candidature spontanée - Alternance Data / Science des données,0                                             SICA DOC,"11000, Carcassonne",Candidature spontanée,,,2026-09-14T14:47:40.000Z,,Débutant accepté,,"SICA DOC est une structure basée à Carcassonne, active dans le secteur suggéré par son nom/service. Bien que les détails sur ses activités ne soient pas précisés, l'entreprise semble être impliquée dans des domaines liés à la documentation ou à la gestion de données. Je suis intéressé par une alternance en science des données et intelligence artificielle au sein de votre équipe.",
SPONT-1-institut-de-formation-soins-infirmiers,Candidature spontanée - Alternance Data / Science des données,1               Institut de Formation Soins Infirmiers,"11890, Carcassonne",Candidature spontanée,,,2026-09-14T14:47:40.000Z,,Débutant accepté,,"L'Institut de Formation Soins Infirmiers est une structure basée à Carcassonne, active dans le secteur de la formation aux soins infirmiers. Bien que les détails sur ses services ne soient pas précisés, l'institut semble jouer un rôle dans l'éducation et la formation professionnelle. Je suis intéressé par une alternance en science des données et intelligence artificielle au sein de votre établissement.",
SPONT-2-la-maison-de-la-region,Candidature spontanée - Alternance Data / Science des données,2                               La Maison de la Région,"11000, Carcassonne",Candidature spontanée,,,2026-09-14T14:47:40.000Z,,Débutant accepté,,"La Maison de la Région est une structure basée à Carcassonne. Bien que le service concerné ne soit pas précisé, son nom suggère une implication dans des activités liées à la région. Je suis intéressé par une alternance en science des données et intelligence artificielle au sein de votre organisation.",
SPONT-3-on-line-sa,Candidature spontanée - Alternance Data / Science des données,3                                           ON LINE SA,"11000, Carcassonne",Candidature spontanée,,,2026-09-14T14:47:40.000Z,,Débutant accepté,,"3 ON LINE SA est une structure basée à Carcassonne, active dans le secteur suggéré par son nom/service. Bien que les détails spécifiques sur ses activités ne soient pas précisés, l'entreprise semble être impliquée dans des domaines liés à la technologie et aux données. Je suis intéressé par une alternance en science des données et intelligence artificielle au sein de votre équipe.",
SPONT-4-france-telecom-carcassonne,Candidature spontanée - Alternance Data / Science des données,4                           France Telecom Carcassonne,"11000, Carcassonne",Candidature spontanée,,,2026-09-14T14:47:40.000Z,,Débutant accepté,,"4 France Telecom Carcassonne est une structure basée à Carcassonne, active dans le secteur des télécommunications. Bien que les détails spécifiques sur ses services ne soient pas précisés, l'entreprise semble être impliquée dans des activités liées à la technologie et à la communication. Je suis intéressé par une alternance en science des données et intelligence artificielle au sein de votre équipe.",
SPONT-5-cr-agr-midi-carcassonne,Candidature spontanée - Alternance Data / Science des données,5                            Cr. Agr. Midi Carcassonne,"11000, Carcassonne",Candidature spontanée,,,2026-09-14T14:47:40.000Z,,Débutant accepté,,"5 Cr. Agr. Midi Carcassonne est une structure basée à Carcassonne, active dans le secteur suggéré par son nom/service. Bien que les détails spécifiques sur ses activités ne soient pas précisés, l'entreprise semble avoir un lien avec le domaine agricole. Je suis intéressé par une alternance en science des données et intelligence artificielle au sein de votre équipe.",
SPONT-6-europ-immobilier-internat-estate-agenc,Candidature spontanée - Alternance Data / Science des données,6        Europ Immobilier Internat - Estate agencySARL,"11000, Carcassonne",Candidature spontanée,,,2026-09-14T14:47:40.000Z,,Débutant accepté,,"6 Europ Immobilier Internat - Estate agency SARL est une structure basée à Carcassonne, active dans le secteur de l'immobilier, comme le suggère son nom. Bien que les détails spécifiques sur ses services ne soient pas précisés, l'entreprise semble être impliquée dans des activités liées à la gestion ou à la vente de biens immobiliers. Je suis intéressé par une alternance en science des données et intelligence artificielle au sein de votre équipe.",
SPONT-7-cite-de-carcassonne-et-fort-de-salses,Candidature spontanée - Alternance Data / Science des données,7                Cité de Carcassonne et Fort de Salses,"11000, Carcassonne",Candidature spontanée,,,2026-09-14T14:47:40.000Z,,Débutant accepté,,"7, située à Carcassonne, est une structure dont le service concerné n'est pas précisé. Elle est active dans le secteur suggéré par son nom et son adresse. Je suis intéressé par une alternance en science des données et intelligence artificielle au sein de votre entreprise.",
SPONT-8-notre-dame-de-labbaye-carcassonne,Candidature spontanée - Alternance Data / Science des données,8                  Notre Dame de lAbbaye - Carcassonne,"11000, Carcassonne",Candidature spontanée,,,2026-09-14T14:47:40.000Z,,Débutant accepté,,"8 Notre Dame de lAbbaye est une structure basée à Carcassonne. Bien que les détails spécifiques sur ses activités ne soient pas précisés, son nom et son adresse suggèrent une implication dans un secteur lié à la communauté locale. Je suis intéressé par une alternance en science des données et intelligence artificielle au sein de votre organisation.",
SPONT-9-cpam-de-laude,Candidature spontanée - Alternance Data / Science des données,9                                        CPAM de lAude,"11000, Carcassonne",Candidature spontanée,,,2026-09-14T14:47:40.000Z,,Débutant accepté,,"La CPAM de l'Aude est une structure basée à Carcassonne, active dans le secteur de la protection sociale. Bien que les détails spécifiques sur ses services ne soient pas précisés, elle est impliquée dans des activités liées à la santé et à l'assurance maladie. Je suis intéressé par une alternance en science des données et intelligence artificielle au sein de cette organisation.",
SPONT-0-cr-agr-midi-carc-varilla,Candidature spontanée - Alternance Data / Science des données,0                          Cr. Agr. Midi Carc. Varilla,"11000, Carcassonne",Candidature spontanée,,,2026-09-14T14:47:40.000Z,,Débutant accepté,,"0 Cr. Agr. Midi Carc. Varilla est une structure basée à Carcassonne, active dans le secteur suggéré par son nom/service. Bien que les détails spécifiques sur ses activités ne soient pas précisés, l'entreprise semble avoir un lien avec le domaine agricole. Je suis intéressé par une alternance en science des données et intelligence artificielle au sein de votre équipe.",
SPONT-1-c-e-c-rene-nelli,Candidature spontanée - Alternance Data / Science des données,1                                  C.E.C. / René NELLI,"11004, Carcassonne",Candidature spontanée,,,2026-09-14T14:47:40.000Z,,Débutant accepté,,"1 C.E.C. / René NELLI est une structure basée à Carcassonne. Les informations disponibles sur son domaine d'activité et ses services sont limitées. Cependant, l'entreprise semble être active dans un secteur suggéré par son nom.",
SPONT-2-dde-de-laude,Candidature spontanée - Alternance Data / Science des données,2                                         DDE de lAude,"11000, Carcassonne",Candidature spontanée,,,2026-09-14T14:47:40.000Z,,Débutant accepté,,"Structure basée à Carcassonne, active dans le secteur suggéré par son nom/service. Bien que les détails spécifiques sur ses activités ne soient pas fournis, l'entreprise semble avoir un lien avec des services liés à l'Aude. Je suis intéressé par une opportunité d'alternance en science des données et intelligence artificielle au sein de votre équipe.",
SPONT-3-credit-agricole,Candidature spontanée - Alternance Data / Science des données,3                                      Crédit Agricole,"11000, Carcassonne",Candidature spontanée,,,2026-09-14T14:47:40.000Z,,Débutant accepté,,"Structure basée à Carcassonne, active dans le secteur suggéré par son nom/service. Le Crédit Agricole est une institution financière qui pourrait offrir des opportunités dans le domaine de la science des données et de l'intelligence artificielle. Je suis intéressé par une alternance qui me permettrait de contribuer à des projets innovants au sein de votre équipe.",
SPONT-4-chambre-dagriculture-de-laude-pole-ter,Candidature spontanée - Alternance Data / Science des données,4      Chambre dAgriculture de lAude - Pôle territoire,"11878, Carcassonne",Candidature spontanée,,,2026-09-14T14:47:40.000Z,,Débutant accepté,,"La Chambre d'Agriculture de l'Aude - Pôle territoire est une structure basée à Carcassonne, active dans le secteur suggéré par son nom. Elle est située à ZA de Sautés à Trèbes. Les activités précises de l'entreprise ne sont pas spécifiées, mais elle semble être impliquée dans des initiatives liées au territoire.",
SPONT-5-entec-l-r,Candidature spontanée - Alternance Data / Science des données,5                                           ENTEC L.R.,"11000, Carcassonne",Candidature spontanée,,,2026-09-14T14:47:40.000Z,,Débutant accepté,,"ENTEC L.R. est une structure basée à Carcassonne, active dans le secteur suggéré par son nom/service. Bien que les détails spécifiques sur ses activités ne soient pas précisés, l'entreprise semble être impliquée dans des domaines liés à la science des données et à l'intelligence artificielle. Je suis intéressé par une opportunité d'alternance au sein de votre équipe.",
SPONT-6-mairie-de-carcassonne,Candidature spontanée - Alternance Data / Science des données,6                                Mairie de Carcassonne,"11000, Carcassonne",Candidature spontanée,,,2026-09-14T14:47:40.000Z,,Débutant accepté,,"La Mairie de Carcassonne est une structure basée à Carcassonne, active dans le secteur public. Bien que les services spécifiques ne soient pas précisés, elle joue un rôle essentiel dans la gestion et le développement de la ville. Je suis intéressé par une alternance en science des données et intelligence artificielle au sein de cette institution.",
SPONT-7-tressol-chbrier-carcassonne,Candidature spontanée - Alternance Data / Science des données,7                          TRESSOL CHBRIER CARCASSONNE,"11870, Carcassonne",Candidature spontanée,,,2026-09-14T14:47:40.000Z,,Débutant accepté,,"7 TRESSOL CHBRIER CARCASSONNE est une structure basée à Carcassonne, active dans le secteur suggéré par son nom/service. Bien que les détails spécifiques sur ses activités ne soient pas précisés, l'entreprise semble avoir une expertise dans son domaine. Je suis intéressé par une opportunité d'alternance en science des données et intelligence artificielle au sein de votre équipe.",
SPONT-8-bios-informatique,Candidature spontanée - Alternance Data / Science des données,8                                    BIOS INFORMATIQUE,"11000, Carcassonne",Candidature spontanée,,,2026-09-14T14:47:40.000Z,,Débutant accepté,,"8 BIOS INFORMATIQUE est une structure basée à Carcassonne, active dans le secteur suggéré par son nom. Bien que les détails spécifiques sur ses activités ne soient pas précisés, l'entreprise semble évoluer dans le domaine de l'informatique. Je suis intéressé par une alternance en science des données et intelligence artificielle au sein de votre équipe.",
SPONT-9-cabinet-jean-pierre-bobichon,Candidature spontanée - Alternance Data / Science des données,9                         Cabinet Jean-Pierre Bobichon,"11000, Carcassonne",Candidature spontanée,,,2026-09-14T14:47:40.000Z,,Débutant accepté,,"Le Cabinet Jean-Pierre Bobichon est une structure basée à Carcassonne. Bien que les détails sur ses activités ne soient pas précisés, son nom suggère une implication dans des services professionnels. Je suis intéressé par une alternance en science des données et intelligence artificielle au sein de votre cabinet.",
SPONT-0-ets-melix-sas,Candidature spontanée - Alternance Data / Science des données,0                                        ETS MELIX SAS,"11400, Carcassonne",Candidature spontanée,,,2026-09-14T14:47:40.000Z,,Débutant accepté,,"ETS MELIX SAS est une structure basée à Carcassonne, active dans le secteur suggéré par son nom/service. Bien que les détails spécifiques sur ses activités ne soient pas précisés, l'entreprise semble évoluer dans un environnement propice à l'innovation et à l'application des sciences des données. Je suis intéressé par une alternance qui me permettrait de contribuer à ses projets tout en développant mes compétences en science des données et intelligence artificielle.",
SPONT-1-diablo-pc,Candidature spontanée - Alternance Data / Science des données,1                                            DIABLO PC,"11000, Carcassonne",Candidature spontanée,,,2026-09-14T14:47:40.000Z,,Débutant accepté,,"DIABLO PC est une structure basée à Carcassonne, active dans le secteur suggéré par son nom/service. Bien que les détails concernant ses activités spécifiques ne soient pas précisés, l'entreprise semble évoluer dans un domaine lié à l'informatique. Je suis intéressé par une alternance en science des données et intelligence artificielle au sein de votre équipe.",
SPONT-2-faol-foyer-des-jeunes-travailleurs-de-,Candidature spontanée - Alternance Data / Science des données,2    FAOL Foyer des Jeunes Travailleurs de Carcassonne,"11000, Carcassonne",Candidature spontanée,,,2026-09-14T14:47:40.000Z,,Débutant accepté,,"2 FAOL Foyer des Jeunes Travailleurs de Carcassonne est une structure basée à Carcassonne, active dans le secteur suggéré par son nom/service. Bien que les détails spécifiques sur ses activités ne soient pas précisés, elle semble s'engager auprès des jeunes travailleurs. Je suis intéressé par une alternance en science des données et intelligence artificielle au sein de votre organisation.",
SPONT-3-centre-hospitalier-antoine-gayraud,Candidature spontanée - Alternance Data / Science des données,3                  Centre hospitalier Antoine Gayraud,"11890, Carcassonne",Candidature spontanée,,,2026-09-14T14:47:40.000Z,,Débutant accepté,,"Le Centre hospitalier Antoine Gayraud est une structure basée à Carcassonne, active dans le secteur de la santé. Bien que les services spécifiques ne soient pas précisés, l'établissement semble jouer un rôle important dans le domaine hospitalier. Je suis intéressé par une alternance en science des données et intelligence artificielle au sein de votre institution.",
SPONT-4-groupe-uccoar,Candidature spontanée - Alternance Data / Science des données,4                                        Groupe UCCOAR,"11880, Carcassonne",Candidature spontanée,,,2026-09-14T14:47:40.000Z,,Débutant accepté,,"4 Groupe UCCOAR est une structure basée à Carcassonne, active dans un secteur suggéré par son nom/service. Bien que les détails spécifiques sur ses activités ne soient pas précisés, l'entreprise semble avoir un intérêt pour des domaines liés à la science des données et à l'intelligence artificielle. Je suis motivé à contribuer à ses projets et à développer mes compétences dans ce domaine.",
SPONT-5-logifrance-informatique,Candidature spontanée - Alternance Data / Science des données,5                              Logifrance Informatique,"11000, Carcassonne",Candidature spontanée,,,2026-09-14T14:47:40.000Z,,Débutant accepté,,"Logifrance Informatique est une structure basée à Carcassonne, active dans le secteur suggéré par son nom/service. Bien que les détails spécifiques sur ses activités ne soient pas précisés, l'entreprise semble évoluer dans le domaine de l'informatique. Je suis intéressé par une alternance en science des données et intelligence artificielle au sein de votre équipe.",
SPONT-6-centre-de-la-gestion-de-la-fpt-de-laud,Candidature spontanée - Alternance Data / Science des données,6              Centre de la Gestion de la FPT de lAude,"11022, Carcassonne",Candidature spontanée,,,2026-09-14T14:47:40.000Z,,Débutant accepté,,"Le 6 Centre de la Gestion de la FPT de l'Aude est une structure basée à Carcassonne, active dans le secteur suggéré par son nom. Bien que les détails sur ses activités ne soient pas précisés, elle semble jouer un rôle dans la gestion des ressources humaines ou des services publics. Je suis intéressé par une alternance en science des données et intelligence artificielle au sein de votre organisation.",
SPONT-7-snce,Candidature spontanée - Alternance Data / Science des données,7                                                 SNCE,Carcassonne,Candidature spontanée,,,2026-09-14T14:47:40.000Z,,Débutant accepté,,"7 SNCE est une structure basée à Carcassonne, active dans un secteur suggéré par son nom/service. Bien que les détails spécifiques sur ses activités ne soient pas précisés, l'entreprise semble ouverte à des initiatives innovantes. Je suis intéressé par une alternance en science des données et intelligence artificielle au sein de votre équipe.",
SPONT-8-renault-carcassonne,Candidature spontanée - Alternance Data / Science des données,8                                  Renault Carcassonne,"11001, Carcassonne",Candidature spontanée,,,2026-09-14T14:47:40.000Z,,Débutant accepté,,"8 Renault Carcassonne est une structure basée à Carcassonne, active dans le secteur suggéré par son nom. Bien que les détails spécifiques sur ses activités ne soient pas précisés, l'entreprise semble évoluer dans un environnement lié à l'automobile. Je suis intéressé par une alternance en science des données et intelligence artificielle au sein de votre équipe.",
SPONT-9-la-poste-carcassonne,Candidature spontanée - Alternance Data / Science des données,9                                 La Poste Carcassonne,"11848, Carcassonne",Candidature spontanée,,,2026-09-14T14:47:40.000Z,,Débutant accepté,,"La Poste Carcassonne est une structure basée à Carcassonne, active dans le secteur suggéré par son nom. Bien que les détails sur ses activités spécifiques ne soient pas précisés, l'entreprise est historiquement liée à des services de communication et de logistique. Je suis intéressé par une alternance en science des données et intelligence artificielle au sein de votre équipe.",
SPONT-0-centre-oenologie-de-carcassonne,Candidature spontanée - Alternance Data / Science des données,0                      Centre oenologie de Carcassonne,"11800, Carcassonne",Candidature spontanée,,,2026-09-14T14:47:40.000Z,,Débutant accepté,,"Le Centre oenologie de Carcassonne est une structure basée à Carcassonne, active dans le secteur suggéré par son nom. Bien que les détails sur ses activités spécifiques ne soient pas précisés, l'entreprise semble être impliquée dans le domaine de l'œnologie. Je suis intéressé par une alternance en science des données et intelligence artificielle au sein de votre organisation.",
SPONT-1-aircelle,Candidature spontanée - Alternance Data / Science des données,1                                             AIRCELLE,"11000, Carcassonne",Candidature spontanée,,,2026-09-14T14:47:40.000Z,,Débutant accepté,,"AIRCELLE est une structure basée à Carcassonne, active dans le secteur suggéré par son nom/service. Bien que les détails spécifiques sur ses activités ne soient pas précisés, l'entreprise semble évoluer dans un domaine lié à l'innovation et aux technologies. Je suis intéressé par une opportunité d'alternance en science des données et intelligence artificielle au sein de votre équipe.",
SPONT-2-chambre-des-metiers,Candidature spontanée - Alternance Data / Science des données,2                                  Chambre des Métiers,"11000, Carcassonne",Candidature spontanée,,,2026-09-14T14:47:40.000Z,,Débutant accepté,,"Structure basée à Carcassonne, active dans le secteur suggéré par son nom/service. Bien que les détails spécifiques sur les activités de la Chambre des Métiers ne soient pas précisés, elle est généralement impliquée dans le soutien et le développement des métiers artisanaux. Je suis intéressé par une alternance en science des données et intelligence artificielle au sein de votre organisation.",
SPONT-3-cooperative-agricole,Candidature spontanée - Alternance Data / Science des données,3                                 Coopérative Agricole,"11000, Carcassonne",Candidature spontanée,,,2026-09-14T14:47:40.000Z,,Débutant accepté,,"3 Coopérative Agricole est une structure basée à Carcassonne, active dans le secteur suggéré par son nom. Bien que les détails spécifiques sur ses activités ne soient pas fournis, elle semble évoluer dans un environnement lié à l'agriculture. Je suis intéressé par une alternance en science des données et intelligence artificielle au sein de votre coopérative.",
SPONT-4-veolia-transport-aeroport-de-carcasson,Candidature spontanée - Alternance Data / Science des données,4           Véolia transport - Aéroport de Carcassonne,"11000, Carcassonne",Candidature spontanée,,,2026-09-14T14:47:40.000Z,,Débutant accepté,,"4 Véolia transport est une structure basée à Carcassonne, active dans le secteur du transport, comme le suggère son nom. Bien que les détails spécifiques sur ses services ne soient pas précisés, l'entreprise opère probablement dans le domaine du transport lié à l'aéroport de Carcassonne. Je suis intéressé par une alternance en science des données et intelligence artificielle au sein de votre équipe.",
SPONT-5-edf-gdf-services-vallees-daude,Candidature spontanée - Alternance Data / Science des données,5                     EDF-GDF Services - Vallées dAude,"11000, Carcassonne",Candidature spontanée,,,2026-09-14T14:47:40.000Z,,Débutant accepté,,"EDF-GDF Services - Vallées d'Aude est une structure basée à Carcassonne, active dans le secteur suggéré par son nom/service. Bien que les détails spécifiques sur ses activités ne soient pas précisés, l'entreprise semble être impliquée dans des services liés à l'énergie. Je suis intéressé par une alternance en science des données et intelligence artificielle au sein de votre équipe.",
SPONT-6-ets-pueyo-et-cie,Candidature spontanée - Alternance Data / Science des données,6                                     Ets Pueyo et Cie,"11009, Carcassonne",Candidature spontanée,,,2026-09-14T14:47:40.000Z,,Débutant accepté,,"6 Ets Pueyo et Cie est une structure basée à Carcassonne, active dans le secteur suggéré par son nom/service. Bien que les détails spécifiques sur ses activités ne soient pas précisés, l'entreprise semble avoir une présence dans un domaine lié à la science des données ou à l'intelligence artificielle. Je suis intéressé par une alternance qui me permettrait de contribuer à ses projets tout en développant mes compétences.",
SPONT-7-cmi-cite-administrative,Candidature spontanée - Alternance Data / Science des données,7                             CMI cité administrative,"11000, Carcassonne",Candidature spontanée,,,2026-09-14T14:47:40.000Z,,Débutant accepté,,"7 CMI cité administrative est une structure basée à Carcassonne. Les informations disponibles ne précisent pas le service concerné, mais l'entreprise semble active dans un secteur lié à l'administration. Je suis intéressé par une alternance en science des données et intelligence artificielle au sein de votre organisation.",
SPONT-8-la-penombre-jeux-automatiques,Candidature spontanée - Alternance Data / Science des données,8                      La Pénombre - Jeux automatiques,"11000, Carcassonne",Candidature spontanée,,,2026-09-14T14:47:40.000Z,,Débutant accepté,,"8 La Pénombre est une structure basée à Carcassonne, active dans le secteur des jeux automatiques. Bien que les détails spécifiques sur ses activités ne soient pas précisés, l'entreprise semble évoluer dans un domaine lié au divertissement. Je suis intéressé par une alternance en science des données et intelligence artificielle au sein de votre équipe.",
SPONT-9-cr-agr-carcassonne,Candidature spontanée - Alternance Data / Science des données,9                                 Cr. Agr. Carcassonne,"11000, Carcassonne",Candidature spontanée,,,2026-09-14T14:47:40.000Z,,Débutant accepté,,"9 Cr. Agr. Carcassonne est une structure basée à Carcassonne, active dans le secteur suggéré par son nom/service. Bien que les détails spécifiques sur ses activités ne soient pas précisés, l'entreprise semble évoluer dans un environnement où la science des données et l'intelligence artificielle pourraient jouer un rôle significatif. Je suis intéressé par une alternance qui me permettrait de contribuer à ses projets tout en développant mes compétences dans ce domaine.",
SPONT-0-universite-de-perpignan-iut-stid-de-ca,Candidature spontanée - Alternance Data / Science des données,0    Université de Perpignan - IUT STID de Carcassonne,"11000, Carcassonne",Candidature spontanée,,,2026-09-14T14:47:40.000Z,,Débutant accepté,,"L'Université de Perpignan - IUT STID de Carcassonne est une structure basée à Carcassonne. Bien que les informations sur ses activités spécifiques ne soient pas précisées, elle semble être active dans le domaine de la science des données et de l'intelligence artificielle, en lien avec son nom et son service. Je suis intéressé par une alternance dans ce secteur.",
SPONT-1-office-national-des-forets-aude-pyrene,Candidature spontanée - Alternance Data / Science des données,1  Office National des Forêts Aude-Pyrénées Orientales,"11000, Carcassonne",Candidature spontanée,,,2026-09-14T14:47:40.000Z,,Débutant accepté,,"L'Office National des Forêts Aude-Pyrénées Orientales est une structure basée à Carcassonne, active dans le secteur suggéré par son nom. Bien que les détails sur ses activités spécifiques ne soient pas précisés, l'organisation semble jouer un rôle dans la gestion des ressources forestières. Je suis intéressé par une alternance en science des données et intelligence artificielle au sein de cette institution.",
SPONT-2-mouvement,Candidature spontanée - Alternance Data / Science des données,2                                            Mouvement,"11000, Carcassonne",Candidature spontanée,,,2026-09-14T14:47:40.000Z,,Débutant accepté,,"2 Mouvement est une structure basée à Carcassonne. Les informations disponibles sur son secteur d'activité et ses services ne sont pas précisées, mais son nom suggère une implication dans des domaines liés au mouvement ou à la dynamique. Je suis intéressé par une alternance en science des données et intelligence artificielle au sein de votre entreprise.",
SPONT-3-lyonnaise-des-eaux-dumez-carcassonne,Candidature spontanée - Alternance Data / Science des données,3               Lyonnaise des Eaux - Dumez Carcassonne,"11000, Carcassonne",Candidature spontanée,,,2026-09-14T14:47:40.000Z,,Débutant accepté,,"3 Lyonnaise des Eaux - Dumez Carcassonne est une structure basée à Carcassonne, active dans le secteur suggéré par son nom/service. Bien que les détails spécifiques sur ses activités ne soient pas fournis, l'entreprise semble évoluer dans un domaine lié à l'eau et aux services associés. Je suis intéressé par une alternance en science des données et intelligence artificielle au sein de votre équipe.",
SPONT-4-cias-du-carcassonnais,Candidature spontanée - Alternance Data / Science des données,4                                CIAS du Carcassonnais,"11000, Carcassonne",Candidature spontanée,,,2026-09-14T14:47:40.000Z,,Débutant accepté,,"Le CIAS du Carcassonnais est une structure basée à Carcassonne, active dans le secteur suggéré par son nom. Bien que les détails spécifiques sur ses activités ne soient pas précisés, elle semble œuvrer dans un domaine lié aux services sociaux ou à l'accompagnement. Je suis intéressé par une alternance en science des données et intelligence artificielle au sein de votre organisation.",
SPONT-5-mission-locale-du-bassin-carcassonnais,Candidature spontanée - Alternance Data / Science des données,5               Mission Locale du Bassin Carcassonnais,"11000, Carcassonne",Candidature spontanée,,,2026-09-14T14:47:40.000Z,,Débutant accepté,,"La Mission Locale du Bassin Carcassonnais est une structure basée à Carcassonne, active dans le secteur suggéré par son nom. Elle a pour objectif d'accompagner les jeunes dans leur insertion professionnelle. Bien que les détails spécifiques sur ses services ne soient pas précisés, elle joue un rôle important dans le soutien à l'emploi local.",
SPONT-6-andre,Candidature spontanée - Alternance Data / Science des données,6                                                ANDRE,"11000, Carcassonne",Candidature spontanée,,,2026-09-14T14:47:40.000Z,,Débutant accepté,,"6 ANDRE est une structure basée à Carcassonne, dont le service concerné n'est pas précisé. Bien que les détails sur ses activités ne soient pas disponibles, l'entreprise semble être active dans un secteur lié à son nom. Je souhaite proposer ma candidature pour une alternance en science des données et intelligence artificielle.",
SPONT-7-aude-ariege-informatique,Candidature spontanée - Alternance Data / Science des données,7                             Aude Ariège Informatique,"11000, Carcassonne",Candidature spontanée,,,2026-09-14T14:47:40.000Z,,Débutant accepté,,"7 Aude Ariège Informatique est une structure basée à Carcassonne, active dans le secteur suggéré par son nom. Bien que les détails spécifiques sur ses activités ne soient pas précisés, l'entreprise semble être impliquée dans le domaine de l'informatique. Je suis intéressé par une alternance en science des données et intelligence artificielle au sein de votre équipe.",
SPONT-8-midirep,Candidature spontanée - Alternance Data / Science des données,8                                              MIDIREP,"11000, Carcassonne",Candidature spontanée,,,2026-09-14T14:47:40.000Z,,Débutant accepté,,"MIDIREP est une structure basée à Carcassonne, active dans le secteur suggéré par son nom/service. Bien que les détails spécifiques sur ses activités ne soient pas précisés, l'entreprise semble évoluer dans un domaine lié à la science des données ou à l'intelligence artificielle. Je suis intéressé par une opportunité d'alternance au sein de votre équipe.",
SPONT-9-cic-societe-bordelaise,Candidature spontanée - Alternance Data / Science des données,9                               CIC Société Bordelaise,"11000, Carcassonne",Candidature spontanée,,,2026-09-14T14:47:40.000Z,,Débutant accepté,,"9 CIC Société Bordelaise est une structure basée à Carcassonne. Les informations disponibles sur son service et ses activités ne sont pas précisées, mais son nom suggère une implication dans le secteur bancaire ou financier. Je suis intéressé par une alternance en science des données et intelligence artificielle au sein de votre entreprise.",
SPONT-0-administration-publique,Candidature spontanée - Alternance Data / Science des données,0                              Administration Publique,"11106, Carcassonne",Candidature spontanée,,,2026-09-14T14:47:40.000Z,,Débutant accepté,,"Structure basée à Carcassonne, active dans le secteur de l'administration publique. Bien que les détails spécifiques sur ses activités ne soient pas précisés, elle semble jouer un rôle dans la gestion et le service public. Je suis intéressé par une alternance en science des données et intelligence artificielle au sein de votre organisation.",
SPONT-1-charles-frederic,Candidature spontanée - Alternance Data / Science des données,1                                     Charles Frédéric,"11880, Carcassonne",Candidature spontanée,,,2026-09-14T14:47:40.000Z,,Débutant accepté,,"Structure basée à Carcassonne, active dans le secteur suggéré par son nom/service. L'entreprise est située à la ZI de Félines et dispose d'une adresse postale à BP 1095. Les informations concernant son site web et ses activités spécifiques ne sont pas disponibles.",
SPONT-2-cabinet-gueneret,Candidature spontanée - Alternance Data / Science des données,2                                     Cabinet GUENERET,"11000, Carcassonne",Candidature spontanée,,,2026-09-14T14:47:40.000Z,,Débutant accepté,,"Le Cabinet GUENERET est une structure basée à Carcassonne. Bien que les détails sur ses services ne soient pas précisés, son nom suggère une activité dans le domaine du conseil ou des services professionnels. Je suis intéressé par une alternance en science des données et intelligence artificielle au sein de votre cabinet.",
SPONT-3-faol-service-vacances-pour-tous,Candidature spontanée - Alternance Data / Science des données,3                    FAOL - service Vacances Pour Tous,"11020, Carcassonne",Candidature spontanée,,,2026-09-14T14:47:40.000Z,,Débutant accepté,,"3 FAOL - service Vacances Pour Tous est une structure basée à Carcassonne, active dans le secteur suggéré par son nom/service. Bien que les détails spécifiques sur ses activités ne soient pas précisés, l'entreprise semble être impliquée dans des services liés aux vacances. Je suis intéressé par une alternance en science des données et intelligence artificielle au sein de votre organisation.",
SPONT-4-adoc-11,Candidature spontanée - Alternance Data / Science des données,4                                              ADOC 11,"11000, Carcassonne",Candidature spontanée,,,2026-09-14T14:47:40.000Z,,Débutant accepté,,"4 ADOC 11 est une structure basée à Carcassonne, active dans le secteur suggéré par son nom/service. Bien que les détails spécifiques sur ses activités ne soient pas précisés, l'entreprise semble s'intéresser à des domaines liés à la science des données et à l'intelligence artificielle. Je souhaite proposer ma candidature pour une alternance dans ce domaine.",
SPONT-5-addmd-11,Candidature spontanée - Alternance Data / Science des données,5                                             ADDMD 11,"11000, Carcassonne",Candidature spontanée,,,2026-09-14T14:47:40.000Z,,Débutant accepté,,"5 ADDMD 11 est une structure basée à Carcassonne, dont le service concerné n'est pas précisé. Bien que les détails sur ses activités ne soient pas disponibles, l'entreprise semble active dans un secteur lié à son nom. Je suis intéressé par une alternance en science des données et intelligence artificielle au sein de votre équipe.",
SPONT-6-college-pierre-et-marie-curie,Candidature spontanée - Alternance Data / Science des données,6                        Collège Pierre et Marie Curie,"11160, Carcassonne",Candidature spontanée,,,2026-09-14T14:47:40.000Z,,Débutant accepté,,"Structure basée à Carcassonne, active dans le secteur suggéré par son nom/service. Le Collège Pierre et Marie Curie est une institution éducative qui pourrait bénéficier de l'intégration de compétences en science des données et en intelligence artificielle. Je suis intéressé par une alternance qui me permettrait de contribuer à des projets en lien avec ces domaines.",
SPONT-7-conseil-general-de-la-vendee,Candidature spontanée - Alternance Data / Science des données,7                         Conseil Général de la Vendée,"11855, Carcassonne",Candidature spontanée,,,2026-09-14T14:47:40.000Z,,Débutant accepté,,"Le Conseil Général de la Vendée est une structure basée à Carcassonne, active dans le secteur public. Bien que les détails sur ses activités spécifiques ne soient pas précisés, il est probable qu'elle soit impliquée dans des projets liés à la gestion des données et à l'amélioration des services publics. Je suis intéressé par une alternance en science des données et intelligence artificielle au sein de votre organisation.",
SPONT-8-ddass-de-laude,Candidature spontanée - Alternance Data / Science des données,8                                       DDASS de lAude,"11000, Carcassonne",Candidature spontanée,,,2026-09-14T14:47:40.000Z,,Débutant accepté,,"8 DDASS de l'Aude est une structure basée à Carcassonne, active dans le secteur suggéré par son nom. Bien que les détails concernant ses activités spécifiques ne soient pas précisés, elle semble jouer un rôle dans le domaine de la santé ou des services sociaux. Je suis intéressé par une alternance en science des données et intelligence artificielle au sein de votre organisation.",
SPONT-9-icionvousvoit-com,Candidature spontanée - Alternance Data / Science des données,9                                    Icionvousvoit.com,"11000, Carcassonne",Candidature spontanée,,,2026-09-14T14:47:40.000Z,,Débutant accepté,,"9 est une structure basée à Carcassonne, active dans le secteur suggéré par son nom/service. L'entreprise est située au 38 rue Victor Hugo. Les informations spécifiques sur ses activités ou projets ne sont pas disponibles.",
SPONT-0-dir-dep-de-la-poste-de-laude,Candidature spontanée - Alternance Data / Science des données,0                       Dir. Dép. de La Poste de lAude,"11848, Carcassonne",Candidature spontanée,,,2026-09-14T14:47:40.000Z,,Débutant accepté,,"La Dir. Dép. de La Poste de l'Aude est une structure basée à Carcassonne. Bien que les détails spécifiques sur ses activités ne soient pas fournis, elle opère dans le secteur suggéré par son nom. Cette entreprise pourrait être impliquée dans des services liés à la logistique et à la communication, typiques des services postaux.",
SPONT-1-mutuelle-sociale-agricole,Candidature spontanée - Alternance Data / Science des données,1                            Mutuelle Sociale Agricole,"11011, Carcassonne",Candidature spontanée,,,2026-09-14T14:47:40.000Z,,Débutant accepté,,"La Mutuelle Sociale Agricole est une structure basée à Carcassonne, active dans le secteur suggéré par son nom. Bien que les détails sur ses services ne soient pas précisés, elle semble œuvrer dans le domaine de la protection sociale. Je suis intéressé par une alternance en science des données et intelligence artificielle au sein de votre entreprise.",
SPONT-2-agence-locale-pour-lemploi,Candidature spontanée - Alternance Data / Science des données,2                           Agence Locale pour lemploi,"11000, Carcassonne",Candidature spontanée,,,2026-09-14T14:47:40.000Z,,Débutant accepté,,"2 Agence Locale pour l'emploi est une structure basée à Carcassonne, active dans le secteur suggéré par son nom/service. Bien que les détails spécifiques sur ses activités ne soient pas fournis, elle semble jouer un rôle dans le soutien à l'emploi local. Je suis intéressé par une alternance en science des données et intelligence artificielle au sein de votre équipe.",
SPONT-3-centre-joe-bousquet-et-son-temps,Candidature spontanée - Alternance Data / Science des données,3                     Centre Joë Bousquet et son Temps,"11000, Carcassonne",Candidature spontanée,,,2026-09-14T14:47:40.000Z,,Débutant accepté,,"Le Centre Joë Bousquet et son Temps est une structure basée à Carcassonne. Bien que les détails sur ses activités ne soient pas précisés, son nom suggère une implication dans des domaines liés à la culture ou à la mémoire. Je suis intéressé par une alternance en science des données et intelligence artificielle au sein de votre établissement.",
SPONT-4-polyclinique-le-languedoc,Candidature spontanée - Alternance Data / Science des données,4                            Polyclinique Le Languedoc,"11100, Carcassonne",Candidature spontanée,,,2026-09-14T14:47:40.000Z,,Débutant accepté,,"La Polyclinique Le Languedoc est une structure basée à Carcassonne, active dans le secteur de la santé. Bien que les détails spécifiques sur ses services ne soient pas précisés, elle semble jouer un rôle dans le domaine médical. Je suis intéressé par une alternance en science des données et intelligence artificielle au sein de votre établissement.",
SPONT-5-sarl-sportsoft,Candidature spontanée - Alternance Data / Science des données,5                                       SARL SPORTSOFT,"11300, Carcassonne",Candidature spontanée,,,2026-09-14T14:47:40.000Z,,Débutant accepté,,"5 SARL SPORTSOFT est une structure basée à Carcassonne, active dans le secteur suggéré par son nom. Bien que les détails sur ses activités ne soient pas précisés, l'entreprise semble évoluer dans un domaine lié au sport. Je suis intéressé par une alternance en science des données et intelligence artificielle au sein de votre équipe.",
SPONT-6-havas-regie,Candidature spontanée - Alternance Data / Science des données,6                                          Havas Régie,"11000, Carcassonne",Candidature spontanée,,,2026-09-14T14:47:40.000Z,,Débutant accepté,,"Havas Régie est une structure basée à Carcassonne, active dans le secteur suggéré par son nom/service. Bien que les détails spécifiques sur ses activités ne soient pas précisés, l'entreprise semble évoluer dans un environnement lié à la régie publicitaire. Je suis intéressé par une alternance en science des données et intelligence artificielle au sein de votre équipe.",
SPONT-7-ironico-informatique-bureautique,Candidature spontanée - Alternance Data / Science des données,7                     Ironico Informatique Bureautique,"11000, Carcassonne",Candidature spontanée,,,2026-09-14T14:47:40.000Z,,Débutant accepté,,"7 Ironico Informatique Bureautique est une structure basée à Carcassonne, active dans le secteur suggéré par son nom. Bien que les détails sur ses services ne soient pas précisés, l'entreprise semble évoluer dans le domaine de l'informatique et de la bureautique. Je suis intéressé par une alternance en science des données et intelligence artificielle au sein de votre équipe.",
SPONT-8-aquaclub-de-trebes,Candidature spontanée - Alternance Data / Science des données,8                                   Aquaclub de Trèbes,"11100, Carcassonne",Candidature spontanée,,,2026-09-14T14:47:40.000Z,,Débutant accepté,,"L'Aquaclub de Trèbes est une structure basée à Carcassonne, active dans le secteur suggéré par son nom. Bien que les informations sur ses services ne soient pas précisées, l'entreprise semble être impliquée dans des activités liées à l'eau ou aux loisirs aquatiques. Je suis intéressé par une alternance en science des données et intelligence artificielle au sein de votre établissement.",
SPONT-9-ddcspp-de-laude,Candidature spontanée - Alternance Data / Science des données,9                                      DDCSPP de lAude,"11807, Carcassonne",Candidature spontanée,,,2026-09-14T14:47:40.000Z,,Débutant accepté,,"La DDCSPP de l'Aude est une structure basée à Carcassonne. Bien que les informations sur ses activités spécifiques ne soient pas précisées, elle opère dans un secteur suggéré par son nom et son service. Je suis intéressé par une alternance en science des données et intelligence artificielle au sein de votre organisation.",
SPONT-0-communaute-dagglomeration-du-carcasson,Candidature spontanée - Alternance Data / Science des données,0           Communauté dAgglomération du Carcassonnais,"11000, Carcassonne",Candidature spontanée,,,2026-09-14T14:47:40.000Z,,Débutant accepté,,"La Communauté d'Agglomération du Carcassonnais est une structure basée à Carcassonne. Bien que les détails sur ses activités ne soient pas précisés, elle semble active dans le secteur suggéré par son nom et ses services. Je suis intéressé par une opportunité d'alternance en science des données et intelligence artificielle au sein de cette organisation.",
SPONT-1-hand-ball-club-carcassonnais,Candidature spontanée - Alternance Data / Science des données,1                         Hand Ball Club Carcassonnais,"11000, Carcassonne",Candidature spontanée,,,2026-09-14T14:47:40.000Z,,Débutant accepté,,"Le Hand Ball Club Carcassonnais est une structure basée à Carcassonne, active dans le secteur du handball. Bien que les détails spécifiques sur ses activités ne soient pas fournis, l'organisation semble jouer un rôle dans la promotion et le développement de ce sport au sein de la communauté locale. Je suis intéressé par une alternance en science des données et intelligence artificielle au sein de votre structure.",
SPONT-3-extra-compt-s-n-c,Candidature spontanée - Alternance Data / Science des données,3                                   EXTRA COMPT S.N.C.,Carcassonne,Candidature spontanée,,,2026-09-14T14:47:40.000Z,,Débutant accepté,,"3 EXTRA COMPT S.N.C. est une structure basée à Carcassonne, active dans le secteur suggéré par son nom/service. Bien que les détails spécifiques sur ses activités ne soient pas précisés, l'entreprise semble avoir une orientation vers des services liés à la comptabilité ou à la gestion. Je suis intéressé par une alternance en science des données et intelligence artificielle au sein de votre équipe.",
SPONT-4-ddfp-de-laude,Candidature spontanée - Alternance Data / Science des données,4                                        DDFP de lAude,"11000, Carcassonne",Candidature spontanée,,,2026-09-14T14:47:40.000Z,,Débutant accepté,,"Structure basée à Carcassonne, active dans le secteur suggéré par son nom/service. Bien que les détails spécifiques sur les activités de l'entreprise ne soient pas précisés, elle semble avoir un lien avec des domaines liés à la gestion ou à l'administration. Je suis intéressé par une opportunité d'alternance en science des données et intelligence artificielle au sein de votre équipe.",
SPONT-5-cci-de-carcassonne,Candidature spontanée - Alternance Data / Science des données,5                                   CCI de Carcassonne,"11890, Carcassonne",Candidature spontanée,,,2026-09-14T14:47:40.000Z,,Débutant accepté,,"La CCI de Carcassonne est une structure basée à Carcassonne, active dans le secteur suggéré par son nom. Bien que les informations sur ses services ne soient pas précisées, elle joue un rôle dans le soutien et le développement des entreprises locales. Je suis intéressé par une alternance en science des données et intelligence artificielle au sein de cette institution.",
SPONT-6-dassault-base-aerienne-distres,Candidature spontanée - Alternance Data / Science des données,6                     Dassault - Base Aérienne dIstres,"13801, Istres Cedex",Candidature spontanée,,,2026-09-14T14:47:40.000Z,,Débutant accepté,,"Structure basée à Istres Cedex, active dans le secteur suggéré par son nom/service. Bien que les détails spécifiques sur les activités ne soient pas fournis, l'entreprise semble évoluer dans un environnement technique et innovant. Je suis intéressé par une opportunité d'alternance en science des données et intelligence artificielle au sein de votre équipe.",
SPONT-7-mairie-de-sete,Candidature spontanée - Alternance Data / Science des données,7                                       Mairie de Sète,"34200, Sète",Candidature spontanée,,,2026-09-14T14:47:40.000Z,,Débutant accepté,,"La Mairie de Sète est une structure basée à Sète, active dans le secteur public. Bien que les informations spécifiques sur ses activités ne soient pas précisées, elle est susceptible de s'impliquer dans divers services liés à la gestion de la ville et à l'amélioration du cadre de vie des citoyens. Je suis intéressé par une alternance en science des données et intelligence artificielle au sein de cette institution.",
SPONT-8-saga-terminaux-portuaires,Candidature spontanée - Alternance Data / Science des données,8                            SAGA Terminaux Portuaires,"34200, Sète",Candidature spontanée,,,2026-09-14T14:47:40.000Z,,Débutant accepté,,"8 SAGA Terminaux Portuaires est une structure basée à Sète, active dans le secteur suggéré par son nom. Bien que les détails sur ses activités spécifiques ne soient pas précisés, l'entreprise semble évoluer dans un environnement lié aux terminaux portuaires. Je suis intéressé par une alternance en science des données et intelligence artificielle au sein de votre équipe.",
SPONT-9-banque-dupuy-de-parseval,Candidature spontanée - Alternance Data / Science des données,9                             Banque Dupuy de Parseval,"34203, Sète",Candidature spontanée,,,2026-09-14T14:47:40.000Z,,Débutant accepté,,"La Banque Dupuy de Parseval est une structure basée à Sète, active dans le secteur bancaire. Bien que les services spécifiques ne soient pas précisés, l'entreprise semble s'inscrire dans un domaine où l'analyse des données et l'intelligence artificielle peuvent jouer un rôle clé. Je suis intéressé par une alternance en science des données et IA au sein de votre établissement.",
SPONT-0-sarl-meringue-villefranchoise,Candidature spontanée - Alternance Data / Science des données,0                        SARL Meringue Villefranchoise,"12200, Rieux-Minervois",Candidature spontanée,,,2026-09-14T14:47:40.000Z,,Débutant accepté,,"La SARL Meringue Villefranchoise est une structure basée à Rieux-Minervois, active dans le secteur suggéré par son nom. Bien que les détails sur ses activités ne soient pas précisés, elle semble évoluer dans un domaine lié à la production ou à la distribution de meringues. Je suis intéressé par une alternance en science des données et intelligence artificielle au sein de votre entreprise.",
SPONT-1-credit-agricole-du-midi,Candidature spontanée - Alternance Data / Science des données,1                              Crédit Agricole du Midi,"11160, Rieux-Minervois",Candidature spontanée,,,2026-09-14T14:47:40.000Z,,Débutant accepté,,"Le Crédit Agricole du Midi est une structure basée à Rieux-Minervois, active dans le secteur bancaire. Bien que les informations sur ses services spécifiques ne soient pas précisées, l'entreprise est impliquée dans des activités financières. Je suis intéressé par une alternance en science des données et intelligence artificielle au sein de votre établissement.",
SPONT-2-inra-centre-de-toulouse,Candidature spontanée - Alternance Data / Science des données,2                              INRA Centre de Toulouse,"31326, Castanet Tolosan",Candidature spontanée,,,2026-09-14T14:47:40.000Z,,Débutant accepté,,"L'INRA Centre de Toulouse est une structure basée à Castanet Tolosan, active dans le secteur de la recherche agronomique. Bien que les détails spécifiques sur ses activités ne soient pas précisés, l'INRA est généralement impliqué dans des projets liés à l'agriculture et à l'environnement. Je suis intéressé par une alternance en science des données et intelligence artificielle au sein de votre établissement.",
SPONT-3-scees-serv-central-des-enquetes-et-etu,Candidature spontanée - Alternance Data / Science des données,3   SCEES - Serv. central des enquêtes et études stati,"31326, Castanet Tolosan",Candidature spontanée,,,2026-09-14T14:47:40.000Z,,Débutant accepté,,"3 SCEES - Serv. central des enquêtes et études stati est une structure basée à Castanet Tolosan, active dans le secteur suggéré par son nom. Bien que les détails spécifiques sur ses activités ne soient pas fournis, l'entreprise semble être impliquée dans des enquêtes et des études statistiques. Je suis intéressé par une alternance en science des données et intelligence artificielle au sein de votre organisation.",
SPONT-4-midiporc,Candidature spontanée - Alternance Data / Science des données,4                                             MIDIPORC,"31322, Castanet Tolosan",Candidature spontanée,,,2026-09-14T14:47:40.000Z,,Débutant accepté,,"MIDIPORC est une structure basée à Castanet Tolosan, active dans le secteur suggéré par son nom/service. Bien que les détails spécifiques sur ses activités ne soient pas fournis, l'entreprise semble évoluer dans un domaine lié à l'agroalimentaire. Je suis intéressé par une alternance en science des données et intelligence artificielle au sein de votre équipe.",
SPONT-5-insee-antilles-guyane,Candidature spontanée - Alternance Data / Science des données,5                              INSEE Antilles - Guyane,"97262, Castanet Tolosan",Candidature spontanée,,,2026-09-14T14:47:40.000Z,,Débutant accepté,,"5 INSEE Antilles - Guyane est une structure basée à Castanet Tolosan, active dans le secteur suggéré par son nom. Bien que les détails spécifiques sur ses activités ne soient pas précisés, l'entreprise semble être impliquée dans des domaines liés à la science des données et à l'intelligence artificielle. Je suis intéressé par une alternance qui me permettrait de contribuer à ses projets tout en développant mes compétences.",
SPONT-6-ministere-de-lagriculture-et-de-la-pec,Candidature spontanée - Alternance Data / Science des données,6             Ministère de lAgriculture et de la Pêche,"31326, Castanet Tolosan",Candidature spontanée,,,2026-09-14T14:47:40.000Z,,Débutant accepté,,"Structure basée à Castanet Tolosan, active dans le secteur suggéré par son nom/service. Le Ministère de l'Agriculture et de la Pêche est impliqué dans des activités liées à l'agriculture et à la pêche. Je suis intéressé par une alternance en science des données et intelligence artificielle au sein de cette institution.",
SPONT-7-cacg-centre-de-castanet-tolosan,Candidature spontanée - Alternance Data / Science des données,7                    CACG - Centre de Castanet Tolosan,"31321, Castanet Tolosan",Candidature spontanée,,,2026-09-14T14:47:40.000Z,,Débutant accepté,,"7 CACG - Centre de Castanet Tolosan est une structure basée à Castanet Tolosan, active dans le secteur suggéré par son nom/service. Bien que les détails spécifiques sur ses activités ne soient pas fournis, l'entreprise semble être impliquée dans des domaines liés à la science des données et à l'intelligence artificielle. Je suis intéressé par une opportunité d'alternance au sein de votre équipe.",
SPONT-8-enfa-de-toulouse-auzeville,Candidature spontanée - Alternance Data / Science des données,8                           ENFA de Toulouse Auzeville,"31326, Castanet Tolosan",Candidature spontanée,,,2026-09-14T14:47:40.000Z,,Débutant accepté,,"8 ENFA de Toulouse Auzeville est une structure basée à Castanet Tolosan, active dans le secteur suggéré par son nom/service. Bien que les détails spécifiques sur ses activités ne soient pas précisés, elle semble être impliquée dans des domaines liés à l'éducation ou à la formation. Je suis intéressé par une alternance en science des données et intelligence artificielle au sein de votre établissement.",
SPONT-9-bva,Candidature spontanée - Alternance Data / Science des données,9                                                  BVA,"78220, Viroflay",Candidature spontanée,,,2026-09-14T14:47:40.000Z,,Débutant accepté,,"9 BVA est une structure basée à Viroflay, active dans le secteur suggéré par son nom/service. Bien que les détails spécifiques sur ses activités ne soient pas précisés, l'entreprise semble être impliquée dans des domaines liés à la science des données et à l'intelligence artificielle. Je suis intéressé par une alternance qui pourrait contribuer à ses projets et à son développement.",
SPONT-0-sncf-dir-reg-de-bordeaux,Candidature spontanée - Alternance Data / Science des données,0                           SNCF Dir. Reg. de Bordeaux,"64100, Bayonne",Candidature spontanée,,,2026-09-14T14:47:40.000Z,,Débutant accepté,,"La SNCF Dir. Reg. de Bordeaux est une structure basée à Bayonne, active dans le secteur du transport ferroviaire. Bien que les détails spécifiques sur ses activités ne soient pas précisés, elle opère dans un domaine où l'analyse des données et l'intelligence artificielle peuvent jouer un rôle crucial. Je suis intéressé par une alternance qui me permettrait de contribuer à des projets liés à la science des données au sein de cette entreprise.",
SPONT-1-sa-chanut-gestion,Candidature spontanée - Alternance Data / Science des données,1                                    SA Chanut Gestion,"43103, Brioude",Candidature spontanée,,,2026-09-14T14:47:40.000Z,,Débutant accepté,,"La SA Chanut Gestion est une structure basée à Brioude, active dans le secteur suggéré par son nom/service. Bien que les détails spécifiques sur ses activités ne soient pas précisés, l'entreprise semble avoir un intérêt pour des domaines liés à la gestion. Je suis motivé à contribuer à son développement dans le domaine de la science des données et de l'intelligence artificielle.",
SPONT-2-chanut-gestion,Candidature spontanée - Alternance Data / Science des données,2                                       CHANUT Gestion,"43103, Brioude",Candidature spontanée,,,2026-09-14T14:47:40.000Z,,Débutant accepté,,"2 CHANUT Gestion est une structure basée à Brioude, active dans le secteur suggéré par son nom/service. Bien que les détails spécifiques sur ses activités ne soient pas précisés, l'entreprise semble évoluer dans un domaine lié à la gestion. Je suis intéressé par une alternance en science des données et intelligence artificielle au sein de votre équipe.",
SPONT-3-parfums-christian-dior,Candidature spontanée - Alternance Data / Science des données,3                               Parfums Christian Dior,"45804, St Jean de Braye",Candidature spontanée,,,2026-09-14T14:47:40.000Z,,Débutant accepté,,"3 Parfums Christian Dior est une structure basée à St Jean de Braye, active dans le secteur suggéré par son nom. Bien que les détails sur ses activités spécifiques ne soient pas précisés, l'entreprise semble évoluer dans un domaine lié à la parfumerie. Je suis intéressé par une alternance en science des données et intelligence artificielle au sein de votre équipe.",
SPONT-4-aia,Candidature spontanée - Alternance Data / Science des données,4                                                  AIA,"13001, Marseille",Candidature spontanée,,,2026-09-14T14:47:40.000Z,,Débutant accepté,,"4 AIA est une structure basée à Marseille, active dans le secteur suggéré par son nom/service. Bien que les détails spécifiques sur ses activités ne soient pas précisés, l'entreprise semble évoluer dans un domaine lié à l'intelligence artificielle ou aux sciences des données. Je suis intéressé par une opportunité d'alternance au sein de votre équipe.",
SPONT-5-urssaf-des-bouches-du-rhone,Candidature spontanée - Alternance Data / Science des données,5                          URSSAF des Bouches du Rhône,"13009, Marseille",Candidature spontanée,,,2026-09-14T14:47:40.000Z,,Débutant accepté,,"L'URSSAF des Bouches du Rhône est une structure basée à Marseille, active dans le secteur suggéré par son nom. Bien que les détails spécifiques sur ses activités ne soient pas précisés, elle joue un rôle important dans le domaine des services sociaux et de la protection sociale. Je suis intéressé par une alternance en science des données et intelligence artificielle au sein de cette organisation.",
SPONT-6-sarl-evolution-auto,Candidature spontanée - Alternance Data / Science des données,6                                  SARL Evolution Auto,"11000, Marseille",Candidature spontanée,,,2026-09-14T14:47:40.000Z,,Débutant accepté,,"6 SARL Evolution Auto est une structure basée à Marseille, active dans le secteur suggéré par son nom. Bien que les détails sur ses activités spécifiques ne soient pas précisés, l'entreprise semble évoluer dans un domaine lié à l'automobile. Je suis intéressé par une alternance en science des données et intelligence artificielle au sein de votre équipe.",
SPONT-7-credit-lyonnais-d-e-m-formation,Candidature spontanée - Alternance Data / Science des données,7                     Crédit Lyonnais D.E.M. Formation,"13001, Marseille",Candidature spontanée,,,2026-09-14T14:47:40.000Z,,Débutant accepté,,"7 Crédit Lyonnais D.E.M. Formation est une structure basée à Marseille, active dans le secteur suggéré par son nom/service. Bien que les détails spécifiques sur ses activités ne soient pas précisés, l'entreprise semble s'intéresser à la formation et au développement dans le domaine financier. Je suis motivé à contribuer à ses projets en science des données et intelligence artificielle.",
SPONT-8-centre-de-gestion-de-la-fft-34,Candidature spontanée - Alternance Data / Science des données,8                       Centre de gestion de la FFT 34,"34084, Marseille",Candidature spontanée,,,2026-09-14T14:47:40.000Z,,Débutant accepté,,"8 Centre de gestion de la FFT 34 est une structure basée à Marseille. Bien que les informations sur ses activités spécifiques ne soient pas précisées, elle semble être active dans un secteur lié à la gestion. Je suis intéressé par une alternance en science des données et intelligence artificielle au sein de votre entreprise.",
SPONT-9-sncf-cpr-marseille,Candidature spontanée - Alternance Data / Science des données,9                                   SNCF CPR Marseille,"13347, Marseille",Candidature spontanée,,,2026-09-14T14:47:40.000Z,,Débutant accepté,,"La SNCF CPR Marseille est une structure basée à Marseille, active dans le secteur suggéré par son nom. Bien que les informations sur ses activités spécifiques ne soient pas précisées, elle semble être impliquée dans des services liés au transport. Je suis intéressé par une alternance en science des données et intelligence artificielle au sein de votre entreprise.",
SPONT-0-association-hopital-st-joseph-de-marse,Candidature spontanée - Alternance Data / Science des données,0           Association Hôpital St-Joseph de Marseille,"13830, Marseille",Candidature spontanée,,,2026-09-14T14:47:40.000Z,,Débutant accepté,,"L'Association Hôpital St-Joseph de Marseille est une structure basée à Marseille, active dans le secteur de la santé. Bien que les détails spécifiques sur ses services ne soient pas précisés, elle semble engagée dans des activités liées à l'hôpital. Je suis intéressé par une alternance en science des données et intelligence artificielle au sein de votre établissement.",
SPONT-1-chambre-dagriculture-de-laude-bois-et-,Candidature spontanée - Alternance Data / Science des données,1       Chambre dAgriculture de lAude - Bois et Plants,"11570, Palaja",Candidature spontanée,,,2026-09-14T14:47:40.000Z,,Débutant accepté,,"La Chambre d'Agriculture de l'Aude - Bois et Plants est une structure basée à Palaja, active dans le secteur suggéré par son nom. Bien que les détails spécifiques sur ses activités ne soient pas précisés, elle semble s'inscrire dans un cadre lié à l'agriculture et à la gestion des ressources naturelles. Je suis intéressé par une alternance en science des données et intelligence artificielle au sein de votre organisation.",
SPONT-2-v-mane-fils,Candidature spontanée - Alternance Data / Science des données,2                                         V. Mane Fils,"6620, Bar sur Loup",Candidature spontanée,,,2026-09-14T14:47:40.000Z,,Débutant accepté,,"2 V. Mane Fils est une structure basée à Bar sur Loup, active dans le secteur suggéré par son nom/service. Les informations disponibles sur l'entreprise sont limitées, et il n'y a pas de précisions sur ses activités ou son domaine d'expertise. Toutefois, je suis intéressé par une opportunité d'alternance en science des données et intelligence artificielle au sein de votre entreprise.",
SPONT-3-icone-france,Candidature spontanée - Alternance Data / Science des données,3                                         ICONE FRANCE,"78150, Roquencourt",Candidature spontanée,,,2026-09-14T14:47:40.000Z,,Débutant accepté,,"3 ICONE FRANCE est une structure basée à Roquencourt, active dans le secteur suggéré par son nom/service. Bien que les détails spécifiques sur ses activités ne soient pas précisés, l'entreprise semble évoluer dans un domaine lié à la science des données et à l'intelligence artificielle. Je suis intéressé par une opportunité d'alternance au sein de votre équipe.",
SPONT-4-conseil-general-de-chateauroux,Candidature spontanée - Alternance Data / Science des données,4                       Conseil Général de Châteauroux,"36020, Châteauroux",Candidature spontanée,,,2026-09-14T14:47:40.000Z,,Débutant accepté,,"Le Conseil Général de Châteauroux est une structure basée à Châteauroux, active dans le secteur public. Bien que les détails spécifiques sur ses activités ne soient pas précisés, il est probable qu'elle soit impliquée dans la gestion de services publics et le développement local. Je souhaite proposer ma candidature pour une alternance en science des données et intelligence artificielle au sein de cette institution.",
SPONT-5-guinard-centrifugation,Candidature spontanée - Alternance Data / Science des données,5                               GUINARD CENTRIFUGATION,"36002, Châteauroux",Candidature spontanée,,,2026-09-14T14:47:40.000Z,,Débutant accepté,,"5 GUINARD CENTRIFUGATION est une structure basée à Châteauroux, active dans le secteur suggéré par son nom. Bien que les détails spécifiques sur ses activités ne soient pas précisés, l'entreprise semble être impliquée dans des processus liés à la centrifugation. Je suis intéressé par une alternance en science des données et intelligence artificielle au sein de votre entreprise.",
SPONT-6-banque-de-france,Candidature spontanée - Alternance Data / Science des données,6                                     Banque de France,"34500, Béziers",Candidature spontanée,,,2026-09-14T14:47:40.000Z,,Débutant accepté,,"La Banque de France, située à Béziers, est une structure active dans le secteur bancaire. Bien que les services spécifiques ne soient pas précisés, elle joue un rôle important dans le domaine financier. Je suis intéressé par une alternance en science des données et intelligence artificielle au sein de cette institution.",
SPONT-7-sarl-gerea,Candidature spontanée - Alternance Data / Science des données,7                                           SARL GEREA,"33651, Béziers",Candidature spontanée,,,2026-09-14T14:47:40.000Z,,Débutant accepté,,"7 SARL GEREA est une structure basée à Béziers, dont le secteur d'activité n'est pas précisé. L'entreprise est localisée sur le site Bordeaux Montesquieu. Bien que les détails sur ses services ou projets ne soient pas disponibles, elle semble active dans un domaine lié à son nom.",
SPONT-8-obi,Candidature spontanée - Alternance Data / Science des données,8                                                  OBI,"34500, Béziers",Candidature spontanée,,,2026-09-14T14:47:40.000Z,,Débutant accepté,,"OBI est une structure basée à Béziers, située dans la ZAC de Montimaran. Les informations disponibles sur ses activités et son secteur d'intervention ne sont pas précisées, mais l'entreprise semble être active dans un domaine lié à la science des données ou à l'intelligence artificielle. Je suis intéressé par une alternance dans ce secteur au sein de votre entreprise.",
SPONT-9-o-p-h-l-m-aude,Candidature spontanée - Alternance Data / Science des données,9                                    O.P.H.L.M. - Aude,"11022, Béziers",Candidature spontanée,,,2026-09-14T14:47:40.000Z,,Débutant accepté,,"9 O.P.H.L.M. - Aude est une structure basée à Béziers, active dans le secteur suggéré par son nom/service. Bien que les détails spécifiques sur ses activités ne soient pas précisés, l'entreprise semble s'inscrire dans un domaine lié à l'habitat ou à la gestion immobilière. Je suis intéressé par une alternance en science des données et intelligence artificielle au sein de votre équipe.",
SPONT-0-mairie-de-beziers,Candidature spontanée - Alternance Data / Science des données,0                                    Mairie de Béziers,"34500, Béziers",Candidature spontanée,,,2026-09-14T14:47:40.000Z,,Débutant accepté,,"La Mairie de Béziers est une structure basée à Béziers, active dans le secteur public. Elle est impliquée dans la gestion des services municipaux et des affaires locales. Bien que les détails spécifiques sur ses activités ne soient pas précisés, elle joue un rôle clé dans la vie de la communauté.",
SPONT-1-centre-hospitalier-de-bigorre,Candidature spontanée - Alternance Data / Science des données,1                        Centre Hospitalier de Bigorre,"65103, Béziers",Candidature spontanée,,,2026-09-14T14:47:40.000Z,,Débutant accepté,,"Le Centre Hospitalier de Bigorre est une structure basée à Béziers, active dans le secteur de la santé. Bien que les informations sur ses services ne soient pas précisées, il est probable qu'il soit impliqué dans des activités liées aux soins et à l'assistance médicale. Je suis intéressé par une alternance en science des données et intelligence artificielle au sein de votre établissement.",
SPONT-2-credit-agricole-sud-alliance,Candidature spontanée - Alternance Data / Science des données,2                         Crédit Agricole Sud Alliance,"81100, Béziers",Candidature spontanée,,,2026-09-14T14:47:40.000Z,,Débutant accepté,,"Le Crédit Agricole Sud Alliance est une structure basée à Béziers, active dans le secteur bancaire. Bien que les détails spécifiques sur ses services ne soient pas précisés, l'entreprise est impliquée dans des activités financières. Je souhaite proposer ma candidature pour une alternance en science des données et intelligence artificielle au sein de votre équipe.",
SPONT-3-sothys-international-s-a-s,Candidature spontanée - Alternance Data / Science des données,3                           SOTHYS INTERNATIONAL S.A.S,"19107, Béziers",Candidature spontanée,,,2026-09-14T14:47:40.000Z,,Débutant accepté,,"3 SOTHYS INTERNATIONAL S.A.S est une structure basée à Béziers, active dans le secteur suggéré par son nom/service. Bien que les détails spécifiques sur ses activités ne soient pas précisés, l'entreprise semble évoluer dans un domaine lié à la science des données et à l'intelligence artificielle. Je suis intéressé par une alternance qui pourrait contribuer à ses projets futurs.",
SPONT-4-cgss-martinique,Candidature spontanée - Alternance Data / Science des données,4                                    CGSS - MARTINIQUE,"97210, Béziers",Candidature spontanée,,,2026-09-14T14:47:40.000Z,,Débutant accepté,,"4 CGSS - MARTINIQUE est une structure basée à Béziers, active dans le secteur suggéré par son nom/service. Bien que les détails spécifiques sur ses activités ne soient pas précisés, l'entreprise semble avoir un lien avec des services liés à la santé ou à la sécurité sociale. Je suis intéressé par une alternance en science des données et intelligence artificielle au sein de votre équipe.",
SPONT-5-caf-de-beziers,Candidature spontanée - Alternance Data / Science des données,5                                       CAF de Béziers,"34524, Béziers",Candidature spontanée,,,2026-09-14T14:47:40.000Z,,Débutant accepté,,"La CAF de Béziers est une structure basée à Béziers, active dans le secteur des allocations familiales et des services sociaux. Elle est située place Général de Gaulle et a pour mission de soutenir les familles dans leurs démarches administratives. Bien que le service concerné ne soit pas précisé, l'organisation joue un rôle important dans le bien-être des citoyens.",
SPONT-6-inspection-academique-des-pyrenees-atl,Candidature spontanée - Alternance Data / Science des données,6       Inspection Académique des Pyrénées Atlantiques,"64038, Béziers",Candidature spontanée,,,2026-09-14T14:47:40.000Z,,Débutant accepté,,"La 6 Inspection Académique des Pyrénées Atlantiques est une structure basée à Béziers. Bien que les détails spécifiques sur ses activités ne soient pas précisés, son nom suggère une implication dans le secteur éducatif. Je suis intéressé par une alternance en science des données et intelligence artificielle au sein de votre organisation.",
SPONT-7-gedimat-materiaux-modernes,Candidature spontanée - Alternance Data / Science des données,7                           GEDIMAT-Matériaux Modernes,"34500, Béziers",Candidature spontanée,,,2026-09-14T14:47:40.000Z,,Débutant accepté,,"GEDIMAT-Matériaux Modernes est une structure basée à Béziers, active dans le secteur suggéré par son nom. Bien que les détails spécifiques sur ses activités ne soient pas précisés, l'entreprise semble évoluer dans le domaine des matériaux modernes. Je suis intéressé par une alternance en science des données et intelligence artificielle au sein de votre équipe.",
SPONT-8-cimm-informatique,Candidature spontanée - Alternance Data / Science des données,8                                    CIMM Informatique,"34536, Béziers",Candidature spontanée,,,2026-09-14T14:47:40.000Z,,Débutant accepté,,"CIMM Informatique est une structure basée à Béziers, active dans le secteur suggéré par son nom. Bien que les détails sur ses services ne soient pas précisés, l'entreprise semble être impliquée dans le domaine de l'informatique. Je suis intéressé par une alternance en science des données et intelligence artificielle au sein de votre équipe.",
SPONT-9-edf-gdf-agence-de-beziers,Candidature spontanée - Alternance Data / Science des données,9                            EDF-GDF Agence de Béziers,"34500, Béziers",Candidature spontanée,,,2026-09-14T14:47:40.000Z,,Débutant accepté,,"EDF-GDF Agence de Béziers est une structure basée à Béziers, active dans le secteur suggéré par son nom/service. Bien que les détails spécifiques sur ses activités ne soient pas précisés, l'entreprise est probablement impliquée dans des services liés à l'énergie. Je suis intéressé par une alternance en science des données et intelligence artificielle au sein de votre agence.",
SPONT-0-urssaf-de-beziers,Candidature spontanée - Alternance Data / Science des données,0                                    URSSAF de Béziers,"34508, Béziers",Candidature spontanée,,,2026-09-14T14:47:40.000Z,,Débutant accepté,,"L'URSSAF de Béziers est une structure basée à Béziers, active dans le secteur suggéré par son nom/service. Bien que les détails spécifiques sur ses activités ne soient pas précisés, elle joue un rôle dans la gestion des contributions et des prestations sociales. Je suis intéressé par une alternance en science des données et intelligence artificielle au sein de cette organisation.",
SPONT-1-do-you-soft,Candidature spontanée - Alternance Data / Science des données,1                                          DO YOU SOFT,"34500, Béziers",Candidature spontanée,,,2026-09-14T14:47:40.000Z,,Débutant accepté,,"1 DO YOU SOFT est une structure basée à Béziers, active dans le secteur suggéré par son nom/service. Bien que les détails spécifiques sur ses activités ne soient pas précisés, l'entreprise semble s'inscrire dans un domaine lié à la technologie et à l'innovation. Je suis intéressé par une opportunité d'alternance en science des données et intelligence artificielle au sein de votre équipe.",
SPONT-2-pnn-sondage,Candidature spontanée - Alternance Data / Science des données,2                                          PNN Sondage,"34500, Béziers",Candidature spontanée,,,2026-09-14T14:47:40.000Z,,Débutant accepté,,"PNN Sondage est une structure basée à Béziers, active dans le secteur suggéré par son nom/service. Bien que les détails spécifiques sur ses activités ne soient pas précisés, l'entreprise semble s'intéresser à des domaines liés à l'analyse et à la collecte de données. Je suis motivé à contribuer à ses projets en science des données et intelligence artificielle.",
SPONT-3-cci-de-beziers-st-pons,Candidature spontanée - Alternance Data / Science des données,3                               CCI de Béziers St Pons,"34504, Béziers",Candidature spontanée,,,2026-09-14T14:47:40.000Z,,Débutant accepté,,"La CCI de Béziers St Pons est une structure basée à Béziers, active dans le secteur suggéré par son nom. Bien que les détails spécifiques sur ses services ne soient pas précisés, elle joue un rôle dans le développement économique local. Je suis intéressé par une alternance en science des données et intelligence artificielle au sein de votre organisation.",
SPONT-4-drire,Candidature spontanée - Alternance Data / Science des données,4                                                DRIRE,Béziers,Candidature spontanée,,,2026-09-14T14:47:40.000Z,,Débutant accepté,,"4 DRIRE est une structure basée à Béziers, active dans le secteur suggéré par son nom/service. Bien que les détails spécifiques sur ses activités ne soient pas précisés, l'entreprise semble être impliquée dans des domaines liés à la science des données et à l'intelligence artificielle. Je suis intéressé par une opportunité d'alternance au sein de votre équipe.",
SPONT-5-dde-de-beziers,Candidature spontanée - Alternance Data / Science des données,5                                       DDE de Béziers,"34500, Béziers",Candidature spontanée,,,2026-09-14T14:47:40.000Z,,Débutant accepté,,"5 DDE de Béziers est une structure basée à Béziers, active dans le secteur suggéré par son nom/service. Bien que les détails spécifiques sur ses activités ne soient pas fournis, l'entreprise semble être impliquée dans des domaines liés à la gestion et au développement. Je suis intéressé par une alternance en science des données et intelligence artificielle au sein de votre équipe.",
SPONT-6-energies-du-midi,Candidature spontanée - Alternance Data / Science des données,6                                     Energies du Midi,"34500, Béziers",Candidature spontanée,,,2026-09-14T14:47:40.000Z,,Débutant accepté,,"6 Energies du Midi est une structure basée à Béziers, active dans le secteur suggéré par son nom/service. Bien que les détails spécifiques sur ses activités ne soient pas précisés, l'entreprise semble évoluer dans un domaine lié à l'énergie. Je suis intéressé par une alternance en science des données et intelligence artificielle au sein de votre équipe.",
SPONT-7-conseil-general-du-tarn,Candidature spontanée - Alternance Data / Science des données,7                              Conseil Général du Tarn,"81013, Béziers",Candidature spontanée,,,2026-09-14T14:47:40.000Z,,Débutant accepté,,"Le Conseil Général du Tarn est une structure basée à Béziers, active dans le secteur public. Bien que les informations spécifiques sur ses activités ne soient pas précisées, il est probable qu'elle soit impliquée dans la gestion et le développement de services pour le département. Je suis intéressé par une alternance en science des données et intelligence artificielle au sein de cette institution.",
SPONT-8-centre-hospitalier-de-beziers,Candidature spontanée - Alternance Data / Science des données,8                        Centre Hospitalier de Béziers,"34525, Béziers",Candidature spontanée,,,2026-09-14T14:47:40.000Z,,Débutant accepté,,"Le Centre Hospitalier de Béziers est une structure basée à Béziers, active dans le secteur de la santé. Bien que les détails spécifiques sur ses services ne soient pas précisés, il est probable qu'il soit impliqué dans des activités liées aux soins et à l'assistance médicale. Je suis intéressé par une alternance en science des données et intelligence artificielle au sein de votre établissement.",
SPONT-9-cpam-de-beziers,Candidature spontanée - Alternance Data / Science des données,9                                      CPAM de Béziers,"34523, Béziers",Candidature spontanée,,,2026-09-14T14:47:40.000Z,,Débutant accepté,,"La CPAM de Béziers est une structure basée à Béziers, active dans le secteur de la protection sociale. Bien que les détails spécifiques de ses activités ne soient pas précisés, elle joue un rôle important dans le service public. Je suis intéressé par une alternance en science des données et intelligence artificielle au sein de cette organisation.",
SPONT-0-lyonnaise-des-eaux,Candidature spontanée - Alternance Data / Science des données,0                                   Lyonnaise des Eaux,"34535, Béziers",Candidature spontanée,,,2026-09-14T14:47:40.000Z,,Débutant accepté,,"La Lyonnaise des Eaux est une structure basée à Béziers, active dans le secteur suggéré par son nom/service. Bien que les détails spécifiques sur ses activités ne soient pas précisés, l'entreprise semble œuvrer dans un domaine lié à la gestion de l'eau. Je suis intéressé par une alternance en science des données et intelligence artificielle au sein de votre équipe.",
SPONT-1-ddass-lozere,Candidature spontanée - Alternance Data / Science des données,1                                         DDASS Lozère,"48005, Béziers",Candidature spontanée,,,2026-09-14T14:47:40.000Z,,Débutant accepté,,"1 DDASS Lozère est une structure basée à Béziers, active dans le secteur suggéré par son nom/service. Bien que les détails spécifiques sur ses activités ne soient pas fournis, elle semble œuvrer dans un domaine lié à la santé ou aux services sociaux. Je suis intéressé par une alternance en science des données et intelligence artificielle au sein de votre organisation.",
SPONT-2-dir-dep-de-la-poste-la-rochelle,Candidature spontanée - Alternance Data / Science des données,2                    Dir. Dép. de La Poste La Rochelle,"17021, La Rochelle",Candidature spontanée,,,2026-09-14T14:47:40.000Z,,Débutant accepté,,"2 Dir. Dép. de La Poste La Rochelle est une structure basée à La Rochelle, active dans le secteur suggéré par son nom. Bien que les informations sur ses activités spécifiques ne soient pas précisées, l'entreprise semble jouer un rôle dans le domaine postal. Je suis intéressé par une alternance en science des données et intelligence artificielle au sein de votre équipe.",
SPONT-3-laboratoire-centre-atlantique,Candidature spontanée - Alternance Data / Science des données,3                        Laboratoire Centre Atlantique,"17074, La Rochelle",Candidature spontanée,,,2026-09-14T14:47:40.000Z,,Débutant accepté,,"3 Laboratoire Centre Atlantique est une structure basée à La Rochelle, active dans le secteur suggéré par son nom. Bien que les détails concernant ses activités spécifiques ne soient pas précisés, l'entreprise semble évoluer dans un domaine lié à la recherche ou à l'innovation. Je suis intéressé par une alternance en science des données et intelligence artificielle au sein de votre laboratoire.",
SPONT-4-technocentre,Candidature spontanée - Alternance Data / Science des données,4                                         TECHNOCENTRE,"78280, Guyancourt",Candidature spontanée,,,2026-09-14T14:47:40.000Z,,Débutant accepté,,"4 TECHNOCENTRE est une structure basée à Guyancourt, active dans le secteur suggéré par son nom/service. Bien que les détails spécifiques sur ses activités ne soient pas précisés, l'entreprise semble évoluer dans un environnement technologique. Je suis intéressé par une alternance en science des données et intelligence artificielle au sein de votre équipe.",
SPONT-5-insee-picardie,Candidature spontanée - Alternance Data / Science des données,5                                       INSEE Picardie,"80040, Amiens",Candidature spontanée,,,2026-09-14T14:47:40.000Z,,Débutant accepté,,"5 INSEE Picardie est une structure basée à Amiens, active dans le secteur suggéré par son nom/service. Bien que les détails spécifiques sur ses activités ne soient pas précisés, elle semble œuvrer dans un domaine lié à la science des données et à l'intelligence artificielle. Je suis intéressé par une alternance qui pourrait contribuer à ses projets et à son développement.",
SPONT-6-auberge-de-jeunesse-de-cepoy,Candidature spontanée - Alternance Data / Science des données,6                         Auberge de Jeunesse de Cepoy,"80044, Amiens",Candidature spontanée,,,2026-09-14T14:47:40.000Z,,Débutant accepté,,"L'Auberge de Jeunesse de Cepoy est une structure basée à Amiens, active dans le secteur de l'hébergement. Bien que les détails concernant ses services ne soient pas précisés, elle semble jouer un rôle dans l'accueil de jeunes voyageurs. Je suis intéressé par une alternance en science des données et intelligence artificielle au sein de votre établissement.",
SPONT-7-cave-cooperative-de-die-sud-est-appela,Candidature spontanée - Alternance Data / Science des données,7        Cave Coopérative de Die - Sud Est Appelations,"26150, Die",Candidature spontanée,,,2026-09-14T14:47:40.000Z,,Débutant accepté,,"7 Cave Coopérative de Die - Sud Est Appelations est une structure basée à Die, active dans le secteur suggéré par son nom. Bien que les détails spécifiques sur ses activités ne soient pas précisés, elle semble être impliquée dans des domaines liés à la viticulture ou à la production de vin. Je suis intéressé par une alternance en science des données et intelligence artificielle au sein de votre entreprise.",
SPONT-8-foncalieu-uc,Candidature spontanée - Alternance Data / Science des données,8                                         Foncalieu UC,"11290, Arzens",Candidature spontanée,,,2026-09-14T14:47:40.000Z,,Débutant accepté,,"Foncalieu UC est une structure basée à Arzens, dont le service concerné n'est pas précisé. L'entreprise semble être active dans un secteur suggéré par son nom, mais les détails spécifiques sur ses activités ne sont pas disponibles. Je suis intéressé par une alternance en science des données et intelligence artificielle au sein de votre organisation.",
SPONT-9-quartier-ds-affaires-maritimes-darcach,Candidature spontanée - Alternance Data / Science des données,9             Quartier ds affaires maritimes dArcachon,"33120, Arcachon",Candidature spontanée,,,2026-09-14T14:47:40.000Z,,Débutant accepté,,"9 est une structure basée à Arcachon, active dans le secteur suggéré par son nom/service. Située au 194 Bd de la plage, l'entreprise semble évoluer dans un environnement lié aux affaires maritimes. Bien que les détails sur ses activités ne soient pas précisés, elle pourrait bénéficier de compétences en science des données et intelligence artificielle.",
SPONT-0-mairie-darcachon,Candidature spontanée - Alternance Data / Science des données,0                                     Mairie dArcachon,"33311, Arcachon",Candidature spontanée,,,2026-09-14T14:47:40.000Z,,Débutant accepté,,"La Mairie d'Arcachon est une structure basée à Arcachon, active dans le secteur public. Bien que les informations sur ses services ne soient pas précisées, elle joue un rôle essentiel dans la gestion de la ville et le bien-être de ses habitants. Je suis intéressé par une alternance en science des données et intelligence artificielle au sein de cette institution.",
SPONT-1-sas-institute-sa,Candidature spontanée - Alternance Data / Science des données,1                                     SAS Institute SA,"77166, Grégy-sur-Yerres",Candidature spontanée,,,2026-09-14T14:47:40.000Z,,Débutant accepté,,"SAS Institute SA est une structure basée à Grégy-sur-Yerres, active dans le secteur suggéré par son nom/service. Bien que les détails spécifiques sur ses activités ne soient pas fournis, l'entreprise semble être impliquée dans des domaines liés à la science des données et à l'intelligence artificielle. Je suis intéressé par une alternance qui me permettrait de contribuer à ses projets tout en développant mes compétences.",
SPONT-2-dde-quimper,Candidature spontanée - Alternance Data / Science des données,2                                          DDE Quimper,"29325, Quimper",Candidature spontanée,,,2026-09-14T14:47:40.000Z,,Débutant accepté,,"2 DDE Quimper est une structure basée à Quimper, active dans le secteur suggéré par son nom/service. Bien que les détails spécifiques sur ses activités ne soient pas précisés, l'entreprise semble avoir un lien avec des domaines techniques ou de services. Je suis intéressé par une alternance en science des données et intelligence artificielle au sein de votre équipe.",
SPONT-3-centre-de-formation-batipole-en-limoux,Candidature spontanée - Alternance Data / Science des données,3             Centre de formation Batipole en Limouxin,"11300, Quimper",Candidature spontanée,,,2026-09-14T14:47:40.000Z,,Débutant accepté,,"3 Centre de formation Batipole en Limouxin est une structure basée à Quimper, active dans le secteur suggéré par son nom/service. Bien que les détails spécifiques sur ses activités ne soient pas précisés, l'entreprise semble être impliquée dans la formation, potentiellement dans des domaines liés à la construction ou à l'architecture. Je suis intéressé par une alternance en science des données et intelligence artificielle au sein de votre équipe.",
SPONT-4-scp-collado-pose-segala,Candidature spontanée - Alternance Data / Science des données,4                              SCP Collado/Pose/Segala,"11200, Quimper",Candidature spontanée,,,2026-09-14T14:47:40.000Z,,Débutant accepté,,"La SCP Collado/Pose/Segala est une structure basée à Quimper. Bien que les détails spécifiques sur ses activités ne soient pas précisés, son nom suggère une implication dans un secteur lié aux services professionnels. Je suis intéressé par une alternance en science des données et intelligence artificielle au sein de votre entreprise.",
SPONT-5-credit-mutuel-de-bretagne,Candidature spontanée - Alternance Data / Science des données,5                            Crédit Mutuel de Bretagne,"29808, Quimper",Candidature spontanée,,,2026-09-14T14:47:40.000Z,,Débutant accepté,,"Le Crédit Mutuel de Bretagne est une structure basée à Quimper, active dans le secteur bancaire. Bien que les services spécifiques ne soient pas précisés, l'entreprise est impliquée dans des activités qui pourraient bénéficier de l'analyse de données et de l'intelligence artificielle. Je suis intéressé par une alternance qui me permettrait de contribuer à ces domaines au sein de votre organisation.",
SPONT-6-innovations-fabrik-heilbronn-gmb,Candidature spontanée - Alternance Data / Science des données,6                     Innovations fabrik Heilbronn Gmb,"74076, Heilbronn",Candidature spontanée,,,2026-09-14T14:47:40.000Z,,Débutant accepté,,"6 Innovations fabrik Heilbronn Gmb est une structure basée à Heilbronn, active dans le secteur suggéré par son nom/service. Bien que les détails spécifiques sur ses activités ne soient pas précisés, l'entreprise semble s'intéresser aux innovations et aux technologies. Je suis enthousiaste à l'idée de contribuer à des projets liés à la science des données et à l'intelligence artificielle au sein de votre équipe.",
SPONT-7-pierre-fabre-dermo-cosmetique-hotel-di,Candidature spontanée - Alternance Data / Science des données,7   PIERRE FABRE - Dermo Cosmétique - Hôtel Dieu Saint,"31000, Limoges",Candidature spontanée,,,2026-09-14T14:47:40.000Z,,Débutant accepté,,"7 PIERRE FABRE - Dermo Cosmétique est une structure basée à Limoges, active dans le secteur de la dermo-cosmétique. Située au 2 rue Viguerie, l'entreprise semble s'intéresser à des domaines liés à la santé et à la beauté. Bien que les détails spécifiques sur ses activités ne soient pas précisés, elle pourrait bénéficier de l'analyse de données et de l'intelligence artificielle pour optimiser ses processus.",
SPONT-8-insee-limousin,Candidature spontanée - Alternance Data / Science des données,8                                       INSEE Limousin,"87031, Limoges",Candidature spontanée,,,2026-09-14T14:47:40.000Z,,Débutant accepté,,"8 INSEE Limousin est une structure basée à Limoges, active dans le secteur suggéré par son nom/service. Bien que les détails spécifiques sur ses activités ne soient pas précisés, l'entreprise semble être impliquée dans des domaines liés à l'analyse de données. Je suis intéressé par une alternance en science des données et intelligence artificielle au sein de votre équipe.",
SPONT-9-rectorat-de-limoges,Candidature spontanée - Alternance Data / Science des données,9                                  Rectorat de Limoges,"87031, Limoges",Candidature spontanée,,,2026-09-14T14:47:40.000Z,,Débutant accepté,,"Le Rectorat de Limoges est une structure basée à Limoges, active dans le secteur de l'éducation. Bien que les détails spécifiques sur ses activités ne soient pas précisés, il est probable qu'il soit impliqué dans la gestion et l'administration des établissements scolaires de la région. Je suis intéressé par une alternance en science des données et intelligence artificielle au sein de cette institution.",
SPONT-0-ad-pueyo,Candidature spontanée - Alternance Data / Science des données,0                                             AD PUEYO,"11000, Limoges",Candidature spontanée,,,2026-09-14T14:47:40.000Z,,Débutant accepté,,"0 AD PUEYO est une structure basée à Limoges. Les informations disponibles sur son service concerné ne sont pas précisées, ce qui laisse supposer une activité dans un secteur non spécifié. Je suis intéressé par une alternance en science des données et intelligence artificielle au sein de votre entreprise.",
SPONT-1-cramco,Candidature spontanée - Alternance Data / Science des données,1                                               CRAMCO,"87048, Limoges",Candidature spontanée,,,2026-09-14T14:47:40.000Z,,Débutant accepté,,"CRAMCO est une structure basée à Limoges, active dans le secteur suggéré par son nom/service. Bien que les détails spécifiques sur ses activités ne soient pas précisés, l'entreprise semble ouverte à des initiatives dans le domaine de la science des données et de l'intelligence artificielle. Je suis intéressé par une alternance qui me permettrait de contribuer à ses projets tout en développant mes compétences dans ce domaine.",
SPONT-2-edf-gdf-services-vallee-daude,Candidature spontanée - Alternance Data / Science des données,2                        EDF GDF Services Vallée dAude,"11877, Limoges",Candidature spontanée,,,2026-09-14T14:47:40.000Z,,Débutant accepté,,"EDF GDF Services Vallée d'Aude est une structure basée à Limoges, active dans le secteur suggéré par son nom/service. Bien que les détails spécifiques sur ses activités ne soient pas fournis, l'entreprise semble être impliquée dans des domaines liés à l'énergie et aux services associés. Je suis intéressé par une alternance en science des données et intelligence artificielle au sein de votre équipe.",
SPONT-3-sdis-du-var,Candidature spontanée - Alternance Data / Science des données,3                                          SDIS du Var,"83300, Limoges",Candidature spontanée,,,2026-09-14T14:47:40.000Z,,Débutant accepté,,"Structure basée à Limoges, active dans le secteur suggéré par son nom/service. Le SDIS du Var est impliqué dans des activités liées à la sécurité et à la gestion des urgences. Je suis intéressé par une alternance en science des données et intelligence artificielle au sein de votre organisation.",
SPONT-4-s-d-l-c,Candidature spontanée - Alternance Data / Science des données,4                                              S.D.L.C,"11570, Cazilhac",Candidature spontanée,,,2026-09-14T14:47:40.000Z,,Débutant accepté,,"4 S.D.L.C est une structure basée à Cazilhac, active dans le secteur suggéré par son nom/service. Bien que les détails spécifiques sur ses activités ne soient pas précisés, l'entreprise semble être impliquée dans des domaines liés à la science des données et à l'intelligence artificielle. Je suis intéressé par une alternance qui me permettrait de contribuer à ses projets tout en développant mes compétences.",
SPONT-5-excel-logistics-froid,Candidature spontanée - Alternance Data / Science des données,5                                Excel Logistics Froid,"11000, Montredon Corbières",Candidature spontanée,,,2026-09-14T14:47:40.000Z,,Débutant accepté,,"5 Excel Logistics Froid est une structure basée à Montredon Corbières, active dans le secteur suggéré par son nom/service. Bien que les détails spécifiques sur ses activités ne soient pas fournis, l'entreprise semble évoluer dans un domaine lié à la logistique et au froid. Je suis intéressé par une alternance en science des données et intelligence artificielle au sein de votre équipe.",
SPONT-6-bureau-detudes-du-plant-sancho,Candidature spontanée - Alternance Data / Science des données,6                       Bureau dEtudes du PLANT/SANCHO,"44811, Nantes Cedex",Candidature spontanée,,,2026-09-14T14:47:40.000Z,,Débutant accepté,,"6 Bureau dEtudes du PLANT/SANCHO est une structure basée à Nantes Cedex, active dans le secteur suggéré par son nom/service. Bien que les détails spécifiques sur ses activités ne soient pas précisés, l'entreprise semble évoluer dans un domaine lié à l'analyse et à l'étude. Je suis intéressé par une alternance en science des données et intelligence artificielle au sein de votre équipe.",
SPONT-7-ministere-de-la-justice,Candidature spontanée - Alternance Data / Science des données,7                              Ministère de la Justice,"44319, Nantes Cedex",Candidature spontanée,,,2026-09-14T14:47:40.000Z,,Débutant accepté,,"Structure basée à Nantes Cedex, active dans le secteur suggéré par son nom/service. Le Ministère de la Justice est impliqué dans des activités liées à la justice et à l'administration publique. Je suis intéressé par une alternance en science des données et intelligence artificielle au sein de cette institution.",
SPONT-8-chambre-dagriculture-de-loire-atlantiq,Candidature spontanée - Alternance Data / Science des données,8             Chambre dAgriculture de Loire-Atlantique,"44939, Nantes Cedex",Candidature spontanée,,,2026-09-14T14:47:40.000Z,,Débutant accepté,,"La Chambre d'Agriculture de Loire-Atlantique est une structure basée à Nantes Cedex, active dans le secteur suggéré par son nom. Elle est impliquée dans des activités liées à l'agriculture et à son développement. Bien que les détails spécifiques sur ses projets et services ne soient pas fournis, elle joue un rôle dans le soutien et l'accompagnement des acteurs du secteur agricole.",
SPONT-9-dir-reg-des-impots,Candidature spontanée - Alternance Data / Science des données,9                                 Dir. Rég. des Impôts,"44076, Nantes Cedex",Candidature spontanée,,,2026-09-14T14:47:40.000Z,,Débutant accepté,,"Structure basée à Nantes Cedex, active dans le secteur suggéré par son nom/service. Bien que les détails spécifiques sur ses activités ne soient pas précisés, elle semble jouer un rôle dans la gestion des impôts. Je suis intéressé par une alternance en science des données et intelligence artificielle au sein de votre organisation.",
SPONT-0-rsiedv,Candidature spontanée - Alternance Data / Science des données,0                                               RSIEDV,"86068, Poitiers",Candidature spontanée,,,2026-09-14T14:47:40.000Z,,Débutant accepté,,"0 RSIEDV est une structure basée à Poitiers, active dans le secteur suggéré par son nom/service. Bien que les détails spécifiques sur ses activités ne soient pas précisés, l'entreprise semble être impliquée dans des domaines liés à la science des données et à l'intelligence artificielle. Je suis intéressé par une alternance qui me permettrait de contribuer à ses projets tout en développant mes compétences dans ce domaine.",
SPONT-1-cnasea,Candidature spontanée - Alternance Data / Science des données,1                                               CNASEA,Poitiers,Candidature spontanée,,,2026-09-14T14:47:40.000Z,,Débutant accepté,,"CNASEA est une structure basée à Poitiers, active dans le secteur suggéré par son nom/service. Bien que les détails spécifiques sur ses activités ne soient pas précisés, l'entreprise semble évoluer dans un domaine lié à la science des données et à l'intelligence artificielle. Je suis intéressé par une alternance qui me permettrait de contribuer à ses projets tout en développant mes compétences dans ce domaine.",
SPONT-2-centre-hospitalier-de-bagnols,Candidature spontanée - Alternance Data / Science des données,2                        Centre Hospitalier de Bagnols,"30205, Bagnols",Candidature spontanée,,,2026-09-14T14:47:40.000Z,,Débutant accepté,,"Le Centre Hospitalier de Bagnols est une structure basée à Bagnols, active dans le secteur de la santé. Bien que les informations sur ses services spécifiques ne soient pas précisées, il est probable qu'il s'engage dans des activités liées aux soins et à l'accompagnement des patients. Je souhaite proposer ma candidature pour une alternance en science des données et intelligence artificielle au sein de votre établissement.",
SPONT-3-medina,Candidature spontanée - Alternance Data / Science des données,3                                               MEDINA,"66033, Montauban",Candidature spontanée,,,2026-09-14T14:47:40.000Z,,Débutant accepté,,"3 MEDINA est une structure basée à Montauban. Les informations disponibles sur son service concerné ne sont pas précisées, ce qui laisse supposer une activité dans un secteur suggéré par son nom. Je suis intéressé par une alternance en science des données et intelligence artificielle au sein de votre entreprise.",
SPONT-4-centre-hospitalier-de-castres,Candidature spontanée - Alternance Data / Science des données,4                        Centre Hospitalier de Castres,Montauban,Candidature spontanée,,,2026-09-14T14:47:40.000Z,,Débutant accepté,,"Le Centre Hospitalier de Castres est une structure basée à Montauban, active dans le secteur de la santé. Bien que les services spécifiques ne soient pas précisés, l'établissement semble jouer un rôle important dans la fourniture de soins. Je suis intéressé par une alternance en science des données et intelligence artificielle au sein de votre institution.",
SPONT-5-semateg,Candidature spontanée - Alternance Data / Science des données,5                                              SEMATEG,"82002, Montauban",Candidature spontanée,,,2026-09-14T14:47:40.000Z,,Débutant accepté,,"SEMATEG est une structure basée à Montauban, dont le secteur d'activité n'est pas précisé. L'entreprise est située au 28 Rue de la banque - BP 227. Bien que les détails sur ses services ne soient pas disponibles, elle semble active dans un domaine lié à son nom.",
SPONT-6-centre-national-dentrainement-commando,Candidature spontanée - Alternance Data / Science des données,6               Centre National dEntrainement Commando,"10100, Montauban",Candidature spontanée,,,2026-09-14T14:47:40.000Z,,Débutant accepté,,"Le Centre National d'Entrainement Commando, situé à Montauban, est une structure dont les activités semblent liées à l'entraînement et à la préparation dans un contexte militaire. Bien que les détails spécifiques sur ses services ne soient pas fournis, l'organisation est probablement impliquée dans des domaines nécessitant des compétences analytiques et stratégiques. Je suis intéressé par une alternance en science des données et intelligence artificielle au sein de votre structure.",
SPONT-7-mairie-de-pamiers,Candidature spontanée - Alternance Data / Science des données,7                                    Mairie de Pamiers,"9100, Pamiers",Candidature spontanée,,,2026-09-14T14:47:40.000Z,,Débutant accepté,,"La Mairie de Pamiers est une structure basée à Pamiers, active dans le secteur public. Bien que les informations sur ses services ne soient pas précisées, elle joue un rôle essentiel dans la gestion et le développement de la commune. Je suis intéressé par une alternance en science des données et intelligence artificielle au sein de cette institution.",
SPONT-8-credit-agricole-sud-mediterranee,Candidature spontanée - Alternance Data / Science des données,8                     Crédit Agricole Sud Méditerranée,"9103, Pamiers",Candidature spontanée,,,2026-09-14T14:47:40.000Z,,Débutant accepté,,"Le Crédit Agricole Sud Méditerranée est une structure basée à Pamiers, active dans le secteur bancaire. Bien que les services spécifiques ne soient pas précisés, l'entreprise est impliquée dans des activités liées à la finance et à la gestion des données. Je suis intéressé par une alternance en science des données et intelligence artificielle au sein de votre établissement.",
SPONT-9-audasea,Candidature spontanée - Alternance Data / Science des données,9                                              AUDASEA,"11270, Fanjeaux",Candidature spontanée,,,2026-09-14T14:47:40.000Z,,Débutant accepté,,"9 AUDASEA est une structure basée à Fanjeaux, dont le service concerné n'est pas précisé. Bien que les détails sur ses activités ne soient pas disponibles, l'entreprise semble évoluer dans un secteur lié à son nom. Je suis intéressé par une alternance en science des données et intelligence artificielle au sein de votre équipe.",
SPONT-0-chambre-des-metiers-de-la-mayenne,Candidature spontanée - Alternance Data / Science des données,0                    Chambre des métiers de la Mayenne,"53002, Laval Cedex",Candidature spontanée,,,2026-09-14T14:47:40.000Z,,Débutant accepté,,"La Chambre des métiers de la Mayenne est une structure basée à Laval Cedex, active dans le secteur suggéré par son nom/service. Bien que les détails spécifiques sur ses activités ne soient pas précisés, elle semble jouer un rôle dans le soutien et le développement des métiers artisanaux dans la région. Je suis intéressé par une alternance en science des données et intelligence artificielle au sein de cette organisation.",
SPONT-1-biostat,Candidature spontanée - Alternance Data / Science des données,1                                              BIOSTAT,"45058, Orléans Cedex",Candidature spontanée,,,2026-09-14T14:47:40.000Z,,Débutant accepté,,"BIOSTAT est une structure basée à Orléans Cedex, active dans le secteur suggéré par son nom. Bien que les détails spécifiques sur ses activités ne soient pas précisés, l'entreprise semble être impliquée dans des domaines liés à la biostatistique. Je suis intéressé par une alternance en science des données et intelligence artificielle au sein de votre équipe.",
SPONT-2-e-n-s-c-i,Candidature spontanée - Alternance Data / Science des données,2                                           E.N.S.C.I.,"87065, Orléans Cedex",Candidature spontanée,,,2026-09-14T14:47:40.000Z,,Débutant accepté,,"2 E.N.S.C.I. est une structure basée à Orléans Cedex, active dans le secteur suggéré par son nom/service. Bien que les détails spécifiques sur ses activités ne soient pas précisés, l'entreprise semble s'inscrire dans un domaine lié à la science des données et à l'intelligence artificielle. Je suis intéressé par une alternance au sein de votre équipe pour contribuer à vos projets.",
SPONT-3-brgm,Candidature spontanée - Alternance Data / Science des données,3                                                 BRGM,"45060, Orléans Cedex",Candidature spontanée,,,2026-09-14T14:47:40.000Z,,Débutant accepté,,"Le BRGM est une structure basée à Orléans Cedex, active dans le secteur suggéré par son nom/service. Bien que les détails spécifiques sur ses activités ne soient pas fournis, l'entreprise semble être impliquée dans des domaines liés à la science des données et à l'intelligence artificielle. Je suis intéressé par une alternance qui me permettrait de contribuer à ses projets et d'acquérir une expérience précieuse.",
SPONT-4-credit-mutuel-du-sus-ouest-marketing,Candidature spontanée - Alternance Data / Science des données,4                 Crédit Mutuel du Sus-Ouest MARKETING,"16902, Angoulème Cedex 9",Candidature spontanée,,,2026-09-14T14:47:40.000Z,,Débutant accepté,,"Structure basée à Angoulème Cedex 9, active dans le secteur suggéré par son nom/service. Bien que les détails spécifiques sur ses activités ne soient pas précisés, le Crédit Mutuel du Sud-Ouest est généralement impliqué dans des services financiers. Je suis intéressé par une opportunité d'alternance en science des données et intelligence artificielle au sein de votre entreprise.",
SPONT-5-credit-agricole-centre-france,Candidature spontanée - Alternance Data / Science des données,5                        Crédit Agricole Centre France,"63000, Clermont-Ferrand",Candidature spontanée,,,2026-09-14T14:47:40.000Z,,Débutant accepté,,"Le Crédit Agricole Centre France est une structure basée à Clermont-Ferrand, active dans le secteur bancaire. Bien que les détails spécifiques sur ses services ne soient pas précisés, l'entreprise est historiquement impliquée dans des activités financières. Je suis intéressé par une alternance en science des données et intelligence artificielle au sein de cette organisation.",
SPONT-6-ager-ii,Candidature spontanée - Alternance Data / Science des données,6                                              AGER II,"63035, Clermont-Ferrand",Candidature spontanée,,,2026-09-14T14:47:40.000Z,,Débutant accepté,,"6 AGER II est une structure basée à Clermont-Ferrand, active dans le secteur suggéré par son nom/service. Bien que les détails spécifiques sur ses activités ne soient pas précisés, l'entreprise semble évoluer dans un environnement lié à la science des données ou à l'intelligence artificielle. Je suis intéressé par une opportunité d'alternance au sein de votre équipe.",
SPONT-7-ets-michelin,Candidature spontanée - Alternance Data / Science des données,7                                         Ets Michelin,"63040, Clermont-Ferrand",Candidature spontanée,,,2026-09-14T14:47:40.000Z,,Débutant accepté,,"7 Ets Michelin est une structure basée à Clermont-Ferrand, active dans le secteur suggéré par son nom/service. Bien que les détails spécifiques sur ses activités ne soient pas précisés, l'entreprise est historiquement reconnue dans son domaine. Je suis intéressé par une alternance en science des données et intelligence artificielle au sein de votre équipe.",
SPONT-8-next-media,Candidature spontanée - Alternance Data / Science des données,8                                           Next Media,"63100, Clermont-Ferrand",Candidature spontanée,,,2026-09-14T14:47:40.000Z,,Débutant accepté,,"8 Next Media est une structure basée à Clermont-Ferrand, active dans le secteur suggéré par son nom/service. Bien que les détails spécifiques sur ses activités ne soient pas précisés, l'entreprise semble évoluer dans un environnement lié aux médias et à la technologie. Je suis intéressé par une opportunité d'alternance en science des données et intelligence artificielle au sein de votre équipe.",
SPONT-9-cef-comptoir-electrique-francais,Candidature spontanée - Alternance Data / Science des données,9                     CEF Comptoir Electrique Français,"75749, Clermont-Ferrand",Candidature spontanée,,,2026-09-14T14:47:40.000Z,,Débutant accepté,,"9 CEF Comptoir Electrique Français est une structure basée à Clermont-Ferrand, active dans le secteur suggéré par son nom. Bien que les détails spécifiques sur ses activités ne soient pas précisés, l'entreprise semble évoluer dans un domaine lié à l'électricité. Je suis intéressé par une alternance en science des données et intelligence artificielle au sein de votre équipe.",
SPONT-0-ass-des-chateaux-et-domaines-du-langue,Candidature spontanée - Alternance Data / Science des données,0           Ass. Des Châteaux et Domaines du Languedoc,"11400, Clermont-Ferrand",Candidature spontanée,,,2026-09-14T14:47:40.000Z,,Débutant accepté,,"0 Ass. Des Châteaux et Domaines du Languedoc est une structure basée à Clermont-Ferrand, active dans le secteur suggéré par son nom. Bien que les détails spécifiques sur ses activités ne soient pas précisés, elle semble être impliquée dans la gestion ou la valorisation de châteaux et de domaines. Je suis intéressé par une alternance en science des données et intelligence artificielle au sein de votre organisation.",
SPONT-1-a-i-a,Candidature spontanée - Alternance Data / Science des données,1                                               A.I.A.,"63035, Clermont-Ferrand",Candidature spontanée,,,2026-09-14T14:47:40.000Z,,Débutant accepté,,"A.I.A. est une structure basée à Clermont-Ferrand, active dans le secteur suggéré par son nom/service. Bien que les détails spécifiques sur ses activités ne soient pas précisés, l'entreprise semble évoluer dans un domaine lié à l'intelligence artificielle et aux sciences des données. Je suis intéressé par une alternance qui me permettrait de contribuer à ses projets tout en développant mes compétences.",
SPONT-2-adaff-chrs,Candidature spontanée - Alternance Data / Science des données,2                                          ADAFF  CHRS,"49006, Bordeaux",Candidature spontanée,,,2026-09-14T14:47:40.000Z,,Débutant accepté,,"2 ADAFF CHRS est une structure basée à Bordeaux, active dans le secteur suggéré par son nom/service. Bien que les détails spécifiques sur ses activités ne soient pas précisés, l'entreprise semble évoluer dans un domaine lié à l'accompagnement ou au soutien. Je suis intéressé par une alternance en science des données et intelligence artificielle au sein de votre équipe.",
SPONT-3-comite-des-expositions-de-bordeaux,Candidature spontanée - Alternance Data / Science des données,3                   Comité des expositions de Bordeaux,"33030, Bordeaux",Candidature spontanée,,,2026-09-14T14:47:40.000Z,,Débutant accepté,,"3 Comité des expositions de Bordeaux est une structure basée à Bordeaux, active dans le secteur suggéré par son nom. Bien que les détails spécifiques sur ses activités ne soient pas précisés, elle semble jouer un rôle dans l'organisation d'événements ou d'expositions. Je suis intéressé par une alternance en science des données et intelligence artificielle au sein de votre équipe.",
SPONT-4-unifaf,Candidature spontanée - Alternance Data / Science des données,4                                               UNIFAF,"92309, Bordeaux",Candidature spontanée,,,2026-09-14T14:47:40.000Z,,Débutant accepté,,"4 UNIFAF est une structure basée à Bordeaux, active dans le secteur suggéré par son nom/service. Bien que les détails spécifiques sur ses activités ne soient pas précisés, l'entreprise semble évoluer dans un domaine lié à la science des données ou à l'intelligence artificielle. Je suis intéressé par une opportunité d'alternance au sein de votre équipe.",
SPONT-5-lyonnaise-des-eaux-bordeaux,Candidature spontanée - Alternance Data / Science des données,5                          Lyonnaise des Eaux Bordeaux,"33029, Bordeaux",Candidature spontanée,,,2026-09-14T14:47:40.000Z,,Débutant accepté,,"Structure basée à Bordeaux, active dans le secteur suggéré par son nom/service. Bien que les détails spécifiques sur ses activités ne soient pas fournis, l'entreprise semble être impliquée dans des domaines liés à l'eau et aux services associés. Je suis intéressé par une opportunité d'alternance dans ce contexte.",
SPONT-6-omnium-finance,Candidature spontanée - Alternance Data / Science des données,6                                       OMNIUM-FINANCE,"31121, Bordeaux",Candidature spontanée,,,2026-09-14T14:47:40.000Z,,Débutant accepté,,"OMNIUM-FINANCE est une structure basée à Bordeaux, active dans le secteur suggéré par son nom. Bien que les détails sur ses activités spécifiques ne soient pas précisés, l'entreprise semble évoluer dans un environnement lié à la finance. Je suis intéressé par une alternance en science des données et intelligence artificielle au sein de votre équipe.",
SPONT-7-texa-services-sa,Candidature spontanée - Alternance Data / Science des données,7                                     TEXA Services SA,"31677, Bordeaux",Candidature spontanée,,,2026-09-14T14:47:40.000Z,,Débutant accepté,,"7 TEXA Services SA est une structure basée à Bordeaux, active dans le secteur suggéré par son nom/service. Bien que les détails spécifiques sur ses activités ne soient pas précisés, l'entreprise semble évoluer dans un domaine lié aux services. Je suis intéressé par une alternance en science des données et intelligence artificielle au sein de votre équipe.",
SPONT-8-cram-de-bordeaux,Candidature spontanée - Alternance Data / Science des données,8                                     CRAM de Bordeaux,"33053, Bordeaux",Candidature spontanée,,,2026-09-14T14:47:40.000Z,,Débutant accepté,,"8 CRAM de Bordeaux est une structure basée à Bordeaux, active dans le secteur suggéré par son nom/service. Bien que les détails spécifiques sur ses activités ne soient pas fournis, l'entreprise semble être impliquée dans des domaines liés à la science des données et à l'intelligence artificielle. Je suis intéressé par une alternance qui me permettrait de contribuer à ses projets tout en développant mes compétences.",
SPONT-9-pharmaciens-sans-frontieres-herault,Candidature spontanée - Alternance Data / Science des données,9                  Pharmaciens sans frontières Hérault,"34070, Bordeaux",Candidature spontanée,,,2026-09-14T14:47:40.000Z,,Débutant accepté,,"9 Pharmaciens sans frontières Hérault est une structure basée à Bordeaux, active dans le secteur suggéré par son nom/service. Bien que les détails spécifiques sur ses activités ne soient pas précisés, l'organisation semble engagée dans des initiatives liées à la santé et à l'aide humanitaire. Je suis intéressé par une alternance en science des données et intelligence artificielle au sein de votre équipe.",
SPONT-0-alpha-route-des-lasers,Candidature spontanée - Alternance Data / Science des données,0                               ALPhA-ROUTE DES LASERS,"33001, Bordeaux",Candidature spontanée,,,2026-09-14T14:47:40.000Z,,Débutant accepté,,"0 ALPhA-ROUTE DES LASERS est une structure basée à Bordeaux, active dans le secteur suggéré par son nom/service. Elle est située au Pôle de Compétitivité Route des Lasers. Les informations spécifiques sur ses activités ou projets ne sont pas disponibles.",
SPONT-1-la-poste-disf-gradignan,Candidature spontanée - Alternance Data / Science des données,1                              La Poste DISF Gradignan,"33176, Bordeaux",Candidature spontanée,,,2026-09-14T14:47:40.000Z,,Débutant accepté,,"La Poste DISF Gradignan est une structure basée à Bordeaux, active dans le secteur suggéré par son nom. Bien que les détails spécifiques sur ses activités ne soient pas précisés, elle semble être impliquée dans des services liés à la distribution et à la logistique. Je suis intéressé par une alternance en science des données et intelligence artificielle au sein de cette entreprise.",
SPONT-2-france-telecom-de-rennes-unite-reg-des,Candidature spontanée - Alternance Data / Science des données,2    France Telecom de Rennes - Unité Rég. des Réseaux,"35032, Rennes",Candidature spontanée,,,2026-09-14T14:47:40.000Z,,Débutant accepté,,"2 France Telecom de Rennes - Unité Rég. des Réseaux est une structure basée à Rennes, active dans le secteur des réseaux. Bien que les détails spécifiques sur ses activités ne soient pas précisés, l'entreprise semble jouer un rôle dans le domaine des télécommunications. Je suis intéressé par une alternance en science des données et intelligence artificielle au sein de votre équipe.",
SPONT-3-credit-agricole-de-rennes,Candidature spontanée - Alternance Data / Science des données,3                            Crédit Agricole de Rennes,"35000, Rennes",Candidature spontanée,,,2026-09-14T14:47:40.000Z,,Débutant accepté,,"Le Crédit Agricole de Rennes est une structure basée à Rennes, active dans le secteur bancaire. Bien que les services spécifiques ne soient pas précisés, l'entreprise est impliquée dans des activités liées à la finance et à la gestion des données. Je suis intéressé par une alternance en science des données et intelligence artificielle au sein de votre établissement.",
SPONT-4-mairie-de-castres,Candidature spontanée - Alternance Data / Science des données,4                                    Mairie de Castres,"81108, Rennes",Candidature spontanée,,,2026-09-14T14:47:40.000Z,,Débutant accepté,,"La Mairie de Castres est une structure basée à Rennes, active dans le secteur public. Bien que les informations sur ses services ne soient pas précisées, elle joue un rôle important dans la gestion des affaires locales. Je suis intéressé par une alternance en science des données et intelligence artificielle au sein de cette institution.",
SPONT-5-draaf-de-bretagne,Candidature spontanée - Alternance Data / Science des données,5                                    DRAAF de Bretagne,"35047, Rennes",Candidature spontanée,,,2026-09-14T14:47:40.000Z,,Débutant accepté,,"La DRAAF de Bretagne est une structure basée à Rennes, active dans le secteur suggéré par son nom. Bien que les détails spécifiques sur ses activités ne soient pas précisés, elle semble jouer un rôle dans le domaine de l'agriculture et de l'alimentation en Bretagne. Je suis intéressé par une alternance en science des données et intelligence artificielle au sein de cette institution.",
SPONT-6-union-les-vignobles-du-rivesaltais,Candidature spontanée - Alternance Data / Science des données,6                   Union Les Vignobles du Rivesaltais,"66602, Rivesaltes",Candidature spontanée,,,2026-09-14T14:47:40.000Z,,Débutant accepté,,"6 Union Les Vignobles du Rivesaltais est une structure basée à Rivesaltes, active dans le secteur viticole, comme le suggère son nom. Bien que les détails sur ses activités spécifiques ne soient pas précisés, l'entreprise semble être impliquée dans la gestion ou la promotion des vignobles de la région. Je suis intéressé par une alternance en science des données et intelligence artificielle au sein de votre équipe.",
SPONT-7-aut-du-sud-france-rivesaltes,Candidature spontanée - Alternance Data / Science des données,7                      aut. Du Sud France - Rivesaltes,"66602, Rivesaltes",Candidature spontanée,,,2026-09-14T14:47:40.000Z,,Débutant accepté,,"7 est une structure basée à Rivesaltes, active dans le secteur suggéré par son nom/service. Bien que les détails spécifiques sur ses activités ne soient pas précisés, l'entreprise semble ouverte à des initiatives dans le domaine de la science des données et de l'intelligence artificielle. Je souhaite contribuer à ses projets en apportant mes compétences en analyse de données.",
SPONT-8-cirad-ta-70-01,Candidature spontanée - Alternance Data / Science des données,8                                       CIRAD TA 70/01,"34398, Fort de France",Candidature spontanée,,,2026-09-14T14:47:40.000Z,,Débutant accepté,,"8 CIRAD TA 70/01 est une structure basée à Fort de France, active dans le secteur suggéré par son nom/service. Bien que les détails spécifiques sur ses activités ne soient pas précisés, l'entreprise semble être impliquée dans des domaines liés à la recherche ou à l'innovation. Je suis intéressé par une alternance en science des données et intelligence artificielle au sein de votre équipe.",
SPONT-9-credit-mutuel-antilles-guyane,Candidature spontanée - Alternance Data / Science des données,9                        Crédit Mutuel Antilles Guyane,"97200, Fort de France",Candidature spontanée,,,2026-09-14T14:47:40.000Z,,Débutant accepté,,"Le Crédit Mutuel Antilles Guyane est une structure basée à Fort de France, active dans le secteur bancaire. Bien que les services spécifiques ne soient pas précisés, l'entreprise est impliquée dans des activités financières, ce qui suggère un intérêt pour l'innovation et les technologies de l'information. Je suis motivé à contribuer à son développement dans le domaine de la science des données et de l'intelligence artificielle.",
SPONT-0-airbus-industrie-centre-operationnel,Candidature spontanée - Alternance Data / Science des données,0               AIRBUS Industrie - Centre Opérationnel,"31771, Fort de France",Candidature spontanée,,,2026-09-14T14:47:40.000Z,,Débutant accepté,,"AIRBUS Industrie - Centre Opérationnel est une structure basée à Fort de France, active dans le secteur suggéré par son nom. Bien que les détails spécifiques sur ses activités ne soient pas précisés, l'entreprise semble évoluer dans un environnement lié à l'aéronautique et à l'industrie. Je suis intéressé par une alternance en science des données et intelligence artificielle au sein de votre équipe.",
SPONT-1-credit-agricole-de-martinique,Candidature spontanée - Alternance Data / Science des données,1                        Crédit Agricole de Martinique,"97232, Fort de France",Candidature spontanée,,,2026-09-14T14:47:40.000Z,,Débutant accepté,,"Le Crédit Agricole de Martinique est une structure basée à Fort de France, active dans le secteur bancaire. Bien que les services spécifiques ne soient pas précisés, l'entreprise est impliquée dans des activités financières, ce qui suggère un intérêt pour l'innovation et l'analyse de données. Je souhaite contribuer à ses projets en science des données et intelligence artificielle.",
SPONT-2-caraibescoop,Candidature spontanée - Alternance Data / Science des données,2                                         CARAIBESCOOP,"97233, Fort de France",Candidature spontanée,,,2026-09-14T14:47:40.000Z,,Débutant accepté,,"CARAIBESCOOP est une structure basée à Fort de France, active dans le secteur suggéré par son nom. Bien que les détails sur ses activités ne soient pas précisés, elle semble s'inscrire dans un domaine lié à la coopération ou aux services communautaires. Je suis intéressé par une alternance en science des données et intelligence artificielle au sein de votre entreprise.",
SPONT-3-a-d-a-t-l-p,Candidature spontanée - Alternance Data / Science des données,3                                         A.D.A.T.L.P.,"34290, Abeilhan",Candidature spontanée,,,2026-09-14T14:47:40.000Z,,Débutant accepté,,"3 A.D.A.T.L.P. est une structure basée à Abeilhan, active dans un secteur qui pourrait être lié à la science des données ou à l'intelligence artificielle, bien que les détails précis ne soient pas fournis. L'entreprise se situe au 13 Av. Georges Guynemer. Les informations disponibles sur ses activités ou services sont limitées.",
SPONT-4-renault-caen,Candidature spontanée - Alternance Data / Science des données,4                                         Renault Caen,"14550, Blainville sur Orne",Candidature spontanée,,,2026-09-14T14:47:40.000Z,,Débutant accepté,,"4 Renault Caen est une structure basée à Blainville sur Orne, active dans le secteur suggéré par son nom/service. L'entreprise est localisée à l'Usine Paul Durlach. Les informations spécifiques sur ses activités ou projets ne sont pas disponibles.",
SPONT-5-comite-departemental-du-tourisme,Candidature spontanée - Alternance Data / Science des données,5                     Comité Départemental du Tourisme,"81000, Tulle",Candidature spontanée,,,2026-09-14T14:47:40.000Z,,Débutant accepté,,"Le Comité Départemental du Tourisme est une structure basée à Tulle, active dans le secteur du tourisme. Bien que les détails spécifiques sur ses activités ne soient pas précisés, il est probable qu'elle œuvre pour la promotion et le développement du tourisme dans la région. Je suis intéressé par une alternance en science des données et intelligence artificielle au sein de cette organisation.",
SPONT-6-cpam-de-la-correze,Candidature spontanée - Alternance Data / Science des données,6                                   CPAM de la Corrèze,"19033, Tulle",Candidature spontanée,,,2026-09-14T14:47:40.000Z,,Débutant accepté,,"La CPAM de la Corrèze est une structure basée à Tulle, active dans le secteur de la protection sociale, comme le suggère son nom. Bien que les détails spécifiques sur ses services ne soient pas précisés, elle joue un rôle important dans le domaine de la santé et de l'assurance maladie. Je suis intéressé par une alternance en science des données et intelligence artificielle au sein de cette organisation.",
SPONT-7-conseil-general-de-correze,Candidature spontanée - Alternance Data / Science des données,7                           Conseil Général de Corrèze,"19005, Tulle",Candidature spontanée,,,2026-09-14T14:47:40.000Z,,Débutant accepté,,"Le Conseil Général de Corrèze est une structure basée à Tulle, active dans le secteur public. Bien que les informations sur ses activités spécifiques ne soient pas précisées, il est probable qu'elle soit impliquée dans des projets liés à la gestion des données et aux services publics. Je souhaite proposer ma candidature pour une alternance en science des données et intelligence artificielle au sein de cette institution.",
SPONT-8-caisse-de-depot-et-de-gestion,Candidature spontanée - Alternance Data / Science des données,8                        Caisse de Dépôt et de Gestion,Cahors,Candidature spontanée,,,2026-09-14T14:47:40.000Z,,Débutant accepté,,"La Caisse de Dépôt et de Gestion est une structure basée à Cahors, active dans le secteur suggéré par son nom. Bien que les détails spécifiques sur ses activités ne soient pas précisés, elle semble jouer un rôle important dans la gestion et le développement de projets. Je suis intéressé par une alternance en science des données et intelligence artificielle au sein de votre entreprise.",
SPONT-9-centre-hospitalier-de-cahors,Candidature spontanée - Alternance Data / Science des données,9                         Centre Hospitalier de Cahors,"46000, Cahors",Candidature spontanée,,,2026-09-14T14:47:40.000Z,,Débutant accepté,,"Le Centre Hospitalier de Cahors est une structure basée à Cahors, active dans le secteur de la santé. Bien que les informations sur les services spécifiques ne soient pas précisées, l'établissement est impliqué dans des activités liées aux soins et à l'accompagnement des patients. Je suis intéressé par une alternance en science des données et intelligence artificielle au sein de votre établissement.",
SPONT-0-maison-de-lagriculture-du-lot,Candidature spontanée - Alternance Data / Science des données,0                        Maison de lAgriculture du Lot,"46004, Cahors",Candidature spontanée,,,2026-09-14T14:47:40.000Z,,Débutant accepté,,"La Maison de l'Agriculture du Lot est une structure basée à Cahors, active dans le secteur suggéré par son nom. Bien que les détails spécifiques sur ses activités ne soient pas fournis, elle semble jouer un rôle dans le domaine agricole. Je suis intéressé par une alternance en science des données et intelligence artificielle au sein de votre organisation.",
SPONT-1-tribunal-de-grasse,Candidature spontanée - Alternance Data / Science des données,1                                   Tribunal de Grasse,"6133, Cahors",Candidature spontanée,,,2026-09-14T14:47:40.000Z,,Débutant accepté,,"Structure basée à Cahors, active dans le secteur suggéré par son nom/service. Le Tribunal de Grasse est une institution judiciaire, et son rôle pourrait impliquer des activités liées à la gestion des données et à l'analyse. Je suis intéressé par une alternance en science des données et intelligence artificielle au sein de votre organisation.",
SPONT-2-edf-gdf-cahors,Candidature spontanée - Alternance Data / Science des données,2                                       EDF-GDF Cahors,"46001, Cahors",Candidature spontanée,,,2026-09-14T14:47:40.000Z,,Débutant accepté,,"Structure basée à Cahors, active dans le secteur suggéré par son nom/service. Bien que les détails spécifiques sur les activités de l'entreprise ne soient pas précisés, elle semble jouer un rôle dans le domaine de l'énergie. Je suis intéressé par une alternance en science des données et intelligence artificielle au sein de votre équipe.",
SPONT-3-infosig,Candidature spontanée - Alternance Data / Science des données,3                                              INFOSIG,"74000, Cahors",Candidature spontanée,,,2026-09-14T14:47:40.000Z,,Débutant accepté,,"3 INFOSIG est une structure basée à Cahors, active dans le secteur suggéré par son nom/service. Bien que les détails spécifiques sur ses activités ne soient pas fournis, l'entreprise semble évoluer dans un domaine lié à la science des données ou à l'intelligence artificielle. Je suis intéressé par une opportunité d'alternance au sein de votre équipe.",
SPONT-4-dir-dept-agriculture-et-foret-du-lot,Candidature spontanée - Alternance Data / Science des données,4               Dir. Dept. Agriculture et Forêt du Lot,"46005, Cahors",Candidature spontanée,,,2026-09-14T14:47:40.000Z,,Débutant accepté,,"4 Dir. Dept. Agriculture et Forêt du Lot est une structure basée à Cahors, active dans le secteur de l'agriculture et de la forêt, comme le suggère son nom. Bien que les détails spécifiques sur ses activités ne soient pas fournis, l'entreprise semble jouer un rôle dans la gestion ou le développement de ces domaines. Je suis intéressé par une alternance en science des données et intelligence artificielle au sein de votre équipe.",
SPONT-5-anpe-castelnaudary,Candidature spontanée - Alternance Data / Science des données,5                                   ANPE Castelnaudary,"46100, Figeac",Candidature spontanée,,,2026-09-14T14:47:40.000Z,,Débutant accepté,,"5 ANPE Castelnaudary est une structure basée à Figeac, active dans le secteur suggéré par son nom/service. Bien que les détails spécifiques sur ses activités ne soient pas précisés, elle semble jouer un rôle dans le domaine de l'accompagnement professionnel. Je suis intéressé par une alternance en science des données et intelligence artificielle au sein de votre entreprise.",
SPONT-6-communaute-de-communes-du-pays-de-fige,Candidature spontanée - Alternance Data / Science des données,6      Communauté de communes du pays de Figeac-Carjac,"46103, Figeac",Candidature spontanée,,,2026-09-14T14:47:40.000Z,,Débutant accepté,,"La 6 Communauté de communes du pays de Figeac-Carjac est une structure basée à Figeac, active dans le secteur suggéré par son nom. Bien que les informations sur ses services ne soient pas précisées, elle semble jouer un rôle dans le développement local et la gestion des ressources de la région. Je suis intéressé par une alternance en science des données et intelligence artificielle au sein de cette communauté.",
SPONT-7-anpe-figeac,Candidature spontanée - Alternance Data / Science des données,7                                          ANPE Figeac,"46500, Figeac",Candidature spontanée,,,2026-09-14T14:47:40.000Z,,Débutant accepté,,"7 ANPE Figeac est une structure basée à Figeac, active dans le secteur suggéré par son nom/service. Bien que les détails spécifiques sur ses activités ne soient pas précisés, l'entreprise semble œuvrer dans un domaine lié à l'accompagnement et à l'emploi. Je suis intéressé par une alternance en science des données et intelligence artificielle au sein de votre équipe.",
SPONT-8-centre-hospitalier-de-montelimar,Candidature spontanée - Alternance Data / Science des données,8                     Centre Hospitalier de Montelimar,"26216, Tarbes",Candidature spontanée,,,2026-09-14T14:47:40.000Z,,Débutant accepté,,"Le Centre Hospitalier de Montelimar est une structure basée à Tarbes, active dans le secteur de la santé. Bien que les services spécifiques ne soient pas précisés, l'établissement semble s'inscrire dans un cadre hospitalier. Je suis intéressé par une alternance en science des données et intelligence artificielle au sein de votre institution.",
SPONT-9-cpam-pyrenees-atlantiques,Candidature spontanée - Alternance Data / Science des données,9                            CPAM Pyrénées Atlantiques,"65000, Tarbes",Candidature spontanée,,,2026-09-14T14:47:40.000Z,,Débutant accepté,,"La CPAM Pyrénées Atlantiques est une structure basée à Tarbes, active dans le secteur de la protection sociale. Bien que les détails spécifiques sur ses services ne soient pas précisés, elle opère probablement dans des domaines liés à la santé et à l'assurance maladie. Je suis intéressé par une alternance en science des données et intelligence artificielle au sein de votre organisation.",
SPONT-0-peugeot-citroen-automobiles-s-a,Candidature spontanée - Alternance Data / Science des données,0                     Peugeot Citroën Automobiles S.A.,"92208, Neuilly Sur Seine",Candidature spontanée,,,2026-09-14T14:47:40.000Z,,Débutant accepté,,"Peugeot Citroën Automobiles S.A. est une structure basée à Neuilly Sur Seine, active dans le secteur suggéré par son nom. Bien que les détails spécifiques sur ses activités ne soient pas précisés, l'entreprise est impliquée dans l'industrie automobile. Je suis intéressé par une alternance en science des données et intelligence artificielle au sein de votre organisation.",
SPONT-1-ministere-de-lemploi-et-de-la-solidari,Candidature spontanée - Alternance Data / Science des données,1             Ministère de lEmploi et de la Solidarité,"11850, Aurillac",Candidature spontanée,,,2026-09-14T14:47:40.000Z,,Débutant accepté,,"Le Ministère de l'Emploi et de la Solidarité est une structure basée à Aurillac, active dans le secteur suggéré par son nom. Bien que les informations spécifiques sur ses activités ne soient pas disponibles, il est probable qu'elle soit impliquée dans des initiatives liées à l'emploi et à la solidarité. Je souhaite proposer ma candidature pour une alternance en science des données et intelligence artificielle au sein de cette institution.",
SPONT-2-lamy-immobilier,Candidature spontanée - Alternance Data / Science des données,2                                      Lamy Immobilier,Aurillac,Candidature spontanée,,,2026-09-14T14:47:40.000Z,,Débutant accepté,,"Lamy Immobilier est une structure basée à Aurillac, active dans le secteur suggéré par son nom. Bien que les détails spécifiques sur ses activités ne soient pas précisés, l'entreprise semble évoluer dans le domaine de l'immobilier. Je suis intéressé par une alternance en science des données et intelligence artificielle au sein de votre équipe.",
SPONT-3-a-n-p-e-castelnaudary,Candidature spontanée - Alternance Data / Science des données,3                              A.N.P.E.  Castelnaudary,"15000, Aurillac",Candidature spontanée,,,2026-09-14T14:47:40.000Z,,Débutant accepté,,"3 A.N.P.E. Castelnaudary est une structure basée à Aurillac, active dans le secteur suggéré par son nom/service. Bien que les détails spécifiques sur ses activités ne soient pas précisés, l'entreprise semble être impliquée dans des services liés à l'emploi. Je suis intéressé par une alternance en science des données et intelligence artificielle au sein de votre équipe.",
SPONT-4-mairie-de-bedarieux,Candidature spontanée - Alternance Data / Science des données,4                                  Mairie de Bédarieux,"34600, Bédarieux",Candidature spontanée,,,2026-09-14T14:47:40.000Z,,Débutant accepté,,"La Mairie de Bédarieux est une structure basée à Bédarieux, active dans le secteur public. Bien que les informations sur ses services spécifiques ne soient pas précisées, elle joue un rôle dans la gestion et le développement de la commune. Je suis intéressé par une alternance en science des données et intelligence artificielle au sein de cette institution.",
SPONT-5-mairie-de-mayenne,Candidature spontanée - Alternance Data / Science des données,5                                    Mairie de Mayenne,"53103, Mayenne Cedex",Candidature spontanée,,,2026-09-14T14:47:40.000Z,,Débutant accepté,,"La Mairie de Mayenne, située au 10 rue de Verdun à Mayenne Cedex, est une structure active dans le secteur public. Bien que les informations sur ses services spécifiques ne soient pas précisées, elle joue un rôle essentiel dans la gestion et le développement de la commune. Je suis intéressé par une alternance en science des données et intelligence artificielle au sein de cette institution.",
SPONT-6-societe-francaise-de-statistique,Candidature spontanée - Alternance Data / Science des données,6                     Société Française de Statistique,"75231, Paris",Candidature spontanée,,,2026-09-14T14:47:40.000Z,,Débutant accepté,,"La Société Française de Statistique est une structure basée à Paris, active dans le secteur suggéré par son nom. Bien que les détails spécifiques sur ses activités ne soient pas précisés, elle semble s'intéresser aux domaines liés aux statistiques et à l'analyse de données. Je suis motivé à contribuer à ses projets en science des données et intelligence artificielle.",
SPONT-7-sessi-ministere-de-lindustrie-serv-des,Candidature spontanée - Alternance Data / Science des données,7    SESSI - Ministère de lIndustrie - Serv. des Stat.,"75007, Paris",Candidature spontanée,,,2026-09-14T14:47:40.000Z,,Débutant accepté,,"7 SESSI est une structure basée à Paris, active dans le secteur suggéré par son nom et son service, le Ministère de l'Industrie. Elle semble être impliquée dans des activités liées aux statistiques. Bien que les détails spécifiques sur ses projets ou technologies ne soient pas disponibles, l'organisation semble jouer un rôle dans la collecte et l'analyse de données.",
SPONT-8-ddea,Candidature spontanée - Alternance Data / Science des données,8                                                 DDEA,"11838, Paris",Candidature spontanée,,,2026-09-14T14:47:40.000Z,,Débutant accepté,,"8 DDEA est une structure basée à Paris, active dans le secteur suggéré par son nom/service. Bien que les détails spécifiques sur ses activités ne soient pas précisés, l'entreprise semble être impliquée dans des domaines liés à la science des données et à l'intelligence artificielle. Je suis intéressé par une opportunité d'alternance au sein de votre équipe.",
SPONT-9-cabinet-sallin,Candidature spontanée - Alternance Data / Science des données,9                                       Cabinet Sallin,"75017, Paris",Candidature spontanée,,,2026-09-14T14:47:40.000Z,,Débutant accepté,,"Le Cabinet Sallin est une structure basée à Paris. Bien que les informations sur son service historique ne soient pas précisées, son nom suggère une activité potentiellement liée à des services professionnels. Je suis intéressé par une alternance en science des données et intelligence artificielle au sein de votre cabinet.",
SPONT-0-bnp-carcassonne,Candidature spontanée - Alternance Data / Science des données,0                                      BNP Carcassonne,"75009, Paris",Candidature spontanée,,,2026-09-14T14:47:40.000Z,,Débutant accepté,,"BNP Carcassonne est une structure basée à Paris, active dans le secteur suggéré par son nom/service. Bien que les détails spécifiques sur ses activités ne soient pas précisés, elle semble évoluer dans un environnement lié à la finance. Je suis intéressé par une alternance en science des données et intelligence artificielle au sein de votre entreprise.",
SPONT-1-keyrus-progiware,Candidature spontanée - Alternance Data / Science des données,1                                     Keyrus-Progiware,"75008, Paris",Candidature spontanée,,,2026-09-14T14:47:40.000Z,,Débutant accepté,,"Keyrus-Progiware est une structure basée à Paris, active dans le secteur suggéré par son nom/service. Bien que les détails spécifiques sur ses activités ne soient pas fournis, l'entreprise semble être impliquée dans des domaines liés à la science des données et à l'intelligence artificielle. Je suis intéressé par une opportunité d'alternance au sein de votre équipe.",
SPONT-2-rectorat-de-bordeaux,Candidature spontanée - Alternance Data / Science des données,2                                 Rectorat de Bordeaux,"33060, Paris",Candidature spontanée,,,2026-09-14T14:47:40.000Z,,Débutant accepté,,"Le Rectorat de Bordeaux est une structure basée à Paris, active dans le secteur de l'éducation. Bien que les détails spécifiques sur ses activités ne soient pas précisés, il est probable qu'il soit impliqué dans la gestion et l'organisation des services éducatifs. Je souhaite proposer ma candidature pour une alternance en science des données et intelligence artificielle au sein de cette institution.",
SPONT-3-groupe-scolaire-jeanne-darc,Candidature spontanée - Alternance Data / Science des données,3                          Groupe Scolaire Jeanne dArc,"11409, Paris",Candidature spontanée,,,2026-09-14T14:47:40.000Z,,Débutant accepté,,"Le Groupe Scolaire Jeanne d'Arc est une structure basée à Paris. Bien que les informations sur ses activités spécifiques ne soient pas précisées, il est probable qu'elle soit active dans le secteur de l'éducation. Je suis intéressé par une alternance en science des données et intelligence artificielle au sein de votre établissement.",
SPONT-4-club-informatique-penitentiaire,Candidature spontanée - Alternance Data / Science des données,4                      Club informatique pénitentiaire,"75013, Paris",Candidature spontanée,,,2026-09-14T14:47:40.000Z,,Débutant accepté,,"4, Club informatique pénitentiaire, est une structure basée à Paris, active dans le secteur suggéré par son nom. Bien que les détails spécifiques sur ses activités ne soient pas précisés, elle semble œuvrer dans le domaine de l'informatique en lien avec le milieu pénitentiaire. Je suis intéressé par une alternance en science des données et intelligence artificielle au sein de votre organisation.",
SPONT-5-chambre-dagriculture-de-la-vendee,Candidature spontanée - Alternance Data / Science des données,5                    Chambre dagriculture de la Vendée,"85013, La Roche sur Yon",Candidature spontanée,,,2026-09-14T14:47:40.000Z,,Débutant accepté,,"La Chambre d'agriculture de la Vendée est une structure basée à La Roche sur Yon, active dans le secteur suggéré par son nom. Bien que les détails spécifiques sur ses activités ne soient pas précisés, elle joue probablement un rôle dans le soutien et le développement de l'agriculture dans la région. Je suis intéressé par une alternance en science des données et intelligence artificielle au sein de cette organisation.",
SPONT-6-calberson-armorique-56-france-express,Candidature spontanée - Alternance Data / Science des données,6                Calberson Armorique 56 France Express,"56850, Caudan",Candidature spontanée,,,2026-09-14T14:47:40.000Z,,Débutant accepté,,"6 Calberson Armorique 56 France Express est une structure basée à Caudan, active dans le secteur suggéré par son nom/service. L'entreprise est située à Z.I. Lann Sevelin BP 59. Les détails concernant ses activités spécifiques ou son domaine d'expertise ne sont pas précisés.",
SPONT-7-semtao,Candidature spontanée - Alternance Data / Science des données,7                                               SEMTAO,"45800, St Jean de Braye",Candidature spontanée,,,2026-09-14T14:47:40.000Z,,Débutant accepté,,"7 SEMTAO est une structure basée à St Jean de Braye, active dans le secteur suggéré par son nom/service. Bien que les détails spécifiques sur ses activités ne soient pas précisés, l'entreprise semble être engagée dans des domaines liés à la science des données et à l'intelligence artificielle. Je suis intéressé par une alternance qui me permettrait de contribuer à ses projets tout en développant mes compétences.",
SPONT-8-centre-hospitalier-dauch,Candidature spontanée - Alternance Data / Science des données,8                             Centre Hospitalier dAuch,"32008, Auch Cedex",Candidature spontanée,,,2026-09-14T14:47:40.000Z,,Débutant accepté,,"Le Centre Hospitalier d'Auch, situé à Auch Cedex, est une structure active dans le secteur de la santé. Bien que les services spécifiques ne soient pas précisés, l'établissement est susceptible de s'impliquer dans divers aspects liés aux soins et à la gestion des données médicales. Je suis intéressé par une alternance en science des données et intelligence artificielle au sein de votre établissement.",
SPONT-9-prefecture-du-gers-bur-du-pers-et-act-,Candidature spontanée - Alternance Data / Science des données,9      Préfecture du Gers - bur. du pers. et act. soc.,"32007, Auch Cedex",Candidature spontanée,,,2026-09-14T14:47:40.000Z,,Débutant accepté,,"Structure basée à Auch Cedex, active dans le secteur suggéré par son nom/service. Bien que les détails spécifiques sur ses activités ne soient pas précisés, elle semble s'engager dans des missions liées aux ressources humaines et aux activités sociales. Je suis intéressé par une alternance en science des données et intelligence artificielle au sein de votre équipe.",
SPONT-0-caisse-de-mutualite-sociale-agricole-d,Candidature spontanée - Alternance Data / Science des données,0         Caisse de Mutualité Sociale Agricole du Gers,"32018, Auch Cedex",Candidature spontanée,,,2026-09-14T14:47:40.000Z,,Débutant accepté,,"La Caisse de Mutualité Sociale Agricole du Gers est une structure basée à Auch Cedex, active dans le secteur de la mutualité sociale agricole. Bien que les détails spécifiques sur ses services ne soient pas précisés, elle semble jouer un rôle important dans le soutien aux acteurs du secteur agricole. Je suis intéressé par une alternance en science des données et intelligence artificielle au sein de votre organisation.",
SPONT-1-france-telecom-vannes,Candidature spontanée - Alternance Data / Science des données,1                                France Telecom Vannes,"56019, Vannes Cedex",Candidature spontanée,,,2026-09-14T14:47:40.000Z,,Débutant accepté,,"France Telecom Vannes est une structure basée à Vannes Cedex, active dans le secteur suggéré par son nom. Bien que les détails spécifiques sur ses activités ne soient pas précisés, l'entreprise semble être impliquée dans des domaines liés aux télécommunications. Je suis intéressé par une alternance en science des données et intelligence artificielle au sein de votre équipe.",
SPONT-2-mobil-oil-francaise,Candidature spontanée - Alternance Data / Science des données,2                                  Mobil Oil Française,"76330, N.D. de Gravenchon",Candidature spontanée,,,2026-09-14T14:47:40.000Z,,Débutant accepté,,"Structure basée à N.D. de Gravenchon, active dans le secteur suggéré par son nom/service. Bien que les détails spécifiques sur ses activités ne soient pas fournis, l'entreprise semble évoluer dans un environnement lié à l'énergie ou aux hydrocarbures. Je suis intéressé par une opportunité d'alternance en science des données et intelligence artificielle au sein de votre équipe.",
SPONT-3-cabinet-de-kinesitherapie,Candidature spontanée - Alternance Data / Science des données,3                            Cabinet de Kinésithérapie,"34130, Candillargues",Candidature spontanée,,,2026-09-14T14:47:40.000Z,,Débutant accepté,,"3 est un cabinet de kinésithérapie situé à Candillargues. Bien que les services spécifiques proposés ne soient pas précisés, la structure semble active dans le secteur de la santé, en lien avec la rééducation et le bien-être. Je suis intéressé par une alternance en science des données et intelligence artificielle au sein de votre cabinet.",
SPONT-4-les-quatre-vents,Candidature spontanée - Alternance Data / Science des données,4                                     Les Quatre Vents,"11090, Montlegun",Candidature spontanée,,,2026-09-14T14:47:40.000Z,,Débutant accepté,,"Les Quatre Vents est une structure basée à Montlegun. Bien que les détails concernant son service historique ne soient pas précisés, l'entreprise semble active dans un secteur suggéré par son nom. Je suis intéressé par une alternance en science des données et intelligence artificielle au sein de votre équipe.",
SPONT-5-moulinex-bayeux,Candidature spontanée - Alternance Data / Science des données,5                                      Moulinex Bayeux,"14400, Bayeux",Candidature spontanée,,,2026-09-14T14:47:40.000Z,,Débutant accepté,,"Structure basée à Bayeux, active dans le secteur suggéré par son nom/service. Bien que les détails spécifiques sur les activités de l'entreprise ne soient pas précisés, elle semble avoir un lien avec des produits ou services liés à la cuisine ou à l'électroménager. Je suis intéressé par une alternance en science des données et intelligence artificielle au sein de votre équipe.",
SPONT-6-comptoir-occitan-mauguio,Candidature spontanée - Alternance Data / Science des données,6                             Comptoir Occitan Mauguio,"34135, Mauguio",Candidature spontanée,,,2026-09-14T14:47:40.000Z,,Débutant accepté,,"6 Comptoir Occitan Mauguio est une structure basée à Mauguio, active dans le secteur suggéré par son nom/service. Bien que les informations sur son activité précise ne soient pas disponibles, l'entreprise semble être impliquée dans un domaine lié à la région Occitanie. Je suis intéressé par une alternance en science des données et intelligence artificielle au sein de votre équipe.",
SPONT-7-banque-populaire,Candidature spontanée - Alternance Data / Science des données,7                                     Banque Populaire,"66240, St Estèves",Candidature spontanée,,,2026-09-14T14:47:40.000Z,,Débutant accepté,,"La Banque Populaire est une structure basée à St Estèves, active dans le secteur bancaire. Bien que les détails sur ses services ne soient pas précisés, elle est historiquement impliquée dans des activités financières. Je suis intéressé par une alternance en science des données et intelligence artificielle au sein de votre entreprise.",
SPONT-8-gb-infographie,Candidature spontanée - Alternance Data / Science des données,8                                       GB Infographie,"82100, Castelsarrasin",Candidature spontanée,,,2026-09-14T14:47:40.000Z,,Débutant accepté,,"8 GB Infographie est une structure basée à Castelsarrasin, active dans le secteur de l'infographie. Bien que les détails spécifiques sur ses services ne soient pas précisés, l'entreprise semble être impliquée dans des activités liées à la création visuelle et à la communication graphique. Je suis intéressé par une alternance en science des données et intelligence artificielle au sein de votre équipe.",
SPONT-9-urssaf-du-var,Candidature spontanée - Alternance Data / Science des données,9                                        URSSAF du Var,"83084, Aix en Provence",Candidature spontanée,,,2026-09-14T14:47:40.000Z,,Débutant accepté,,"L'URSSAF du Var est une structure basée à Aix en Provence, active dans le secteur suggéré par son nom. Bien que les détails sur ses services ne soient pas précisés, elle joue un rôle dans le domaine de la protection sociale et de la gestion des cotisations. Je suis intéressé par une alternance en science des données et intelligence artificielle au sein de votre organisation.",
SPONT-0-safege-setiif,Candidature spontanée - Alternance Data / Science des données,0                                        SAFEGE-SETIIF,"13100, Aix en Provence",Candidature spontanée,,,2026-09-14T14:47:40.000Z,,Débutant accepté,,"SAFEGE-SETIIF est une structure basée à Aix en Provence, active dans le secteur suggéré par son nom/service. Bien que les détails spécifiques sur ses activités ne soient pas précisés, l'entreprise semble évoluer dans un domaine lié à la science des données et à l'intelligence artificielle. Je suis intéressé par une alternance qui me permettrait de contribuer à ses projets tout en développant mes compétences.",
SPONT-1-rectorat-aix-en-provence,Candidature spontanée - Alternance Data / Science des données,1                             Rectorat Aix-en-Provence,"13621, Aix en Provence",Candidature spontanée,,,2026-09-14T14:47:40.000Z,,Débutant accepté,,"Le Rectorat d'Aix-en-Provence est une structure basée à Aix en Provence, active dans le secteur de l'éducation. Bien que les services spécifiques ne soient pas précisés, l'établissement joue un rôle clé dans la gestion et l'organisation des ressources éducatives. Je suis intéressé par une alternance en science des données et intelligence artificielle au sein de cette institution.",
SPONT-2-centre-hospitalier-intercommunal-du-va,Candidature spontanée - Alternance Data / Science des données,2      Centre Hospitalier Intercommunal du Val dAriège,"9000, St Jean de Verges",Candidature spontanée,,,2026-09-14T14:47:40.000Z,,Débutant accepté,,"Le Centre Hospitalier Intercommunal du Val d'Ariège, situé à St Jean de Verges, est une structure active dans le secteur de la santé. Bien que les détails spécifiques sur ses services ne soient pas précisés, il est probable qu'il s'engage dans des activités liées aux soins et à l'accompagnement des patients. Je souhaite proposer mes compétences en science des données et intelligence artificielle pour contribuer à ses missions.",
SPONT-3-web-house,Candidature spontanée - Alternance Data / Science des données,3                                            WEB HOUSE,"66120, Font Romeu",Candidature spontanée,,,2026-09-14T14:47:40.000Z,,Débutant accepté,,"3 WEB HOUSE est une structure basée à Font Romeu, active dans le secteur suggéré par son nom/service. Bien que les détails sur ses activités ne soient pas précisés, l'entreprise semble s'inscrire dans un domaine lié aux technologies numériques. Je suis intéressé par une alternance en science des données et intelligence artificielle au sein de votre équipe.",
SPONT-4-itt-automotive-europe,Candidature spontanée - Alternance Data / Science des données,4                                ITT Automotive Europe,"57150, Creutzwald",Candidature spontanée,,,2026-09-14T14:47:40.000Z,,Débutant accepté,,"4 ITT Automotive Europe est une structure basée à Creutzwald, active dans le secteur suggéré par son nom. Bien que les détails spécifiques sur ses activités ne soient pas fournis, l'entreprise semble évoluer dans un environnement industriel. Je suis intéressé par une alternance en science des données et intelligence artificielle au sein de votre équipe.",
SPONT-5-informathique-services,Candidature spontanée - Alternance Data / Science des données,5                               InforMATHique Services,"66300, Thuir",Candidature spontanée,,,2026-09-14T14:47:40.000Z,,Débutant accepté,,"5 InforMATHique Services est une structure basée à Thuir, active dans le secteur suggéré par son nom/service. Bien que les détails spécifiques sur ses activités ne soient pas précisés, l'entreprise semble s'orienter vers des solutions en lien avec l'informatique et les mathématiques. Je suis intéressé par une alternance dans ce domaine afin de contribuer à ses projets et d'acquérir de l'expérience.",
SPONT-6-association-mont-thabor,Candidature spontanée - Alternance Data / Science des données,6                              Association Mont Thabor,"11890, Thuir",Candidature spontanée,,,2026-09-14T14:47:40.000Z,,Débutant accepté,,"L'Association Mont Thabor est une structure basée à Thuir, dont le service concerné n'est pas précisé. Bien que les détails sur ses activités ne soient pas disponibles, elle semble active dans un secteur suggéré par son nom. Je suis intéressé par une alternance en science des données et intelligence artificielle au sein de votre organisation.",
SPONT-7-u-d-s-i-s-t,Candidature spontanée - Alternance Data / Science des données,7                                         U.D.S.I.S.T.,"66301, Thuir",Candidature spontanée,,,2026-09-14T14:47:40.000Z,,Débutant accepté,,"7 U.D.S.I.S.T. est une structure basée à Thuir, active dans le secteur suggéré par son nom/service. Bien que les détails spécifiques sur ses activités ne soient pas précisés, l'entreprise semble s'inscrire dans un domaine lié à la science des données ou à l'intelligence artificielle. Je suis intéressé par une alternance qui me permettrait de contribuer à ses projets tout en développant mes compétences dans ce domaine.",
SPONT-8-tn-sofres,Candidature spontanée - Alternance Data / Science des données,8                                            TN Sofres,"92129, Montrouge Cedex",Candidature spontanée,,,2026-09-14T14:47:40.000Z,,Débutant accepté,,"TN Sofres est une structure basée à Montrouge Cedex, active dans le secteur suggéré par son nom/service. Bien que les détails spécifiques sur ses activités ne soient pas précisés, l'entreprise semble évoluer dans un domaine lié à la collecte et à l'analyse de données. Je suis intéressé par une alternance en science des données et intelligence artificielle au sein de votre équipe.",
SPONT-9-autoroutes-du-sud-de-la-france,Candidature spontanée - Alternance Data / Science des données,9                       Autoroutes du Sud de la France,"47520, Agen",Candidature spontanée,,,2026-09-14T14:47:40.000Z,,Débutant accepté,,"9 Autoroutes du Sud de la France est une structure basée à Agen, active dans le secteur des autoroutes. Bien que les détails spécifiques sur ses activités ne soient pas précisés, l'entreprise semble jouer un rôle dans la gestion ou l'exploitation des infrastructures routières. Je suis intéressé par une alternance en science des données et intelligence artificielle au sein de votre organisation.",
SPONT-0-inra-clermont-ferrand,Candidature spontanée - Alternance Data / Science des données,0                                INRA Clermont-Ferrand,"63122, St Genêts-Champanelle",Candidature spontanée,,,2026-09-14T14:47:40.000Z,,Débutant accepté,,"L'INRA Clermont-Ferrand, situé à St Genêts-Champanelle, est une structure active dans le domaine de l'épidémiologie animale. Bien que les détails spécifiques sur ses activités ne soient pas précisés, l'institut semble s'intéresser à des problématiques liées à la santé animale et à la recherche scientifique. Je suis motivé à contribuer à ses projets en science des données et en intelligence artificielle.",
SPONT-1-cram-montpellier,Candidature spontanée - Alternance Data / Science des données,1                                     CRAM Montpellier,Lyon,Candidature spontanée,,,2026-09-14T14:47:40.000Z,,Débutant accepté,,"CRAM Montpellier est une structure basée à Lyon, active dans le secteur suggéré par son nom/service. Bien que les détails spécifiques sur ses activités ne soient pas fournis, l'entreprise semble évoluer dans un domaine lié à la santé ou à la gestion des risques. Je suis intéressé par une alternance en science des données et intelligence artificielle au sein de votre équipe.",
SPONT-2-sncf-region-de-lyon,Candidature spontanée - Alternance Data / Science des données,2                                  SNCF Région de Lyon,"69286, Lyon",Candidature spontanée,,,2026-09-14T14:47:40.000Z,,Débutant accepté,,"La SNCF Région de Lyon est une structure basée à Lyon, active dans le secteur du transport ferroviaire. Bien que les détails spécifiques sur ses activités ne soient pas précisés, elle est impliquée dans des services liés à la mobilité et au transport. Je suis intéressé par une alternance en science des données et intelligence artificielle au sein de cette entreprise.",
SPONT-3-comurhex,Candidature spontanée - Alternance Data / Science des données,3                                             COMURHEX,"26701, Lyon",Candidature spontanée,,,2026-09-14T14:47:40.000Z,,Débutant accepté,,"3 COMURHEX est une structure basée à Lyon, active dans le secteur suggéré par son nom/service. Bien que les détails spécifiques sur ses activités ne soient pas précisés, l'entreprise semble évoluer dans un domaine lié à la science des données et à l'intelligence artificielle. Je suis intéressé par une alternance qui me permettrait de contribuer à ses projets tout en développant mes compétences.",
SPONT-4-department-of-research-development,Candidature spontanée - Alternance Data / Science des données,4                 Department of Research & Development,Sunderland,Candidature spontanée,,,2026-09-14T14:47:40.000Z,,Débutant accepté,,"4 Department of Research & Development est une structure basée à Sunderland, active dans le secteur suggéré par son nom. Bien que les détails spécifiques sur ses activités ne soient pas fournis, l'entreprise semble se concentrer sur la recherche et le développement. Je suis intéressé par une alternance en science des données et intelligence artificielle au sein de votre équipe.",
SPONT-5-agence-alain-barbe-assureur-conseil,Candidature spontanée - Alternance Data / Science des données,5                Agence Alain Barbe - Assureur Conseil,"30319, Vailhauquès",Candidature spontanée,,,2026-09-14T14:47:40.000Z,,Débutant accepté,,"5 Agence Alain Barbe - Assureur Conseil est une structure basée à Vailhauquès, active dans le secteur suggéré par son nom. Bien que les détails spécifiques concernant ses services ne soient pas précisés, l'entreprise semble évoluer dans le domaine de l'assurance et du conseil. Je suis intéressé par une alternance en science des données et intelligence artificielle au sein de votre équipe.",
SPONT-6-micro-info,Candidature spontanée - Alternance Data / Science des données,6                                           Micro Info,Balma Cedex,Candidature spontanée,,,2026-09-14T14:47:40.000Z,,Débutant accepté,,"6 Micro Info est une structure basée à Balma Cedex, active dans le secteur suggéré par son nom/service. Bien que les détails spécifiques sur ses activités ne soient pas précisés, l'entreprise semble évoluer dans un domaine lié à l'informatique. Je suis intéressé par une alternance en science des données et intelligence artificielle au sein de votre équipe.",
SPONT-7-logigame,Candidature spontanée - Alternance Data / Science des données,7                                             Logigame,"11000, Mohamedia - Maroc",Candidature spontanée,,,2026-09-14T14:47:40.000Z,,Débutant accepté,,"7 Logigame est une structure basée à Mohamedia, au Maroc. Bien que les détails spécifiques sur ses activités ne soient pas précisés, son nom suggère une implication dans le secteur des technologies ou des services numériques. Je suis intéressé par une opportunité d'alternance dans le domaine de la science des données et de l'intelligence artificielle au sein de votre entreprise.",
SPONT-8-aurba,Candidature spontanée - Alternance Data / Science des données,8                                                AURBA,"11855, Trausse-Minervois",Candidature spontanée,,,2026-09-14T14:47:40.000Z,,Débutant accepté,,"AURBA est une structure basée à Trausse-Minervois, active dans le secteur suggéré par son nom/service. Les détails spécifiques concernant ses activités ou son domaine d'expertise ne sont pas précisés. Cependant, l'entreprise semble ouverte à des initiatives dans le domaine de la science des données et de l'intelligence artificielle.",
SPONT-9-societe-generale,Candidature spontanée - Alternance Data / Science des données,9                                     Société Générale,Olonzac,Candidature spontanée,,,2026-09-14T14:47:40.000Z,,Débutant accepté,,"9 Société Générale est une structure basée à Olonzac, active dans le secteur suggéré par son nom/service. Bien que les détails spécifiques sur ses activités ne soient pas précisés, l'entreprise semble évoluer dans un environnement propice à l'innovation et aux nouvelles technologies. Je suis intéressé par une alternance en science des données et intelligence artificielle au sein de votre équipe.",
SPONT-0-mairie-de-lunion,Candidature spontanée - Alternance Data / Science des données,0                                     Mairie de lUnion,Villefranche de Rouergue,Candidature spontanée,,,2026-09-14T14:47:40.000Z,,Débutant accepté,,"La Mairie de l'Union est une structure basée à Villefranche de Rouergue. Bien que les informations sur ses activités spécifiques ne soient pas précisées, elle opère dans le secteur public, ce qui suggère un engagement envers la communauté locale. Une alternance en science des données ou en intelligence artificielle pourrait contribuer à l'optimisation de ses services.",
SPONT-1-dagard,Candidature spontanée - Alternance Data / Science des données,1                                               DAGARD,"23300, La Roche sur Yon",Candidature spontanée,,,2026-09-14T14:47:40.000Z,,Débutant accepté,,"DAGARD est une structure basée à La Roche sur Yon, active dans un secteur suggéré par son nom/service. Bien que les détails spécifiques sur ses activités ne soient pas fournis, l'entreprise semble être engagée dans des domaines liés à la science des données et à l'intelligence artificielle. Je suis intéressé par une alternance qui me permettrait de contribuer à ses projets et d'apprendre au sein de son équipe.",
SPONT-2-ets-gourvenec,Candidature spontanée - Alternance Data / Science des données,2                                       Ets. Gourvenec,Routier,Candidature spontanée,,,2026-09-14T14:47:40.000Z,,Débutant accepté,,"2 Ets. Gourvenec est une structure basée à Routier, active dans le secteur suggéré par son nom/service. Bien que les détails spécifiques sur ses activités ne soient pas précisés, l'entreprise semble ouverte à des initiatives dans le domaine de la science des données et de l'intelligence artificielle. Je suis intéressé par une alternance qui pourrait contribuer à ses projets futurs.",
SPONT-4-peyrot-sarl,Candidature spontanée - Alternance Data / Science des données,4                                          PEYROT SARL,"11880, Jacou",Candidature spontanée,,,2026-09-14T14:47:40.000Z,,Débutant accepté,,"4 PEYROT SARL est une structure basée à Jacou, active dans le secteur suggéré par son nom/service. Bien que les détails spécifiques sur ses activités ne soient pas fournis, l'entreprise semble avoir un potentiel d'application dans le domaine de la science des données et de l'intelligence artificielle. Je suis intéressé par une alternance qui pourrait contribuer à ses projets futurs.",
SPONT-5-dauphin-telecom,Candidature spontanée - Alternance Data / Science des données,5                                      Dauphin Telecom,"97068, Creil",Candidature spontanée,,,2026-09-14T14:47:40.000Z,,Débutant accepté,,"Dauphin Telecom est une structure basée à Creil, active dans le secteur suggéré par son nom. Bien que les détails sur ses services ne soient pas précisés, l'entreprise semble évoluer dans un environnement lié aux télécommunications. Je suis intéressé par une alternance en science des données et intelligence artificielle au sein de votre équipe.",
SPONT-6-sdis,Candidature spontanée - Alternance Data / Science des données,6                                                 SDIS,"34570, St Martin Cedex",Candidature spontanée,,,2026-09-14T14:47:40.000Z,,Débutant accepté,,"Structure basée à St Martin Cedex, active dans le secteur suggéré par son nom/service. Bien que les détails spécifiques sur ses activités ne soient pas précisés, l'entreprise semble avoir un lien avec des services d'intérêt public. Je suis intéressé par une alternance en science des données et intelligence artificielle au sein de votre équipe.",
SPONT-7-caisse-daction-sociale-du-personnel-ed,Candidature spontanée - Alternance Data / Science des données,7          Caisse dAction Sociale du personnel EDF-GDF,"11870, Golfech",Candidature spontanée,,,2026-09-14T14:47:40.000Z,,Débutant accepté,,"La Caisse d'Action Sociale du personnel EDF-GDF est une structure basée à Golfech, active dans le secteur suggéré par son nom. Bien que les informations sur ses activités spécifiques ne soient pas précisées, elle semble œuvrer dans le domaine du soutien social pour les employés d'EDF et GDF. Je suis intéressé par une alternance en science des données et intelligence artificielle au sein de votre organisation.",
SPONT-8-cci-de-pau,Candidature spontanée - Alternance Data / Science des données,8                                           CCI de Pau,"64000, Pau",Candidature spontanée,,,2026-09-14T14:47:40.000Z,,Débutant accepté,,"La CCI de Pau est une structure basée à Pau, active dans le secteur suggéré par son nom. Bien que les détails spécifiques sur ses activités ne soient pas précisés, elle joue un rôle dans le développement économique local. Je suis intéressé par une alternance en science des données et intelligence artificielle au sein de cette institution.",
SPONT-9-edf-beh-dordogne,Candidature spontanée - Alternance Data / Science des données,9                                   EDF - BEH Dordogne,"19000, Pau",Candidature spontanée,,,2026-09-14T14:47:40.000Z,,Débutant accepté,,"EDF - BEH Dordogne est une structure basée à Pau, active dans le secteur suggéré par son nom/service. Bien que les détails spécifiques sur ses activités ne soient pas précisés, l'entreprise semble évoluer dans un environnement lié à l'énergie. Je suis intéressé par une alternance en science des données et intelligence artificielle au sein de votre équipe.",
SPONT-0-chu-morvan,Candidature spontanée - Alternance Data / Science des données,0                                           CHU MORVAN,"29609, Pau",Candidature spontanée,,,2026-09-14T14:47:40.000Z,,Débutant accepté,,"Le CHU Morvan est une structure basée à Pau, active dans le secteur de la santé. Bien que les services spécifiques ne soient pas précisés, l'établissement est probablement impliqué dans des activités liées aux soins et à la recherche médicale. Je souhaite proposer ma candidature pour une alternance en science des données et intelligence artificielle au sein de votre organisation.",
SPONT-1-inra-dijon-laboratoire-de-malherbologi,Candidature spontanée - Alternance Data / Science des données,1            INRA Dijon - Laboratoire de Malherbologie,"21034, Dijon",Candidature spontanée,,,2026-09-14T14:47:40.000Z,,Débutant accepté,,"L'INRA Dijon - Laboratoire de Malherbologie est une structure basée à Dijon, active dans le secteur suggéré par son nom. Bien que les détails spécifiques sur ses activités ne soient pas précisés, elle semble s'intéresser à des problématiques liées à la malherbologie. Je suis motivé à contribuer à ses projets en science des données et intelligence artificielle.",
SPONT-2-urssaf-de-tarn-et-garonne,Candidature spontanée - Alternance Data / Science des données,2                            URSSAF de Tarn et Garonne,"82000, Dijon",Candidature spontanée,,,2026-09-14T14:47:40.000Z,,Débutant accepté,,"L'URSSAF de Tarn et Garonne est une structure basée à Dijon, active dans le secteur suggéré par son nom/service. Bien que les détails spécifiques sur ses activités ne soient pas précisés, elle joue un rôle dans la gestion des cotisations et contributions sociales. Je suis intéressé par une alternance en science des données et intelligence artificielle au sein de cette organisation.",
SPONT-3-france-telecom-dijon,Candidature spontanée - Alternance Data / Science des données,3                                 France Télécom Dijon,"21071, Dijon",Candidature spontanée,,,2026-09-14T14:47:40.000Z,,Débutant accepté,,"3 France Télécom Dijon est une structure basée à Dijon, active dans le secteur suggéré par son nom. Bien que les détails sur ses activités spécifiques ne soient pas précisés, l'entreprise semble avoir un lien avec les télécommunications. Je suis intéressé par une alternance en science des données et intelligence artificielle au sein de votre équipe.",
SPONT-4-chu-dijon,Candidature spontanée - Alternance Data / Science des données,4                                            CHU Dijon,"27034, Dijon",Candidature spontanée,,,2026-09-14T14:47:40.000Z,,Débutant accepté,,"Le CHU Dijon est une structure basée à Dijon, active dans le secteur de la santé. Bien que les services spécifiques ne soient pas précisés, l'établissement joue un rôle important dans le domaine médical. Je suis intéressé par une alternance en science des données et intelligence artificielle au sein de votre organisation.",
SPONT-5-mairie-de-montauban,Candidature spontanée - Alternance Data / Science des données,5                                  Mairie de Montauban,"82000, Montauban",Candidature spontanée,,,2026-09-14T14:47:40.000Z,,Débutant accepté,,"La Mairie de Montauban est une structure basée à Montauban, active dans le secteur public. Bien que les détails concernant ses services ne soient pas précisés, elle joue un rôle essentiel dans la gestion et le développement de la ville. Je suis intéressé par une alternance en science des données et intelligence artificielle au sein de cette institution.",
SPONT-6-caf-du-tarn-et-garonne,Candidature spontanée - Alternance Data / Science des données,6                               CAF du Tarn Et Garonne,"32000, Montauban",Candidature spontanée,,,2026-09-14T14:47:40.000Z,,Débutant accepté,,"La CAF du Tarn Et Garonne est une structure basée à Montauban, active dans le secteur des prestations sociales. Bien que les détails spécifiques sur ses activités ne soient pas précisés, elle est impliquée dans des services liés à l'aide et au soutien des familles. Je suis intéressé par une alternance en science des données et intelligence artificielle au sein de cette organisation.",
SPONT-7-dde-martinique,Candidature spontanée - Alternance Data / Science des données,7                                       DDE Martinique,"97274, Schoelcher",Candidature spontanée,,,2026-09-14T14:47:40.000Z,,Débutant accepté,,"7 DDE Martinique est une structure basée à Schoelcher, dont le service concerné n'est pas précisé. L'entreprise semble active dans un secteur suggéré par son nom, mais les détails spécifiques sur ses activités ne sont pas disponibles. Je suis intéressé par une alternance en science des données et intelligence artificielle au sein de votre équipe.",
SPONT-8-centre-hospitalier-henri-mondor,Candidature spontanée - Alternance Data / Science des données,8                      Centre Hospitalier Henri Mondor,"15002, Schoelcher",Candidature spontanée,,,2026-09-14T14:47:40.000Z,,Débutant accepté,,"Le Centre Hospitalier Henri Mondor est une structure basée à Schoelcher, active dans le secteur de la santé. Bien que les détails spécifiques sur ses services ne soient pas précisés, il est probable qu'il soit impliqué dans des activités liées aux soins et à l'assistance médicale. Je souhaite proposer ma candidature pour une alternance en science des données et intelligence artificielle au sein de cet établissement.",
SPONT-9-assessment-europe,Candidature spontanée - Alternance Data / Science des données,9                                    ASSESSMENT EUROPE,"11300, Avesnes sur Helpe",Candidature spontanée,,,2026-09-14T14:47:40.000Z,,Débutant accepté,,"9 ASSESSMENT EUROPE est une structure basée à Avesnes sur Helpe, active dans le secteur suggéré par son nom/service. Bien que les détails spécifiques sur ses activités ne soient pas précisés, l'entreprise semble évoluer dans un domaine lié à l'évaluation et à l'analyse. Je suis intéressé par une alternance en science des données et intelligence artificielle au sein de votre équipe.",
SPONT-0-mairie-de-palaja,Candidature spontanée - Alternance Data / Science des données,0                                     Mairie de Palaja,"11570, Labège",Candidature spontanée,,,2026-09-14T14:47:40.000Z,,Débutant accepté,,"La Mairie de Palaja est une structure basée à Labège, active dans le secteur public. Bien que les services spécifiques ne soient pas précisés, elle joue un rôle dans la gestion et l'administration locale. Je suis intéressé par une alternance en science des données et intelligence artificielle au sein de votre organisation.",
SPONT-1-insee-dirag,Candidature spontanée - Alternance Data / Science des données,1                                          INSEE DIRAG,"97158, Labège",Candidature spontanée,,,2026-09-14T14:47:40.000Z,,Débutant accepté,,"1 INSEE DIRAG est une structure basée à Labège, active dans le secteur suggéré par son nom/service. Bien que les détails spécifiques sur ses activités ne soient pas précisés, l'entreprise semble évoluer dans un domaine lié à la science des données et à l'intelligence artificielle. Je suis intéressé par une opportunité d'alternance au sein de votre équipe.",
SPONT-2-sarl-tabet,Candidature spontanée - Alternance Data / Science des données,2                                           Sarl TABET,"31100, Labège",Candidature spontanée,,,2026-09-14T14:47:40.000Z,,Débutant accepté,,"La Sarl TABET est une structure basée à Labège. Les informations disponibles ne précisent pas le service concerné, mais l'entreprise semble active dans un secteur lié à son nom. Je suis intéressé par une alternance en science des données et intelligence artificielle au sein de votre équipe.",
SPONT-3-pierre-fabre-institut-de-recherche,Candidature spontanée - Alternance Data / Science des données,3                 Pierre Fabre - Institut de Recherche,"31300, Labège",Candidature spontanée,,,2026-09-14T14:47:40.000Z,,Débutant accepté,,"3 Pierre Fabre - Institut de Recherche est une structure basée à Labège, active dans le secteur suggéré par son nom/service. Bien que les détails spécifiques sur ses activités ne soient pas fournis, l'institut semble s'inscrire dans un domaine lié à la recherche et à l'innovation. Je suis intéressé par une alternance en science des données et intelligence artificielle au sein de votre équipe.",
SPONT-4-stocktrans-europe,Candidature spontanée - Alternance Data / Science des données,4                                    STOCKTRANS Europe,"59115, Labège",Candidature spontanée,,,2026-09-14T14:47:40.000Z,,Débutant accepté,,"4 STOCKTRANS Europe est une structure basée à Labège, active dans le secteur suggéré par son nom/service. Bien que les détails spécifiques sur ses activités ne soient pas précisés, l'entreprise semble évoluer dans un domaine lié à la gestion ou au transport. Je suis intéressé par une alternance en science des données et intelligence artificielle au sein de votre équipe.",
SPONT-5-magnus-france,Candidature spontanée - Alternance Data / Science des données,5                                        Magnus France,"31676, Labège",Candidature spontanée,,,2026-09-14T14:47:40.000Z,,Débutant accepté,,"5 Magnus France est une structure basée à Labège, active dans le secteur suggéré par son nom/service. Bien que les détails spécifiques sur ses activités ne soient pas précisés, l'entreprise semble s'intéresser aux domaines liés à la science des données et à l'intelligence artificielle. Je souhaite proposer ma candidature pour une alternance dans ce domaine.",
SPONT-6-sarl-stella-estrella-hotel-letoile,Candidature spontanée - Alternance Data / Science des données,6                 SARL STELLA-ESTRELLA (Hôtel lEtoile),"11000, Pointe-à-Pitre",Candidature spontanée,,,2026-09-14T14:47:40.000Z,,Débutant accepté,,"6 SARL STELLA-ESTRELLA, également connu sous le nom d'Hôtel lEtoile, est une structure basée à Pointe-à-Pitre. Bien que les informations sur ses activités spécifiques ne soient pas précisées, son nom suggère une implication dans le secteur de l'hôtellerie. Je suis intéressé par une alternance en science des données et intelligence artificielle au sein de votre entreprise.",
SPONT-7-aude-poids-lourds,Candidature spontanée - Alternance Data / Science des données,7                                    AUDE POIDS LOURDS,"33041, Boulitre",Candidature spontanée,,,2026-09-14T14:47:40.000Z,,Débutant accepté,,"7 AUDE POIDS LOURDS est une structure basée à Boulitre, active dans le secteur suggéré par son nom/service. Bien que les détails spécifiques sur ses activités ne soient pas fournis, l'entreprise semble évoluer dans un domaine lié aux poids lourds. Je suis intéressé par une alternance en science des données et intelligence artificielle au sein de votre entreprise.",
SPONT-8-ddaf-angers-cite-administrative,Candidature spontanée - Alternance Data / Science des données,8                    DDAF Angers - Cité Administrative,"49000, Angers Cedex",Candidature spontanée,,,2026-09-14T14:47:40.000Z,,Débutant accepté,,"8 DDAF Angers - Cité Administrative est une structure basée à Angers Cedex, active dans le secteur suggéré par son nom/service. Bien que les détails spécifiques sur ses activités ne soient pas précisés, elle semble jouer un rôle dans le domaine administratif. Je suis intéressé par une alternance en science des données et intelligence artificielle au sein de votre organisation.",
SPONT-9-credit-mutuel-midi-atlantique,Candidature spontanée - Alternance Data / Science des données,9                        Crédit Mutuel Midi-Atlantique,"49047, Angers Cedex",Candidature spontanée,,,2026-09-14T14:47:40.000Z,,Débutant accepté,,"Le Crédit Mutuel Midi-Atlantique est une structure basée à Angers Cedex, active dans le secteur bancaire. Bien que les détails spécifiques sur ses activités ne soient pas précisés, l'entreprise semble s'inscrire dans un domaine où la gestion des données et l'intelligence artificielle peuvent jouer un rôle clé. Je suis intéressé par une alternance en science des données et en IA au sein de cette organisation.",
SPONT-0-adasea,Candidature spontanée - Alternance Data / Science des données,0                                               ADASEA,"46004, Angers Cedex",Candidature spontanée,,,2026-09-14T14:47:40.000Z,,Débutant accepté,,"ADASEA est une structure basée à Angers Cedex, active dans le secteur suggéré par son nom/service. Bien que les détails spécifiques sur ses activités ne soient pas précisés, elle semble évoluer dans un environnement lié à l'agriculture. Je suis intéressé par une alternance en science des données et intelligence artificielle au sein de votre entreprise.",
SPONT-1-maaf-assurance-sa-departement-ddmc,Candidature spontanée - Alternance Data / Science des données,1                 MAAF Assurance SA - Département DDMC,"79036, Niort",Candidature spontanée,,,2026-09-14T14:47:40.000Z,,Débutant accepté,,"MAAF Assurance SA est une structure basée à Niort, active dans le secteur de l'assurance. Le département DDMC semble être impliqué dans des activités liées à ce domaine, bien que les détails spécifiques ne soient pas précisés. Je suis intéressé par une alternance en science des données et intelligence artificielle au sein de votre entreprise.",
SPONT-2-centre-de-gestion-de-la-fon-publ-terr-,Candidature spontanée - Alternance Data / Science des données,2   Centre de Gestion de la Fon. Publ. Terr. des 2 Sèv,"79400, Niort",Candidature spontanée,,,2026-09-14T14:47:40.000Z,,Débutant accepté,,"Le 2 Centre de Gestion de la Fon. Publ. Terr. des 2 Sèv est une structure basée à Niort, active dans le secteur suggéré par son nom. Bien que les détails concernant ses activités spécifiques ne soient pas précisés, l'entreprise semble jouer un rôle dans la gestion publique territoriale. Je suis intéressé par une alternance en science des données et intelligence artificielle au sein de votre organisation.",
SPONT-3-sarl-edater,Candidature spontanée - Alternance Data / Science des données,3                                          SARL EDATER,"34090, Niort",Candidature spontanée,,,2026-09-14T14:47:40.000Z,,Débutant accepté,,"3 SARL EDATER est une structure basée à Niort, dont le secteur d'activité n'est pas précisé. L'entreprise semble être active dans un domaine lié à son nom, mais les détails spécifiques sur ses services ou projets ne sont pas disponibles. Je suis intéressé par une alternance en science des données et intelligence artificielle au sein de votre équipe.",
SPONT-4-qualistat,Candidature spontanée - Alternance Data / Science des données,4                                            QUALISTAT,"97122, Annecy",Candidature spontanée,,,2026-09-14T14:47:40.000Z,,Débutant accepté,,"4 QUALISTAT est une structure basée à Annecy, active dans le secteur suggéré par son nom/service. Bien que les détails spécifiques sur ses activités ne soient pas précisés, l'entreprise semble s'intéresser à des domaines liés à la qualité et à l'analyse de données. Je suis motivé à rejoindre votre équipe pour contribuer à vos projets en science des données et intelligence artificielle.",
SPONT-5-pharmacie-humanitaire-internationale,Candidature spontanée - Alternance Data / Science des données,5                 Pharmacie Humanitaire Internationale,"34070, Montpellier",Candidature spontanée,,,2026-09-14T14:47:40.000Z,,Débutant accepté,,"5 Pharmacie Humanitaire Internationale est une structure basée à Montpellier, active dans le secteur suggéré par son nom/service. Bien que les détails spécifiques sur ses activités ne soient pas précisés, elle semble œuvrer dans le domaine humanitaire. Je suis intéressé par une alternance en science des données et intelligence artificielle au sein de votre organisation.",
SPONT-6-cj-electronique,Candidature spontanée - Alternance Data / Science des données,6                                      CJ Electronique,"11160, Montpellier",Candidature spontanée,,,2026-09-14T14:47:40.000Z,,Débutant accepté,,"CJ Electronique est une structure basée à Montpellier, active dans le secteur suggéré par son nom. Bien que les détails spécifiques sur ses activités ne soient pas précisés, l'entreprise semble évoluer dans un environnement lié à l'électronique. Je suis intéressé par une alternance en science des données et intelligence artificielle au sein de votre équipe.",
SPONT-7-cnrs-ecolab,Candidature spontanée - Alternance Data / Science des données,7                                        CNRS - ECOLAB,"31055, Montpellier",Candidature spontanée,,,2026-09-14T14:47:40.000Z,,Débutant accepté,,"7 CNRS - ECOLAB est une structure basée à Montpellier, active dans le secteur suggéré par son nom/service. Bien que les détails spécifiques sur ses activités ne soient pas précisés, elle semble s'inscrire dans un cadre de recherche ou d'innovation. Je suis intéressé par une alternance en science des données et intelligence artificielle au sein de votre équipe.",
SPONT-8-zoo-prive-dagostin,Candidature spontanée - Alternance Data / Science des données,8                                   Zoo privé dAgostin,"11000, Montpellier",Candidature spontanée,,,2026-09-14T14:47:40.000Z,,Débutant accepté,,"8 Zoo privé dAgostin est une structure basée à Montpellier, active dans le secteur suggéré par son nom. Bien que les détails spécifiques sur ses activités ne soient pas précisés, elle semble évoluer dans un environnement lié à la conservation ou à l'éducation animale. Je suis intéressé par une alternance en science des données et intelligence artificielle au sein de votre établissement.",
SPONT-9-chambre-dagriculture-de-laude,Candidature spontanée - Alternance Data / Science des données,9                        Chambre dAgriculture de lAude,"11878, Montpellier",Candidature spontanée,,,2026-09-14T14:47:40.000Z,,Débutant accepté,,"La Chambre d'Agriculture de l'Aude est une structure basée à Montpellier, active dans le secteur suggéré par son nom. Elle est située à ZA de Sautès à Trèbes. Les activités précises de l'entreprise ne sont pas spécifiées, mais elle semble être impliquée dans des services liés à l'agriculture.",
SPONT-0-tresorerie-montpellier,Candidature spontanée - Alternance Data / Science des données,0                               Trésorerie Montpellier,"34005, Montpellier",Candidature spontanée,,,2026-09-14T14:47:40.000Z,,Débutant accepté,,"0 Trésorerie Montpellier est une structure basée à Montpellier, active dans le secteur suggéré par son nom. Bien que les détails spécifiques sur ses activités ne soient pas précisés, l'entreprise semble être impliquée dans des services liés à la trésorerie. Je suis intéressé par une alternance en science des données et intelligence artificielle au sein de votre équipe.",
SPONT-1-amd-informatique,Candidature spontanée - Alternance Data / Science des données,1                                     AMD Informatique,"11090, Montpellier",Candidature spontanée,,,2026-09-14T14:47:40.000Z,,Débutant accepté,,"AMD Informatique est une structure basée à Montpellier, active dans le secteur suggéré par son nom. Bien que les détails spécifiques sur ses services ou projets ne soient pas précisés, l'entreprise semble être impliquée dans le domaine de l'informatique. Je suis intéressé par une opportunité d'alternance en science des données et intelligence artificielle au sein de votre équipe.",
SPONT-2-jean-claude-past,Candidature spontanée - Alternance Data / Science des données,2                                    Jean-Claude Past?,"34055, Montpellier",Candidature spontanée,,,2026-09-14T14:47:40.000Z,,Débutant accepté,,"2 Jean-Claude Past est une structure basée à Montpellier, active dans le secteur suggéré par son nom/service. Les détails concernant son domaine d'activité spécifique ne sont pas précisés. Cependant, l'entreprise semble ouverte à des initiatives dans le domaine de la science des données et de l'intelligence artificielle.",
SPONT-3-mairie-de-ceret-bibliotheque-municipal,Candidature spontanée - Alternance Data / Science des données,3              MAIRIE DE CERET/BIBLIOTHEQUE MUNICIPALE,"66400, Montpellier",Candidature spontanée,,,2026-09-14T14:47:40.000Z,,Débutant accepté,,"La Mairie de Céret, avec sa bibliothèque municipale, est une structure basée à Montpellier. Bien que les informations sur ses activités spécifiques ne soient pas détaillées, elle est probablement impliquée dans des services liés à la culture et à l'éducation. Je suis intéressé par une alternance en science des données et intelligence artificielle au sein de cette institution.",
SPONT-4-eid-mediterranee,Candidature spontanée - Alternance Data / Science des données,4                                     EID Méditerranée,"34030, Montpellier",Candidature spontanée,,,2026-09-14T14:47:40.000Z,,Débutant accepté,,"4 EID Méditerranée est une structure basée à Montpellier, active dans le secteur suggéré par son nom/service. Bien que les détails spécifiques sur ses activités ne soient pas précisés, l'entreprise semble évoluer dans un domaine lié à l'innovation et aux technologies. Je suis intéressé par une opportunité d'alternance en science des données et intelligence artificielle au sein de votre équipe.",
SPONT-5-centre-de-reeducation-searl,Candidature spontanée - Alternance Data / Science des données,5                          Centre de Rééducation SEARL,"34000, Montpellier",Candidature spontanée,,,2026-09-14T14:47:40.000Z,,Débutant accepté,,"5 Centre de Rééducation SEARL est une structure basée à Montpellier, active dans le secteur de la rééducation, comme le suggère son nom. Bien que les détails spécifiques sur ses services ne soient pas précisés, l'entreprise semble s'engager dans des activités liées à la santé et au bien-être. Je suis intéressé par une alternance en science des données et intelligence artificielle au sein de votre établissement.",
SPONT-6-cameron-france-sas,Candidature spontanée - Alternance Data / Science des données,6                                   CAMERON France SAS,"34535, Montpellier",Candidature spontanée,,,2026-09-14T14:47:40.000Z,,Débutant accepté,,"Cameron France SAS est une structure basée à Montpellier, active dans le secteur suggéré par son nom/service. Bien que les détails spécifiques sur ses activités ne soient pas précisés, l'entreprise semble évoluer dans un domaine lié à la technologie et à l'innovation. Je suis intéressé par une alternance en science des données et intelligence artificielle au sein de votre équipe.",
SPONT-7-caf-de-montpellier,Candidature spontanée - Alternance Data / Science des données,7                                   CAF de Montpellier,"34943, Montpellier",Candidature spontanée,,,2026-09-14T14:47:40.000Z,,Débutant accepté,,"7 CAF de Montpellier est une structure basée à Montpellier, active dans le secteur suggéré par son nom/service. Bien que les détails spécifiques sur ses activités ne soient pas précisés, l'entreprise semble œuvrer dans un domaine lié à la gestion des données. Je suis intéressé par une alternance en science des données et intelligence artificielle au sein de votre équipe.",
SPONT-8-dir-dep-et-reg-de-lequipement,Candidature spontanée - Alternance Data / Science des données,8                     Dir. Dép. et Rég. de lEquipement,"34064, Montpellier",Candidature spontanée,,,2026-09-14T14:47:40.000Z,,Débutant accepté,,"8 Dir. Dép. et Rég. de lEquipement est une structure basée à Montpellier, active dans le secteur suggéré par son nom. Bien que les détails spécifiques sur ses activités ne soient pas précisés, l'entreprise semble être impliquée dans des domaines liés à l'équipement et à l'infrastructure. Je suis intéressé par une alternance en science des données et intelligence artificielle au sein de votre équipe.",
SPONT-9-insee,Candidature spontanée - Alternance Data / Science des données,9                                                INSEE,"34064, Montpellier",Candidature spontanée,,,2026-09-14T14:47:40.000Z,,Débutant accepté,,"9 INSEE est une structure basée à Montpellier. Les informations disponibles sur son secteur d'activité et ses services ne sont pas précisées, ce qui laisse supposer une activité dans un domaine lié à la science des données ou à l'intelligence artificielle. Je suis intéressé par une alternance qui pourrait contribuer à des projets dans ce domaine.",
SPONT-0-isoreal-ingenierie,Candidature spontanée - Alternance Data / Science des données,0                                   ISOREAL Ingénierie,"34470, Montpellier",Candidature spontanée,,,2026-09-14T14:47:40.000Z,,Débutant accepté,,"ISOREAL Ingénierie est une structure basée à Montpellier, active dans le secteur suggéré par son nom. Bien que les détails spécifiques sur ses activités ne soient pas précisés, l'entreprise semble évoluer dans un domaine lié à l'ingénierie. Je suis intéressé par une alternance en science des données et intelligence artificielle au sein de votre équipe.",
SPONT-1-edf-gdf-services,Candidature spontanée - Alternance Data / Science des données,1                                     EDF-GDF services,"34010, Montpellier",Candidature spontanée,,,2026-09-14T14:47:40.000Z,,Débutant accepté,,"EDF-GDF services est une structure basée à Montpellier, active dans le secteur suggéré par son nom/service. Bien que les détails spécifiques sur ses activités ne soient pas précisés, l'entreprise semble évoluer dans un domaine lié à l'énergie. Je suis intéressé par une alternance en science des données et intelligence artificielle au sein de votre équipe.",
SPONT-2-hopital-francois-tosquelles,Candidature spontanée - Alternance Data / Science des données,2                          Hopital François Tosquelles,"48130, Montpellier",Candidature spontanée,,,2026-09-14T14:47:40.000Z,,Débutant accepté,,"L'Hôpital François Tosquelles est une structure basée à Montpellier. Bien que les services spécifiques ne soient pas précisés, son nom suggère une implication dans le secteur de la santé. Je suis intéressé par une alternance en science des données et intelligence artificielle au sein de votre établissement.",
SPONT-3-cci,Candidature spontanée - Alternance Data / Science des données,3                                                  CCI,"34137, Montpellier",Candidature spontanée,,,2026-09-14T14:47:40.000Z,,Débutant accepté,,"3 CCI est une structure basée à Montpellier, active dans le secteur suggéré par son nom/service. Située dans la zone aéroportuaire Montpellier Méditerranée, l'entreprise semble avoir un lien avec des activités liées à la science des données ou à l'intelligence artificielle. Cependant, les détails spécifiques sur ses projets ou services ne sont pas disponibles.",
SPONT-4-webmotion,Candidature spontanée - Alternance Data / Science des données,4                                            WebMotion,Montpellier,Candidature spontanée,,,2026-09-14T14:47:40.000Z,,Débutant accepté,,"WebMotion est une structure basée à Montpellier, active dans le secteur suggéré par son nom/service. Bien que les détails spécifiques sur ses activités ne soient pas précisés, l'entreprise semble évoluer dans un environnement lié à la technologie et à l'innovation. Je suis intéressé par une opportunité d'alternance en science des données et intelligence artificielle au sein de votre équipe.",
SPONT-5-cirad,Candidature spontanée - Alternance Data / Science des données,5                                                CIRAD,"34398, Montpellier",Candidature spontanée,,,2026-09-14T14:47:40.000Z,,Débutant accepté,,"Le CIRAD est une structure basée à Montpellier, active dans le secteur suggéré par son nom/service. Bien que les détails spécifiques sur ses activités ne soient pas précisés, l'entreprise semble être impliquée dans des domaines liés à la recherche et au développement. Je suis intéressé par une alternance en science des données et intelligence artificielle au sein de cette organisation.",
SPONT-6-axilog,Candidature spontanée - Alternance Data / Science des données,6                                               AXILOG,"34070, Montpellier",Candidature spontanée,,,2026-09-14T14:47:40.000Z,,Débutant accepté,,"AXILOG est une structure basée à Montpellier, active dans le secteur suggéré par son nom/service. Bien que les détails sur ses activités spécifiques ne soient pas précisés, l'entreprise semble être impliquée dans des domaines liés à la science des données et à l'intelligence artificielle. Je suis intéressé par une opportunité d'alternance au sein de votre équipe.",
SPONT-7-sanofi-aventis,Candidature spontanée - Alternance Data / Science des données,7                                       Sanofi-Aventis,"34000, Montpellier",Candidature spontanée,,,2026-09-14T14:47:40.000Z,,Débutant accepté,,"Sanofi-Aventis est une structure basée à Montpellier, active dans le secteur suggéré par son nom. Bien que les détails spécifiques sur ses activités ne soient pas précisés, l'entreprise semble évoluer dans un domaine lié à la santé. Je suis intéressé par une alternance en science des données et intelligence artificielle au sein de votre équipe.",
SPONT-8-universite-montpellier-ii,Candidature spontanée - Alternance Data / Science des données,8                            Université Montpellier II,"34095, Montpellier",Candidature spontanée,,,2026-09-14T14:47:40.000Z,,Débutant accepté,,"8 est une structure basée à Montpellier, dont les activités ne sont pas spécifiquement détaillées. Elle est associée à l'Université Montpellier II, ce qui suggère un lien avec le secteur académique ou de la recherche. L'entreprise pourrait être impliquée dans des projets liés à la science des données ou à l'intelligence artificielle, bien que les informations précises ne soient pas disponibles.",
SPONT-9-laboratoire-arago,Candidature spontanée - Alternance Data / Science des données,9                                    Laboratoire ARAGO,"66651, Montpellier",Candidature spontanée,,,2026-09-14T14:47:40.000Z,,Débutant accepté,,"Le Laboratoire ARAGO est une structure basée à Montpellier. Bien que les détails sur ses activités ne soient pas précisés, son nom suggère une implication dans des domaines liés à la recherche ou à l'innovation. Je suis intéressé par une alternance en science des données et intelligence artificielle au sein de votre laboratoire.",
SPONT-0-reserve-naturelle,Candidature spontanée - Alternance Data / Science des données,0                                    Réserve Naturelle,"66800, Montpellier",Candidature spontanée,,,2026-09-14T14:47:40.000Z,,Débutant accepté,,"0 Réserve Naturelle est une structure basée à Montpellier, active dans le secteur suggéré par son nom. Bien que les détails spécifiques sur ses activités ne soient pas précisés, elle semble engagée dans des initiatives liées à la préservation de l'environnement. Je suis intéressé par une alternance en science des données et intelligence artificielle au sein de votre organisation.",
SPONT-1-cirad-emvt,Candidature spontanée - Alternance Data / Science des données,1                                         CIRAD - EMVT,"34000, Montpellier",Candidature spontanée,,,2026-09-14T14:47:40.000Z,,Débutant accepté,,"Le CIRAD - EMVT est une structure basée à Montpellier, active dans le secteur suggéré par son nom/service. Bien que les détails spécifiques sur ses activités ne soient pas précisés, l'organisation semble s'inscrire dans un domaine lié à la recherche ou à l'innovation. Je suis intéressé par une alternance en science des données et intelligence artificielle au sein de votre équipe.",
SPONT-2-sous-prefecture-de-st-flour,Candidature spontanée - Alternance Data / Science des données,2                          Sous-Préfecture de St-Flour,"15100, Montpellier",Candidature spontanée,,,2026-09-14T14:47:40.000Z,,Débutant accepté,,"La Sous-Préfecture de St-Flour est une structure basée à Montpellier. Bien que les informations sur son service concerné ne soient pas précisées, elle est active dans le secteur suggéré par son nom. Je suis intéressé par une alternance en science des données et intelligence artificielle au sein de votre organisation.",
SPONT-3-draf-srsa,Candidature spontanée - Alternance Data / Science des données,3                                            DRAF SRSA,"34034, Montpellier",Candidature spontanée,,,2026-09-14T14:47:40.000Z,,Débutant accepté,,"3 DRAF SRSA est une structure basée à Montpellier, active dans le secteur suggéré par son nom/service. Bien que les détails spécifiques sur ses activités ne soient pas précisés, l'entreprise semble être impliquée dans des domaines liés à la science des données et à l'intelligence artificielle. Je suis intéressé par une opportunité d'alternance au sein de votre équipe.",
SPONT-4-cirad-tera-ta-60-15,Candidature spontanée - Alternance Data / Science des données,4                                  CIRAD-TERA TA 60/15,"34398, Montpellier",Candidature spontanée,,,2026-09-14T14:47:40.000Z,,Débutant accepté,,"4 CIRAD-TERA TA 60/15 est une structure basée à Montpellier, active dans le secteur suggéré par son nom/service. Bien que les détails spécifiques sur ses activités ne soient pas précisés, l'entreprise semble évoluer dans un domaine lié à la recherche ou à l'innovation. Je suis intéressé par une alternance en science des données et intelligence artificielle au sein de votre équipe.",
SPONT-5-trial-critt,Candidature spontanée - Alternance Data / Science des données,5                                        TRIAL - CRITT,"34090, Montpellier",Candidature spontanée,,,2026-09-14T14:47:40.000Z,,Débutant accepté,,"5 TRIAL - CRITT est une structure basée à Montpellier, active dans le secteur suggéré par son nom/service. Bien que les détails spécifiques sur ses activités ne soient pas précisés, elle semble s'inscrire dans un domaine lié à la technologie et à l'innovation. Je suis intéressé par une opportunité d'alternance en science des données et intelligence artificielle au sein de votre entreprise.",
SPONT-6-la-poste-montpellier,Candidature spontanée - Alternance Data / Science des données,6                                 La Poste Montpellier,"34035, Montpellier",Candidature spontanée,,,2026-09-14T14:47:40.000Z,,Débutant accepté,,"La Poste Montpellier est une structure basée à Montpellier, active dans le secteur suggéré par son nom. Bien que les informations sur son service concerné ne soient pas précisées, l'entreprise est probablement impliquée dans des activités liées à la logistique et aux services postaux. Je suis intéressé par une alternance en science des données et intelligence artificielle au sein de votre équipe.",
SPONT-7-credit-agricole-alpes-provence,Candidature spontanée - Alternance Data / Science des données,7                       Crédit Agricole Alpes-Provence,"13642, Montpellier",Candidature spontanée,,,2026-09-14T14:47:40.000Z,,Débutant accepté,,"Le Crédit Agricole Alpes-Provence est une structure basée à Montpellier, active dans le secteur bancaire. Bien que les informations sur ses services spécifiques ne soient pas précisées, l'entreprise est impliquée dans des activités liées à la finance et à la gestion des données. Je suis intéressé par une alternance en science des données et intelligence artificielle au sein de votre équipe.",
SPONT-8-district-aude-football,Candidature spontanée - Alternance Data / Science des données,8                               District Aude Football,"11000, Montpellier",Candidature spontanée,,,2026-09-14T14:47:40.000Z,,Débutant accepté,,"8 District Aude Football est une structure basée à Montpellier, active dans le secteur du football. Bien que les détails spécifiques sur ses activités ne soient pas précisés, l'entreprise semble engagée dans le développement et la promotion de ce sport au niveau local. Je suis intéressé par une alternance en science des données et intelligence artificielle au sein de votre organisation.",
SPONT-9-aerospatiale,Candidature spontanée - Alternance Data / Science des données,9                                         Aérospatiale,"34207, Montpellier",Candidature spontanée,,,2026-09-14T14:47:40.000Z,,Débutant accepté,,"9 Aérospatiale est une structure basée à Montpellier, active dans le secteur suggéré par son nom. Bien que les détails sur ses activités spécifiques ne soient pas précisés, l'entreprise semble évoluer dans un domaine lié à l'aérospatiale. Je suis intéressé par une alternance en science des données et intelligence artificielle au sein de votre équipe.",
SPONT-0-fd-des-chasseurs-de-lherault,Candidature spontanée - Alternance Data / Science des données,0                         FD des chasseurs de lHérault,"34433, Montpellier",Candidature spontanée,,,2026-09-14T14:47:40.000Z,,Débutant accepté,,"Structure basée à Montpellier, active dans le secteur suggéré par son nom/service. Elle est située dans le Parc d'Activité la Peyrière. Les détails concernant ses activités spécifiques ne sont pas précisés.",
SPONT-1-saur-france,Candidature spontanée - Alternance Data / Science des données,1                                          SAUR France,"30936, Montpellier",Candidature spontanée,,,2026-09-14T14:47:40.000Z,,Débutant accepté,,"SAUR France est une structure basée à Montpellier, active dans le secteur suggéré par son nom/service. Bien que les détails spécifiques sur ses activités ne soient pas fournis, l'entreprise semble évoluer dans un domaine lié à la gestion de l'eau et des services associés. Je suis intéressé par une alternance en science des données et intelligence artificielle au sein de votre équipe.",
SPONT-2-edater,Candidature spontanée - Alternance Data / Science des données,2                                               EDATER,"34090, Montpellier",Candidature spontanée,,,2026-09-14T14:47:40.000Z,,Débutant accepté,,"EDATER est une structure basée à Montpellier, active dans le secteur suggéré par son nom/service. Bien que les détails spécifiques sur ses activités ne soient pas précisés, l'entreprise semble être impliquée dans des domaines liés à la science des données et à l'intelligence artificielle. Je suis intéressé par une opportunité d'alternance au sein de votre équipe.",
SPONT-3-institut-universitaire-de-recherche-cl,Candidature spontanée - Alternance Data / Science des données,3         Institut Universitaire de Recherche Clinique,"34093, Montpellier",Candidature spontanée,,,2026-09-14T14:47:40.000Z,,Débutant accepté,,"3 Institut Universitaire de Recherche Clinique est une structure basée à Montpellier, active dans le secteur suggéré par son nom. Bien que les détails spécifiques sur ses activités ne soient pas fournis, elle semble s'inscrire dans le domaine de la recherche clinique. Je suis intéressé par une alternance en science des données et intelligence artificielle au sein de votre établissement.",
SPONT-4-la-poste-centre-de-tri,Candidature spontanée - Alternance Data / Science des données,4                             La Poste - Centre de Tri,"34939, Montpellier",Candidature spontanée,,,2026-09-14T14:47:40.000Z,,Débutant accepté,,"4 La Poste - Centre de Tri est une structure basée à Montpellier, active dans le secteur suggéré par son nom. Bien que les informations sur le service concerné ne soient pas précisées, l'entreprise semble jouer un rôle dans le domaine de la logistique et du tri. Je suis intéressé par une alternance en science des données et intelligence artificielle au sein de votre équipe.",
SPONT-5-federation-de-parents-deleves-de-lense,Candidature spontanée - Alternance Data / Science des données,5     Fédération de Parents dElèves de lEnseignement P,"11000, Montpellier",Candidature spontanée,,,2026-09-14T14:47:40.000Z,,Débutant accepté,,"La Fédération de Parents d'Elèves de l'Enseignement P est une structure basée à Montpellier. Bien que les détails sur ses activités ne soient pas précisés, son nom suggère un engagement dans le secteur éducatif et associatif. Je suis intéressé par une alternance en science des données et intelligence artificielle au sein de votre organisation.",
SPONT-6-cirad-persyst,Candidature spontanée - Alternance Data / Science des données,6                                        CIRAD PERSYST,"34318, Montpellier",Candidature spontanée,,,2026-09-14T14:47:40.000Z,,Débutant accepté,,"CIRAD PERSYST est une structure basée à Montpellier, active dans le secteur suggéré par son nom/service. Bien que les détails spécifiques sur ses activités ne soient pas précisés, l'entreprise semble s'inscrire dans un domaine lié à la science des données et à l'intelligence artificielle. Je suis intéressé par une alternance qui me permettrait de contribuer à ses projets tout en développant mes compétences dans ce domaine.",
SPONT-7-mairie-de-montpellier,Candidature spontanée - Alternance Data / Science des données,7                                Mairie de Montpellier,"34064, Montpellier",Candidature spontanée,,,2026-09-14T14:47:40.000Z,,Débutant accepté,,"La Mairie de Montpellier est une structure basée à Montpellier, active dans le secteur public. Bien que les informations sur ses services spécifiques ne soient pas précisées, elle joue un rôle important dans la gestion et le développement de la ville. Je suis intéressé par une alternance en science des données et intelligence artificielle au sein de cette institution.",
SPONT-8-cmcas-edf-gdf-comite-entreprise,Candidature spontanée - Alternance Data / Science des données,8                    CMCAS EDF-GDF (Comité Entreprise),"11870, Montpellier",Candidature spontanée,,,2026-09-14T14:47:40.000Z,,Débutant accepté,,"8 CMCAS EDF-GDF est une structure basée à Montpellier, active dans le secteur suggéré par son nom/service. Bien que les détails spécifiques sur ses activités ne soient pas précisés, elle semble jouer un rôle dans le domaine des comités d'entreprise. Je suis intéressé par une alternance en science des données et intelligence artificielle au sein de votre organisation.",
SPONT-9-laboratoire-blanc,Candidature spontanée - Alternance Data / Science des données,9                                    Laboratoire Blanc,"11020, Montpellier",Candidature spontanée,,,2026-09-14T14:47:40.000Z,,Débutant accepté,,"9 Laboratoire Blanc est une structure basée à Montpellier, active dans le secteur suggéré par son nom/service. Bien que les détails spécifiques sur ses activités ne soient pas précisés, l'entreprise semble être impliquée dans des domaines liés à la science des données et à l'intelligence artificielle. Je suis intéressé par une alternance qui me permettrait de contribuer à ses projets tout en développant mes compétences.",
SPONT-0-draaf-du-languedoc-roussillon-srise,Candidature spontanée - Alternance Data / Science des données,0                DRAAF du Languedoc Roussillon - SRISE,"34039, Montpellier",Candidature spontanée,,,2026-09-14T14:47:40.000Z,,Débutant accepté,,La DRAAF du Languedoc Roussillon - SRISE est une structure basée à Montpellier. Elle semble être active dans le secteur suggéré par son nom et son service. Les informations spécifiques sur ses activités et projets ne sont pas disponibles.,
SPONT-1-caisse-depargne-languedoc-roussillon,Candidature spontanée - Alternance Data / Science des données,1                 Caisse dEpargne Languedoc-Roussillon,"34184, Montpellier",Candidature spontanée,,,2026-09-14T14:47:40.000Z,,Débutant accepté,,"La Caisse d'Epargne Languedoc-Roussillon est une structure basée à Montpellier, active dans le secteur bancaire. Bien que les détails spécifiques sur ses services ne soient pas précisés, elle est historiquement impliquée dans des activités financières. Je suis intéressé par une alternance en science des données et intelligence artificielle au sein de votre entreprise.",
SPONT-2-cirad-departement-systemes-biologiques,Candidature spontanée - Alternance Data / Science des données,2             CIRAD - Département Systèmes Biologiques,"34398, Montpellier",Candidature spontanée,,,2026-09-14T14:47:40.000Z,,Débutant accepté,,"Le CIRAD - Département Systèmes Biologiques est une structure basée à Montpellier, active dans le secteur suggéré par son nom. Bien que les détails spécifiques sur ses activités ne soient pas fournis, l'entreprise semble s'intéresser aux systèmes biologiques. Je suis motivé à contribuer à ses projets en science des données et intelligence artificielle.",
SPONT-3-ibm,Candidature spontanée - Alternance Data / Science des données,3                                                  IBM,"34006, Montpellier",Candidature spontanée,,,2026-09-14T14:47:40.000Z,,Débutant accepté,,"3 IBM est une structure basée à Montpellier, active dans le secteur suggéré par son nom/service. Bien que les détails spécifiques sur ses activités ne soient pas précisés, l'entreprise semble être impliquée dans des domaines liés à la science des données et à l'intelligence artificielle. Je suis intéressé par une alternance dans ce domaine au sein de votre équipe.",
SPONT-4-poney-club-des-serres,Candidature spontanée - Alternance Data / Science des données,4                                Poney Club des Serres,"11000, Montpellier",Candidature spontanée,,,2026-09-14T14:47:40.000Z,,Débutant accepté,,"Le Poney Club des Serres est une structure basée à Montpellier, active dans le secteur suggéré par son nom. Bien que les détails sur ses activités ne soient pas précisés, il est probable qu'elle soit impliquée dans des services liés aux loisirs équestres. Je suis intéressé par une alternance en science des données et intelligence artificielle au sein de votre établissement.",
SPONT-5-fic-montpellier,Candidature spontanée - Alternance Data / Science des données,5                                      FIC Montpellier,"34070, Montpellier",Candidature spontanée,,,2026-09-14T14:47:40.000Z,,Débutant accepté,,"5 FIC Montpellier est une structure basée à Montpellier, active dans le secteur suggéré par son nom/service. Les informations disponibles sur ses activités spécifiques ne sont pas précisées. Cependant, l'entreprise semble être impliquée dans des domaines liés à la science des données et à l'intelligence artificielle.",
SPONT-6-comafor,Candidature spontanée - Alternance Data / Science des données,6                                              COMAFOR,"11000, Montpellier",Candidature spontanée,,,2026-09-14T14:47:40.000Z,,Débutant accepté,,"COMAFOR est une structure basée à Montpellier, active dans le secteur suggéré par son nom/service. Bien que les détails spécifiques sur ses activités ne soient pas précisés, l'entreprise semble évoluer dans un environnement propice à l'innovation et à l'application de solutions technologiques. Je suis intéressé par une alternance en science des données et intelligence artificielle au sein de votre équipe.",
SPONT-7-cg34-a-d-olonzac,Candidature spontanée - Alternance Data / Science des données,7                                    CG34- A.D.Olonzac,"34210, Montpellier",Candidature spontanée,,,2026-09-14T14:47:40.000Z,,Débutant accepté,,"7 CG34- A.D.Olonzac est une structure basée à Montpellier, active dans le secteur suggéré par son nom/service. Bien que les détails spécifiques sur ses activités ne soient pas précisés, l'entreprise semble avoir un lien avec des domaines techniques ou de services. Je suis intéressé par une alternance en science des données et intelligence artificielle au sein de votre équipe.",
SPONT-8-chambre-de-metiers-de-la-gironde,Candidature spontanée - Alternance Data / Science des données,8                     Chambre de métiers de la Gironde,"33074, Montpellier",Candidature spontanée,,,2026-09-14T14:47:40.000Z,,Débutant accepté,,"La Chambre de métiers de la Gironde est une structure basée à Montpellier, active dans le secteur suggéré par son nom/service. Bien que les détails spécifiques sur ses activités ne soient pas précisés, elle joue un rôle dans le soutien et le développement des métiers artisanaux. Je suis intéressé par une alternance en science des données et intelligence artificielle au sein de cette organisation.",
SPONT-9-dir-reg-de-lenvironnement,Candidature spontanée - Alternance Data / Science des données,9                          Dir. Rég. de lEnvironnement,"34034, Montpellier",Candidature spontanée,,,2026-09-14T14:47:40.000Z,,Débutant accepté,,"9 Dir. Rég. de l'Environnement est une structure basée à Montpellier, active dans le secteur suggéré par son nom. Bien que les détails spécifiques sur ses activités ne soient pas précisés, l'entreprise semble œuvrer dans le domaine de l'environnement. Je suis intéressé par une alternance en science des données et intelligence artificielle au sein de votre équipe.",
SPONT-0-montpellier-supagro,Candidature spontanée - Alternance Data / Science des données,0                                  Montpellier SupAgro,"34000, Montpellier",Candidature spontanée,,,2026-09-14T14:47:40.000Z,,Débutant accepté,,"Montpellier SupAgro est une structure basée à Montpellier, active dans le secteur suggéré par son nom/service. Bien que les détails spécifiques sur ses activités ne soient pas précisés, elle semble être impliquée dans des domaines liés à l'agriculture et à l'environnement. Je suis intéressé par une alternance en science des données et intelligence artificielle au sein de votre établissement.",
SPONT-1-sarl-europe-consulting,Candidature spontanée - Alternance Data / Science des données,1                               SARL Europe Consulting,"34080, Montpellier",Candidature spontanée,,,2026-09-14T14:47:40.000Z,,Débutant accepté,,"SARL Europe Consulting est une structure basée à Montpellier, active dans le secteur suggéré par son nom/service. Bien que les détails spécifiques sur ses activités ne soient pas précisés, l'entreprise semble évoluer dans un environnement propice à l'innovation et à l'analyse de données. Je suis intéressé par la possibilité de contribuer à ses projets en science des données et intelligence artificielle.",
SPONT-2-la-poste-montpellier,Candidature spontanée - Alternance Data / Science des données,2                                 La Poste Montpellier,"34900, Montpellier",Candidature spontanée,,,2026-09-14T14:47:40.000Z,,Débutant accepté,,"La Poste Montpellier est une structure basée à Montpellier, active dans le secteur suggéré par son nom. Bien que le service concerné ne soit pas précisé, l'entreprise semble évoluer dans un environnement lié à la logistique et aux services postaux. Je suis intéressé par une alternance en science des données et intelligence artificielle au sein de votre équipe.",
SPONT-3-centre-de-reeducation-specialise,Candidature spontanée - Alternance Data / Science des données,3                     Centre de Rééducation Spécialisé,"34000, Montpellier",Candidature spontanée,,,2026-09-14T14:47:40.000Z,,Débutant accepté,,"3 Centre de Rééducation Spécialisé est une structure basée à Montpellier, active dans le secteur de la rééducation. Bien que les détails spécifiques sur ses services ne soient pas précisés, son nom suggère un engagement envers le bien-être et la réhabilitation des patients. Je suis intéressé par une opportunité d'alternance en science des données et intelligence artificielle au sein de votre établissement.",
SPONT-4-languedoc-mutualite,Candidature spontanée - Alternance Data / Science des données,4                                  LANGUEDOC MUTUALITE,"34264, Montpellier",Candidature spontanée,,,2026-09-14T14:47:40.000Z,,Débutant accepté,,"4 Languedoc Mutualité est une structure basée à Montpellier, active dans le secteur suggéré par son nom. Bien que les détails sur ses services ne soient pas précisés, l'entreprise semble œuvrer dans un domaine lié à la mutualité. Je suis intéressé par une alternance en science des données et intelligence artificielle au sein de votre équipe.",
SPONT-5-moo6-inc,Candidature spontanée - Alternance Data / Science des données,5                                             MOO6 INC,Montpellier,Candidature spontanée,,,2026-09-14T14:47:40.000Z,,Débutant accepté,,"MOO6 INC est une structure basée à Montpellier, active dans le secteur suggéré par son nom/service. Bien que les détails spécifiques sur ses activités ne soient pas précisés, l'entreprise semble s'inscrire dans un domaine lié à la science des données et à l'intelligence artificielle. Je suis intéressé par une opportunité d'alternance au sein de votre équipe.",
SPONT-6-direction-regionale-de-lequipement-lr,Candidature spontanée - Alternance Data / Science des données,6              Direction Régionale de lEquipement - LR,"34064, Montpellier",Candidature spontanée,,,2026-09-14T14:47:40.000Z,,Débutant accepté,,"La Direction Régionale de l'Équipement - LR est une structure basée à Montpellier, active dans le secteur suggéré par son nom. Bien que les détails spécifiques sur ses services ne soient pas précisés, elle semble jouer un rôle dans le domaine de l'équipement et de l'aménagement. Je suis intéressé par une alternance en science des données et intelligence artificielle au sein de votre équipe.",
SPONT-7-cirad-ca,Candidature spontanée - Alternance Data / Science des données,7                                             CIRAD-CA,"34032, Montpellier",Candidature spontanée,,,2026-09-14T14:47:40.000Z,,Débutant accepté,,"7 CIRAD-CA est une structure basée à Montpellier, active dans le secteur suggéré par son nom/service. Bien que les détails spécifiques sur ses activités ne soient pas précisés, l'entreprise semble être impliquée dans des domaines liés à la recherche ou à l'innovation. Je suis intéressé par une alternance en science des données et intelligence artificielle au sein de votre équipe.",
SPONT-8-transports-robineau,Candidature spontanée - Alternance Data / Science des données,8                                  Transports Robineau,"72370, Montpellier",Candidature spontanée,,,2026-09-14T14:47:40.000Z,,Débutant accepté,,"8 Transports Robineau est une structure basée à Montpellier, active dans le secteur suggéré par son nom. Bien que les détails spécifiques sur ses activités ne soient pas précisés, l'entreprise semble évoluer dans le domaine du transport. Je suis intéressé par une alternance en science des données et intelligence artificielle au sein de votre équipe.",
SPONT-9-la-poste-ugrm-golf-du-lion,Candidature spontanée - Alternance Data / Science des données,9                          LA POSTE- UGRM Golf du Lion,"11899, Montpellier",Candidature spontanée,,,2026-09-14T14:47:40.000Z,,Débutant accepté,,"9 LA POSTE- UGRM Golf du Lion est une structure basée à Montpellier, active dans le secteur suggéré par son nom/service. Bien que les détails spécifiques sur ses activités ne soient pas précisés, elle semble évoluer dans un environnement lié à la logistique ou aux services postaux. Je suis intéressé par une alternance en science des données et intelligence artificielle au sein de votre entreprise.",
SPONT-0-dnsce,Candidature spontanée - Alternance Data / Science des données,0                                                DNSCE,"34057, Montpellier",Candidature spontanée,,,2026-09-14T14:47:40.000Z,,Débutant accepté,,"DNSCE est une structure basée à Montpellier, dont le secteur d'activité n'est pas précisé. Bien que les détails sur ses services ou projets ne soient pas disponibles, l'entreprise semble être active dans un domaine lié à la science des données ou à l'intelligence artificielle, suggéré par son nom. Je suis intéressé par une alternance au sein de votre équipe pour contribuer à vos projets et développer mes compétences.",
SPONT-1-erdf-grdf-unite-reseau-gaz-laro,Candidature spontanée - Alternance Data / Science des données,1                      ErDF-GrDF Unité réseau Gaz LARO,"34926, Montpellier",Candidature spontanée,,,2026-09-14T14:47:40.000Z,,Débutant accepté,,"1 ErDF-GrDF Unité réseau Gaz LARO est une structure basée à Montpellier, active dans le secteur suggéré par son nom/service. Bien que les détails spécifiques sur ses activités ne soient pas précisés, l'entreprise semble être impliquée dans la gestion des réseaux de gaz. Je suis intéressé par une alternance en science des données et intelligence artificielle au sein de votre équipe.",
SPONT-2-futur-in-media,Candidature spontanée - Alternance Data / Science des données,2                                       Futur In Media,"34055, Montpellier",Candidature spontanée,,,2026-09-14T14:47:40.000Z,,Débutant accepté,,"Futur In Media est une structure basée à Montpellier, active dans le secteur suggéré par son nom. Bien que les détails spécifiques sur ses activités ne soient pas précisés, l'entreprise semble évoluer dans un environnement lié aux médias. Je suis intéressé par une alternance en science des données et intelligence artificielle au sein de votre équipe.",
SPONT-3-credit-agricole-montpellier,Candidature spontanée - Alternance Data / Science des données,3                          Crédit Agricole Montpellier,"34000, Montpellier",Candidature spontanée,,,2026-09-14T14:47:40.000Z,,Débutant accepté,,"3 Crédit Agricole Montpellier est une structure basée à Montpellier, active dans le secteur bancaire. Bien que les services spécifiques ne soient pas précisés, l'entreprise semble s'inscrire dans le domaine des services financiers. Je suis intéressé par une alternance en science des données et intelligence artificielle au sein de votre équipe.",
SPONT-4-woody-flam-center-bois-de-chauffage,Candidature spontanée - Alternance Data / Science des données,4                Woody Flam Center - Bois de Chauffage,"34160, Montpellier",Candidature spontanée,,,2026-09-14T14:47:40.000Z,,Débutant accepté,,"4 Woody Flam Center est une structure basée à Montpellier, active dans le secteur du bois de chauffage. Bien que les détails spécifiques sur ses activités ne soient pas précisés, l'entreprise semble évoluer dans un domaine lié à la gestion ou à la distribution de ce type de produit. Je suis intéressé par une alternance en science des données et intelligence artificielle au sein de votre entreprise.",
SPONT-5-dgst-sig-services-techniques-municipau,Candidature spontanée - Alternance Data / Science des données,5            DGST SIG - Services Techniques Municipaux,"34500, Montpellier",Candidature spontanée,,,2026-09-14T14:47:40.000Z,,Débutant accepté,,"5 DGST SIG - Services Techniques Municipaux est une structure basée à Montpellier, active dans le secteur des services techniques municipaux. Bien que les détails spécifiques sur ses activités ne soient pas précisés, l'entreprise semble jouer un rôle dans la gestion et l'optimisation des services techniques au sein de la municipalité. Je suis intéressé par une alternance en science des données et intelligence artificielle au sein de votre équipe.",
SPONT-6-institut-de-recherche-pour-le-developp,Candidature spontanée - Alternance Data / Science des données,6          Institut de Recherche pour le Développement,"34032, Montpellier",Candidature spontanée,,,2026-09-14T14:47:40.000Z,,Débutant accepté,,"Le 6 Institut de Recherche pour le Développement est une structure basée à Montpellier, active dans le secteur de la recherche et du développement. Bien que les détails spécifiques sur ses activités ne soient pas précisés, son nom suggère un engagement dans des projets liés à l'innovation et à la science. Je suis intéressé par une alternance en science des données et intelligence artificielle au sein de cette institution.",
SPONT-7-centre-de-lutte-contre-le-cancer,Candidature spontanée - Alternance Data / Science des données,7                     Centre de lutte contre le cancer,"34298, Montpellier",Candidature spontanée,,,2026-09-14T14:47:40.000Z,,Débutant accepté,,"7 Centre de lutte contre le cancer est une structure basée à Montpellier, active dans le secteur de la santé, plus précisément dans la lutte contre le cancer. Bien que les détails sur ses services ne soient pas précisés, l'entreprise semble s'engager dans des activités liées à la recherche et au traitement du cancer. Je suis intéressé par une alternance en science des données et intelligence artificielle au sein de cette organisation.",
SPONT-8-chru-departement-de-linformation-medic,Candidature spontanée - Alternance Data / Science des données,8    CHRU - Département de lInformation Médicale - URC,"34005, Montpellier",Candidature spontanée,,,2026-09-14T14:47:40.000Z,,Débutant accepté,,"8 CHRU - Département de l'Information Médicale - URC est une structure basée à Montpellier, active dans le secteur de l'information médicale. Bien que les détails spécifiques sur ses activités ne soient pas précisés, elle semble jouer un rôle dans la gestion et l'analyse des données médicales. Je suis intéressé par une alternance en science des données et intelligence artificielle au sein de votre équipe.",
SPONT-9-cirad-sar,Candidature spontanée - Alternance Data / Science des données,9                                          CIRAD - SAR,"34000, Montpellier",Candidature spontanée,,,2026-09-14T14:47:40.000Z,,Débutant accepté,,"9 CIRAD - SAR est une structure basée à Montpellier, active dans le secteur suggéré par son nom/service. Bien que les détails spécifiques sur ses activités ne soient pas précisés, l'entreprise semble être impliquée dans des domaines liés à la science des données et à l'intelligence artificielle. Je suis intéressé par une alternance qui me permettrait de contribuer à ses projets tout en développant mes compétences.",
SPONT-0-sncf-direction-de-montpellier,Candidature spontanée - Alternance Data / Science des données,0                      SNCF - Direction de Montpellier,"34011, Montpellier",Candidature spontanée,,,2026-09-14T14:47:40.000Z,,Débutant accepté,,"La SNCF - Direction de Montpellier est une structure basée à Montpellier, active dans le secteur du transport ferroviaire. Bien que le service concerné ne soit pas précisé, l'entreprise est impliquée dans des activités liées à la mobilité et aux services associés. Je suis intéressé par une alternance en science des données et intelligence artificielle au sein de cette organisation.",
SPONT-1-cirad-tab-dir,Candidature spontanée - Alternance Data / Science des données,1                                        CIRAD TAB DIR,"34398, Montpellier",Candidature spontanée,,,2026-09-14T14:47:40.000Z,,Débutant accepté,,"CIRAD TAB DIR est une structure basée à Montpellier, active dans le secteur suggéré par son nom. Bien que les détails spécifiques sur ses activités ne soient pas fournis, l'entreprise semble être impliquée dans des domaines liés à la recherche ou à l'innovation. Je suis intéressé par une alternance en science des données et intelligence artificielle au sein de votre équipe.",
SPONT-2-inra-centre-de-montpellier,Candidature spontanée - Alternance Data / Science des données,2                         INRA - Centre de Montpellier,"34060, Montpellier",Candidature spontanée,,,2026-09-14T14:47:40.000Z,,Débutant accepté,,"L'INRA - Centre de Montpellier est une structure basée à Montpellier, active dans le secteur de la recherche agronomique et des sciences de la vie. Bien que les détails spécifiques sur ses activités ne soient pas fournis, l'institut est généralement impliqué dans des projets liés à l'agriculture, l'alimentation et l'environnement. Je suis intéressé par une alternance en science des données et intelligence artificielle au sein de votre établissement.",
SPONT-3-chambre-des-metiers-et-de-lartisanat-d,Candidature spontanée - Alternance Data / Science des données,3     Chambre des Métiers et de lArtisanat de lHérault,"34965, Montpellier",Candidature spontanée,,,2026-09-14T14:47:40.000Z,,Débutant accepté,,"La Chambre des Métiers et de l'Artisanat de l'Hérault est une structure basée à Montpellier, active dans le secteur de l'artisanat. Elle accompagne les artisans et les entreprises du secteur dans leurs démarches et projets. Bien que les détails spécifiques sur ses activités ne soient pas précisés, elle joue un rôle clé dans le soutien à l'artisanat local.",
SPONT-4-diren,Candidature spontanée - Alternance Data / Science des données,4                                                DIREN,"34965, Montpellier",Candidature spontanée,,,2026-09-14T14:47:40.000Z,,Débutant accepté,,"4 DIREN est une structure basée à Montpellier, active dans le secteur suggéré par son nom/service. Bien que les détails spécifiques sur ses activités ne soient pas fournis, l'entreprise semble avoir un lien avec des domaines liés à la science des données et à l'intelligence artificielle. Je suis intéressé par une opportunité d'alternance au sein de votre équipe.",
SPONT-5-laureats-informatique,Candidature spontanée - Alternance Data / Science des données,5                                Lauréats Informatique,"34000, Montpellier",Candidature spontanée,,,2026-09-14T14:47:40.000Z,,Débutant accepté,,"5 Lauréats Informatique est une structure basée à Montpellier, active dans le secteur suggéré par son nom. Bien que les détails sur ses activités spécifiques ne soient pas précisés, l'entreprise semble s'intéresser aux domaines liés à l'informatique. Je suis motivé à contribuer à ses projets en science des données et intelligence artificielle.",
SPONT-6-selarl-centre-de-reeducation-specialis,Candidature spontanée - Alternance Data / Science des données,6             SELARL-Centre de Rééducation Spécialisée,"34000, Montpellier",Candidature spontanée,,,2026-09-14T14:47:40.000Z,,Débutant accepté,,"6 SELARL-Centre de Rééducation Spécialisée est une structure basée à Montpellier, active dans le secteur de la rééducation spécialisée. Bien que les détails sur ses activités spécifiques ne soient pas précisés, l'entreprise semble jouer un rôle important dans le domaine de la santé. Je suis intéressé par une alternance en science des données et intelligence artificielle au sein de votre établissement.",
SPONT-7-mairie-de-servies-en-val,Candidature spontanée - Alternance Data / Science des données,7                             Mairie de Serviès en Val,"11220, Montpellier",Candidature spontanée,,,2026-09-14T14:47:40.000Z,,Débutant accepté,,"La Mairie de Serviès en Val est une structure basée à Montpellier. Bien que les informations sur son service concerné ne soient pas précisées, elle est active dans le secteur public. Je suis intéressé par une alternance en science des données et intelligence artificielle au sein de votre organisation.",
SPONT-8-communote-des-communes-piemont-dalaric,Candidature spontanée - Alternance Data / Science des données,8               Communoté des Communes Piemont dAlaric,"11700, Vendargues",Candidature spontanée,,,2026-09-14T14:47:40.000Z,,Débutant accepté,,"La Communauté des Communes Piemont d'Alaric est une structure basée à Vendargues, active dans le secteur suggéré par son nom/service. Bien que les détails spécifiques sur ses activités ne soient pas précisés, elle semble jouer un rôle dans le développement et la gestion des services au sein de sa communauté. Je suis intéressé par une alternance en science des données et intelligence artificielle au sein de cette organisation.",
SPONT-9-comite-departemental-du-tourisme-du-fi,Candidature spontanée - Alternance Data / Science des données,9        Comité Départemental du Tourisme du Finistère,"29104, Brest Cedex",Candidature spontanée,,,2026-09-14T14:47:40.000Z,,Débutant accepté,,"Le Comité Départemental du Tourisme du Finistère est une structure basée à Brest Cedex, active dans le secteur du tourisme. Bien que les détails spécifiques sur ses activités ne soient pas précisés, l'organisation semble jouer un rôle dans la promotion et le développement du tourisme dans la région. Je suis intéressé par une alternance en science des données et intelligence artificielle au sein de cette structure.",
SPONT-0-inra-departement-esr,Candidature spontanée - Alternance Data / Science des données,0                               INRA / Département ESR,"31326, Argeles/Mer",Candidature spontanée,,,2026-09-14T14:47:40.000Z,,Débutant accepté,,"Structure basée à Argeles/Mer, active dans le secteur suggéré par son nom/service. Le Département ESR de l'INRA est impliqué dans des activités liées à la recherche et à l'innovation. Je suis intéressé par une alternance en science des données et intelligence artificielle au sein de votre équipe.",
SPONT-1-office-bureau,Candidature spontanée - Alternance Data / Science des données,1                                        Office Bureau,"11000, Saint Brieux",Candidature spontanée,,,2026-09-14T14:47:40.000Z,,Débutant accepté,,"1 Office Bureau est une structure basée à Saint Brieux. Les informations concernant son service historique ne sont pas précisées, ce qui laisse supposer une activité dans un secteur lié à son nom. Le site web de l'entreprise n'étant pas disponible, il est difficile d'en savoir plus sur ses projets ou ses domaines d'expertise.",
SPONT-2-thales,Candidature spontanée - Alternance Data / Science des données,2                                               Thalès,"31701, Fontes",Candidature spontanée,,,2026-09-14T14:47:40.000Z,,Débutant accepté,,"Thalès est une structure basée à Fontes, active dans le secteur suggéré par son nom/service. Bien que les détails spécifiques sur ses activités ne soient pas précisés, l'entreprise semble évoluer dans un domaine lié à la technologie et à l'innovation. Je suis intéressé par une alternance en science des données et intelligence artificielle au sein de votre équipe.",
SPONT-3-anpe-voiron,Candidature spontanée - Alternance Data / Science des données,3                                          ANPE Voiron,"11800, Pékin",Candidature spontanée,,,2026-09-14T14:47:40.000Z,,Débutant accepté,,"3 ANPE Voiron est une structure basée à Pékin, active dans le secteur suggéré par son nom/service. Les informations disponibles sur ses activités spécifiques ne sont pas précisées, mais l'entreprise semble être impliquée dans des domaines liés à l'emploi et à l'accompagnement professionnel. Je suis intéressé par une alternance en science des données et intelligence artificielle au sein de votre équipe.",
SPONT-4-caf-du-haut-rhin,Candidature spontanée - Alternance Data / Science des données,4                                     CAF du Haut-Rhin,"68084, Banyuls-s/Mer",Candidature spontanée,,,2026-09-14T14:47:40.000Z,,Débutant accepté,,"La CAF du Haut-Rhin est une structure basée à Banyuls-s/Mer, active dans le secteur suggéré par son nom/service. Bien que les informations spécifiques sur ses activités ne soient pas disponibles, elle est probablement impliquée dans des services liés à la protection sociale et à l'accompagnement des familles. Je suis intéressé par une alternance en science des données et intelligence artificielle au sein de cette organisation.",
SPONT-5-serib-france,Candidature spontanée - Alternance Data / Science des données,5                                         SERIB France,"11000, Cepoy",Candidature spontanée,,,2026-09-14T14:47:40.000Z,,Débutant accepté,,"SERIB France est une structure basée à Cepoy, active dans le secteur suggéré par son nom/service. Bien que les détails spécifiques sur ses activités ne soient pas précisés, l'entreprise semble évoluer dans un domaine lié à la science des données et à l'intelligence artificielle. Je suis intéressé par une alternance qui me permettrait de contribuer à ses projets tout en développant mes compétences.",
SPONT-6-system-u,Candidature spontanée - Alternance Data / Science des données,6                                             SYSTEM U,"34000, Salon de Provence",Candidature spontanée,,,2026-09-14T14:47:40.000Z,,Débutant accepté,,"6 SYSTEM U est une structure basée à Salon de Provence, active dans le secteur suggéré par son nom/service. Bien que les détails spécifiques sur ses activités ne soient pas précisés, l'entreprise semble évoluer dans un domaine lié à la distribution ou à la gestion de systèmes. Je suis intéressé par une alternance en science des données et intelligence artificielle au sein de votre équipe.",
SPONT-7-drass,Candidature spontanée - Alternance Data / Science des données,7                                                DRASS,"34064, Saumur",Candidature spontanée,,,2026-09-14T14:47:40.000Z,,Débutant accepté,,"7 DRASS est une structure basée à Saumur, dont le secteur d'activité n'est pas précisé. L'entreprise pourrait être impliquée dans des domaines liés à la science des données ou à l'intelligence artificielle, en fonction de son nom et de son service. Je suis intéressé par une opportunité d'alternance au sein de votre équipe.",
SPONT-8-syndicat-viticole-des-cotes-de-saumur,Candidature spontanée - Alternance Data / Science des données,8                Syndicat Viticole des Côtes de Saumur,"49400, Saumur",Candidature spontanée,,,2026-09-14T14:47:40.000Z,,Débutant accepté,,"Le Syndicat Viticole des Côtes de Saumur est une structure basée à Saumur, active dans le secteur viticole, comme le suggère son nom. Bien que les détails spécifiques sur ses activités ne soient pas précisés, il est probable qu'il soit impliqué dans la promotion et la défense des intérêts des producteurs de vin de la région. Je suis intéressé par une alternance en science des données et intelligence artificielle au sein de cette organisation.",
SPONT-9-credit-immobilier-de-france-midi-pyren,Candidature spontanée - Alternance Data / Science des données,9            Crédit Immobilier de France Midi-Pyrénées,"31079, Martillac cedex",Candidature spontanée,,,2026-09-14T14:47:40.000Z,,Débutant accepté,,"Le Crédit Immobilier de France Midi-Pyrénées est une structure basée à Martillac cedex, active dans le secteur suggéré par son nom. Bien que les détails spécifiques sur ses activités ne soient pas précisés, l'entreprise semble évoluer dans le domaine du crédit immobilier. Je suis intéressé par une alternance en science des données et intelligence artificielle au sein de votre organisation.",
SPONT-0-office-municipal-du-tourisme-dargeles-,Candidature spontanée - Alternance Data / Science des données,0            Office Municipal du Tourisme dArgeles/Mer,"66700, Dakar - Sénégal",Candidature spontanée,,,2026-09-14T14:47:40.000Z,,Débutant accepté,,"L'Office Municipal du Tourisme d'Argelès/Mer est une structure basée à Dakar - Sénégal, active dans le secteur du tourisme. Bien que les détails spécifiques sur ses activités ne soient pas précisés, son nom suggère un engagement envers la promotion et le développement du tourisme local. Je suis intéressé par une alternance en science des données et intelligence artificielle au sein de cette organisation.",
SPONT-1-agence-locale-pour-lemploi,Candidature spontanée - Alternance Data / Science des données,1                           Agence Locale pour lEmploi,Dakar - Sénégal,Candidature spontanée,,,2026-09-14T14:47:40.000Z,,Débutant accepté,,"L'Agence Locale pour l'Emploi est une structure basée à Dakar, Sénégal, dont le service concerné n'est pas précisé. Son nom suggère une implication dans le domaine de l'emploi et des services associés. Bien que les détails spécifiques sur ses activités ne soient pas disponibles, elle semble jouer un rôle dans le soutien à l'emploi local.",
SPONT-2-eponia,Candidature spontanée - Alternance Data / Science des données,2                                               EPONIA,"11200, Meknès - Maroc",Candidature spontanée,,,2026-09-14T14:47:40.000Z,,Débutant accepté,,"Eponia est une structure basée à Meknès, au Maroc. Bien que les détails spécifiques sur ses activités ne soient pas précisés, son nom suggère une implication dans des domaines liés à l'innovation et aux technologies. Je suis intéressé par une alternance en science des données et intelligence artificielle au sein de votre entreprise.",
SPONT-3-centre-hospitalier-l-j-gregory,Candidature spontanée - Alternance Data / Science des données,3                      Centre Hospitalier L.J. GREGORY,"66301, Pierrelatte Cedex",Candidature spontanée,,,2026-09-14T14:47:40.000Z,,Débutant accepté,,"Le Centre Hospitalier L.J. GREGORY est une structure basée à Pierrelatte Cedex, active dans le secteur de la santé. Bien que les détails sur ses services ne soient pas précisés, l'établissement semble s'inscrire dans un contexte hospitalier. Je suis intéressé par une alternance en science des données et intelligence artificielle au sein de votre organisation.",
SPONT-4-cssi,Candidature spontanée - Alternance Data / Science des données,4                                                 CSSI,"31506, La Redorte",Candidature spontanée,,,2026-09-14T14:47:40.000Z,,Débutant accepté,,"4 CSSI est une structure basée à La Redorte, active dans le secteur suggéré par son nom/service. Bien que les détails spécifiques sur ses activités ne soient pas précisés, l'entreprise semble être impliquée dans des domaines liés à la science des données et à l'intelligence artificielle. Je suis intéressé par une alternance qui me permettrait de contribuer à ses projets tout en développant mes compétences dans ce domaine.",
SPONT-5-la-fontesole-ste-cooperative-de-vinifi,Candidature spontanée - Alternance Data / Science des données,5       La Fontesole - Sté Coopérative de Vinification,"34320, Le Passage",Candidature spontanée,,,2026-09-14T14:47:40.000Z,,Débutant accepté,,"5 La Fontesole est une structure basée à Le Passage, active dans le secteur de la vinification. Bien que les détails spécifiques sur ses activités ne soient pas précisés, elle semble être impliquée dans des processus liés à la production de vin. Je suis intéressé par une alternance en science des données et intelligence artificielle au sein de votre entreprise.",
SPONT-6-indarra-informatique,Candidature spontanée - Alternance Data / Science des données,6                                 INDARRA Informatique,"64130, Mauléon",Candidature spontanée,,,2026-09-14T14:47:40.000Z,,Débutant accepté,,"INDARRA Informatique est une structure basée à Mauléon, active dans le secteur suggéré par son nom. Bien que les détails spécifiques sur ses activités ne soient pas précisés, l'entreprise semble évoluer dans le domaine de l'informatique. Je suis intéressé par une alternance en science des données et intelligence artificielle au sein de votre équipe.",
SPONT-7-caf-de-perpignan,Candidature spontanée - Alternance Data / Science des données,7                                     CAF de Perpignan,"66000, Mauléon",Candidature spontanée,,,2026-09-14T14:47:40.000Z,,Débutant accepté,,"La CAF de Perpignan est une structure basée à Mauléon, active dans le secteur des services sociaux. Bien que les détails spécifiques sur ses activités ne soient pas précisés, elle semble jouer un rôle important dans le soutien aux familles et aux individus. Je suis intéressé par une alternance en science des données et intelligence artificielle au sein de votre organisation.",
SPONT-8-compagnie-de-xinqiao-developpements-cu,Candidature spontanée - Alternance Data / Science des données,8   Compagnie de XinQiao - Développements culturels de,Bei Jin,Candidature spontanée,,,2026-09-14T14:47:40.000Z,,Débutant accepté,,"8 Compagnie de XinQiao est une structure basée à Bei Jin, active dans le secteur suggéré par son nom/service. Bien que les détails spécifiques sur ses activités ne soient pas précisés, l'entreprise semble s'intéresser aux développements culturels. Je suis motivé à contribuer à ses projets en science des données et intelligence artificielle.",
SPONT-9-cads,Candidature spontanée - Alternance Data / Science des données,9                                                 CADS,"72040, Le Mans",Candidature spontanée,,,2026-09-14T14:47:40.000Z,,Débutant accepté,,"9 CADS est une structure basée à Le Mans, active dans le secteur suggéré par son nom/service. Bien que les détails spécifiques sur ses activités ne soient pas précisés, l'entreprise semble s'inscrire dans un domaine lié à la science des données et à l'intelligence artificielle. Je suis intéressé par une opportunité d'alternance au sein de votre équipe.",
SPONT-0-philips-consumer-electronics-bcu-wirel,Candidature spontanée - Alternance Data / Science des données,0            PHILIPS CONSUMER ELECTRONICS-BCU WIRELESS,"72000, Le Mans",Candidature spontanée,,,2026-09-14T14:47:40.000Z,,Débutant accepté,,"PHILIPS CONSUMER ELECTRONICS-BCU WIRELESS est une structure basée à Le Mans, active dans le secteur suggéré par son nom. Bien que les détails spécifiques sur ses activités ne soient pas précisés, l'entreprise semble évoluer dans le domaine de l'électronique grand public. Je suis intéressé par une alternance en science des données et intelligence artificielle au sein de votre équipe.",
SPONT-1-conseil-general-du-var,Candidature spontanée - Alternance Data / Science des données,1                               Conseil Général du Var,"83076, Toulon Cedex",Candidature spontanée,,,2026-09-14T14:47:40.000Z,,Débutant accepté,,"Le Conseil Général du Var est une structure basée à Toulon Cedex, active dans le secteur public. Bien que les informations spécifiques sur ses activités ne soient pas précisées, il est probable qu'il soit impliqué dans des services liés à la gestion et au développement du territoire. Je souhaite proposer ma candidature pour une alternance en science des données et intelligence artificielle au sein de cette institution.",
SPONT-2-ddaf-limoges,Candidature spontanée - Alternance Data / Science des données,2                                         DDAF Limoges,"87031, Toulon Cedex",Candidature spontanée,,,2026-09-14T14:47:40.000Z,,Débutant accepté,,"DDAF Limoges est une structure basée à Toulon Cedex, active dans le secteur suggéré par son nom/service. Bien que les détails spécifiques sur ses activités ne soient pas précisés, elle semble être impliquée dans des domaines liés à l'administration et à la gestion. Je suis intéressé par une alternance en science des données et intelligence artificielle au sein de cette organisation.",
SPONT-3-guinot-blanquette,Candidature spontanée - Alternance Data / Science des données,3                                    GUINOT Blanquette,"11300, Toulon Cedex",Candidature spontanée,,,2026-09-14T14:47:40.000Z,,Débutant accepté,,"3 GUINOT Blanquette est une structure basée à Toulon Cedex, active dans le secteur suggéré par son nom/service. Bien que les détails spécifiques sur ses activités ne soient pas précisés, l'entreprise semble avoir un lien avec des services ou produits en lien avec la blanquette. Je suis intéressé par une alternance en science des données et intelligence artificielle au sein de votre entreprise.",
SPONT-4-cci-du-pays-de-brive,Candidature spontanée - Alternance Data / Science des données,4                                CCI du Pays de  Brive,"19000, Brive Cedex",Candidature spontanée,,,2026-09-14T14:47:40.000Z,,Débutant accepté,,"Structure basée à Brive Cedex, active dans le secteur suggéré par son nom/service. Bien que les détails spécifiques sur les activités de l'entreprise ne soient pas fournis, elle semble jouer un rôle dans le développement économique local. Je suis intéressé par une alternance en science des données et intelligence artificielle au sein de votre équipe.",
SPONT-5-cemagref,Candidature spontanée - Alternance Data / Science des données,5                                             CEMAGREF,"45290, Brive Cedex",Candidature spontanée,,,2026-09-14T14:47:40.000Z,,Débutant accepté,,"CEMAGREF est une structure basée à Brive Cedex, active dans le secteur suggéré par son nom/service. Bien que les détails spécifiques sur ses activités ne soient pas précisés, l'entreprise semble s'inscrire dans un domaine lié à la science des données et à l'intelligence artificielle. Je suis intéressé par une alternance qui me permettrait de contribuer à ses projets tout en développant mes compétences.",
SPONT-6-e-f-s-pyrenees-mediterranee,Candidature spontanée - Alternance Data / Science des données,6                         E.F.S. Pyrénées Méditerranée,"34094, Brive Cedex",Candidature spontanée,,,2026-09-14T14:47:40.000Z,,Débutant accepté,,"6 E.F.S. Pyrénées Méditerranée est une structure basée à Brive Cedex, active dans le secteur suggéré par son nom/service. Bien que les détails spécifiques sur ses activités ne soient pas précisés, l'entreprise semble œuvrer dans un domaine lié à la santé ou aux services associés. Je suis intéressé par une alternance en science des données et intelligence artificielle au sein de votre organisation.",
SPONT-7-groupement-dinteret-public-medias-fran,Candidature spontanée - Alternance Data / Science des données,7           Groupement dInterêt Public Médias - France,"31401, Le Relecq Kerhuon",Candidature spontanée,,,2026-09-14T14:47:40.000Z,,Débutant accepté,,"7 Groupement d'Intérêt Public Médias est une structure basée à Le Relecq Kerhuon, active dans le secteur suggéré par son nom/service. Bien que les détails spécifiques sur ses activités ne soient pas fournis, l'entreprise semble s'inscrire dans un contexte lié aux médias. Je suis intéressé par une alternance en science des données et intelligence artificielle au sein de votre organisation.",
SPONT-8-ministere-de-la-defense,Candidature spontanée - Alternance Data / Science des données,8                              Ministère de la Défense,"450, ARMEES",Candidature spontanée,,,2026-09-14T14:47:40.000Z,,Débutant accepté,,"Structure basée à ARMEES, active dans le secteur suggéré par son nom/service. Le Ministère de la Défense est impliqué dans des activités liées à la sécurité et à la défense. Bien que les détails spécifiques sur ses projets ou technologies ne soient pas fournis, l'organisation pourrait bénéficier de l'analyse de données et de l'intelligence artificielle.",
SPONT-9-cerm-sa,Candidature spontanée - Alternance Data / Science des données,9                                              CERM SA,"11102, ARMEES",Candidature spontanée,,,2026-09-14T14:47:40.000Z,,Débutant accepté,,"CERM SA est une structure basée à ARMEES, active dans le secteur suggéré par son nom/service. Bien que les détails spécifiques sur ses activités ne soient pas précisés, l'entreprise semble avoir un intérêt pour des domaines liés à la science des données et à l'intelligence artificielle. Je suis enthousiaste à l'idée de contribuer à ses projets et d'apprendre au sein de son équipe.",
SPONT-0-centre-de-formation-professionnelle-de,Candidature spontanée - Alternance Data / Science des données,0   Centre de Formation Professionnelle de la CCI Bézi,"34504, Agdal-Rabat - Maroc",Candidature spontanée,,,2026-09-14T14:47:40.000Z,,Débutant accepté,,"Le Centre de Formation Professionnelle de la CCI Bézi est une structure basée à Agdal-Rabat, Maroc. Bien que les détails sur ses activités ne soient pas précisés, son nom suggère un engagement dans la formation professionnelle. Je suis intéressé par une alternance en science des données et intelligence artificielle au sein de votre établissement.",
SPONT-1-groupe-ford-france,Candidature spontanée - Alternance Data / Science des données,1                                   Groupe FORD France,"33292, Larche",Candidature spontanée,,,2026-09-14T14:47:40.000Z,,Débutant accepté,,"Groupe FORD France est une structure basée à Larche, active dans le secteur suggéré par son nom. Bien que les détails spécifiques sur ses activités ne soient pas précisés, l'entreprise semble évoluer dans un environnement lié à l'automobile. Je suis intéressé par une alternance en science des données et intelligence artificielle au sein de votre équipe.",
SPONT-2-college-anna-de-noailles,Candidature spontanée - Alternance Data / Science des données,2                             Collège ANNA DE NOAILLES,"19600, Larche",Candidature spontanée,,,2026-09-14T14:47:40.000Z,,Débutant accepté,,"Structure basée à Larche, active dans le secteur suggéré par son nom/service. Le Collège ANNA DE NOAILLES est une institution éducative qui pourrait bénéficier de l'intégration de la science des données et de l'intelligence artificielle dans ses processus. Je suis intéressé par une alternance qui me permettrait de contribuer à des projets innovants au sein de votre établissement.",
SPONT-3-lemaire-edouard,Candidature spontanée - Alternance Data / Science des données,3                                      LEMAIRE EDOUARD,"93110, Lannemezan",Candidature spontanée,,,2026-09-14T14:47:40.000Z,,Débutant accepté,,"3 LEMAIRE EDOUARD est une structure basée à Lannemezan. Les informations disponibles sur son secteur d'activité et ses services ne sont pas précisées, ce qui laisse supposer une activité générale dans le domaine suggéré par son nom. Je suis intéressé par une alternance en science des données et intelligence artificielle au sein de votre entreprise.",
SPONT-4-hopitaux-lannemezan,Candidature spontanée - Alternance Data / Science des données,4                                  HOPITAUX LANNEMEZAN,"65308, Lannemezan",Candidature spontanée,,,2026-09-14T14:47:40.000Z,,Débutant accepté,,"4 HOPITAUX LANNEMEZAN est une structure basée à Lannemezan, active dans le secteur suggéré par son nom/service. Bien que les détails spécifiques sur ses activités ne soient pas précisés, l'établissement semble jouer un rôle dans le domaine de la santé. Je suis intéressé par une alternance en science des données et intelligence artificielle au sein de votre organisation.",
SPONT-5-developpement-strategie,Candidature spontanée - Alternance Data / Science des données,5                              Développement Stratégie,"31200, Villespy",Candidature spontanée,,,2026-09-14T14:47:40.000Z,,Débutant accepté,,"5 Développement Stratégie est une structure basée à Villespy, active dans le secteur suggéré par son nom/service. Bien que les détails spécifiques sur ses activités ne soient pas précisés, l'entreprise semble s'intéresser à des enjeux stratégiques. Je suis motivé à contribuer à ses projets en science des données et intelligence artificielle.",
SPONT-6-s-a-jordan,Candidature spontanée - Alternance Data / Science des données,6                                          S.A. Jordan,"11260, Lamentin",Candidature spontanée,,,2026-09-14T14:47:40.000Z,,Débutant accepté,,"6 S.A. Jordan est une structure basée à Lamentin, dont le service concerné n'est pas précisé. Bien que les détails sur ses activités ne soient pas disponibles, l'entreprise semble active dans un secteur suggéré par son nom ou service. Je suis intéressé par une alternance en science des données et intelligence artificielle au sein de votre entreprise.",
SPONT-7-laboratoire-departemental,Candidature spontanée - Alternance Data / Science des données,7                            Laboratoire Départemental,"66100, Lamentin",Candidature spontanée,,,2026-09-14T14:47:40.000Z,,Débutant accepté,,"7 Laboratoire Départemental est une structure basée à Lamentin, active dans le secteur suggéré par son nom/service. Bien que les détails spécifiques sur ses activités ne soient pas précisés, elle semble jouer un rôle dans le domaine scientifique ou technique. Je suis intéressé par une alternance en science des données et intelligence artificielle au sein de votre laboratoire.",
SPONT-8-cave-cooperative-lavenir,Candidature spontanée - Alternance Data / Science des données,8                             Cave Coopérative lAvenir,"11700, Lamentin",Candidature spontanée,,,2026-09-14T14:47:40.000Z,,Débutant accepté,,"La Cave Coopérative lAvenir est une structure basée à Lamentin, active dans le secteur suggéré par son nom. Bien que les détails spécifiques sur ses activités ne soient pas précisés, elle semble évoluer dans un environnement où la gestion des données pourrait être pertinente. Je suis intéressé par une opportunité d'alternance en science des données et intelligence artificielle au sein de votre entreprise.",
SPONT-9-inra-agrocum,Candidature spontanée - Alternance Data / Science des données,9                                         INRA AGROCUM,"84914, Rabat - Maroc",Candidature spontanée,,,2026-09-14T14:47:40.000Z,,Débutant accepté,,"9 INRA AGROCUM est une structure basée à Rabat, au Maroc, active dans le secteur suggéré par son nom/service. Bien que les détails spécifiques sur ses activités ne soient pas précisés, l'entreprise semble évoluer dans un domaine lié à l'agriculture ou à la recherche agronomique. Je suis intéressé par une opportunité d'alternance en science des données et intelligence artificielle au sein de votre équipe.",
SPONT-0-office-municipal-du-tourisme,Candidature spontanée - Alternance Data / Science des données,0                         Office Municipal du Tourisme,"11890, Rabat - Maroc",Candidature spontanée,,,2026-09-14T14:47:40.000Z,,Débutant accepté,,"L'Office Municipal du Tourisme est une structure basée à Rabat, au Maroc. Bien que les informations sur ses activités spécifiques ne soient pas précisées, son nom suggère un engagement dans le secteur du tourisme. Je suis intéressé par une alternance en science des données et intelligence artificielle au sein de cette organisation.",
SPONT-1-ministere-de-leconomie-et-des-finances,Candidature spontanée - Alternance Data / Science des données,1               Ministère de lEconomie et des Finances,Rabat - Maroc,Candidature spontanée,,,2026-09-14T14:47:40.000Z,,Débutant accepté,,"Le Ministère de l'Economie et des Finances est une structure basée à Rabat, au Maroc. Bien que les informations sur ses activités spécifiques ne soient pas fournies, son nom suggère une implication dans des domaines liés à l'économie et aux finances. Je suis intéressé par une alternance en science des données et intelligence artificielle au sein de cette institution.",
SPONT-2-salama-assurances-senegal,Candidature spontanée - Alternance Data / Science des données,2                            SALAMA Assurances Sénégal,Arles Cedex,Candidature spontanée,,,2026-09-14T14:47:40.000Z,,Débutant accepté,,"SALAMA Assurances Sénégal est une structure basée à Arles Cedex, active dans le secteur des assurances, comme le suggère son nom. Bien que les détails spécifiques sur ses services ne soient pas précisés, l'entreprise semble s'inscrire dans un domaine où l'analyse de données et l'intelligence artificielle peuvent jouer un rôle clé. Je suis intéressé par une alternance qui me permettrait de contribuer à des projets liés à la science des données au sein de votre équipe.",
SPONT-3-iufm-de-midi-pyrenees,Candidature spontanée - Alternance Data / Science des données,3                                IUFM de Midi-Pyrénées,"31078, Arles Cedex",Candidature spontanée,,,2026-09-14T14:47:40.000Z,,Débutant accepté,,"Structure basée à Arles Cedex, active dans le secteur suggéré par son nom/service. Bien que les détails spécifiques sur ses activités ne soient pas précisés, l'IUFM de Midi-Pyrénées semble avoir un lien avec l'éducation et la formation. Je suis intéressé par une alternance en science des données et intelligence artificielle au sein de votre établissement.",
SPONT-4-le-parchemin,Candidature spontanée - Alternance Data / Science des données,4                                         Le Parchemin,"11300, Luxembourg",Candidature spontanée,,,2026-09-14T14:47:40.000Z,,Débutant accepté,,"4 Le Parchemin est une structure basée à Luxembourg, dont le secteur d'activité n'est pas précisé. L'entreprise semble être engagée dans des domaines liés à la science des données et à l'intelligence artificielle, bien que les détails spécifiques ne soient pas disponibles. Je suis intéressé par l'opportunité de contribuer à vos projets et d'apprendre au sein de votre équipe.",
SPONT-5-techcombank,Candidature spontanée - Alternance Data / Science des données,5                                          TECHCOMBANK,Cotonou,Candidature spontanée,,,2026-09-14T14:47:40.000Z,,Débutant accepté,,"5 TECHCOMBANK est une structure basée à Cotonou, active dans le secteur suggéré par son nom/service. Bien que les détails spécifiques sur ses activités ne soient pas précisés, l'entreprise semble évoluer dans un environnement lié à la technologie et à la finance. Je suis intéressé par une opportunité d'alternance en science des données et intelligence artificielle au sein de votre équipe.",
SPONT-6-cpam-du-mans,Candidature spontanée - Alternance Data / Science des données,6                                         CPAM du Mans,"72033, Saint-Estève",Candidature spontanée,,,2026-09-14T14:47:40.000Z,,Débutant accepté,,"La CPAM du Mans est une structure basée à Saint-Estève, active dans le secteur de la protection sociale. Bien que les détails spécifiques sur ses services ne soient pas précisés, elle est impliquée dans des activités liées à la santé et à l'assurance maladie. Je suis intéressé par une alternance en science des données et intelligence artificielle au sein de votre organisation.",
SPONT-7-veremes,Candidature spontanée - Alternance Data / Science des données,7                                              VEREMES,"66240, Saint-Estève",Candidature spontanée,,,2026-09-14T14:47:40.000Z,,Débutant accepté,,"7 VEREMES est une structure basée à Saint-Estève, active dans un secteur qui pourrait être lié à la science des données ou à l'intelligence artificielle, bien que les détails spécifiques ne soient pas précisés. L'entreprise est située au 42 av des jardins. Aucune information supplémentaire sur ses activités ou son site web n'est disponible.",
SPONT-8-efs,Candidature spontanée - Alternance Data / Science des données,8                                                  EFS,"31027, Noisy le Grand cedex",Candidature spontanée,,,2026-09-14T14:47:40.000Z,,Débutant accepté,,"Structure basée à Noisy le Grand cedex, active dans le secteur suggéré par son nom/service. Bien que les détails spécifiques sur ses activités ne soient pas fournis, l'entreprise semble être impliquée dans des domaines liés à la science des données et à l'intelligence artificielle. Je suis intéressé par une opportunité d'alternance pour contribuer à ses projets et développer mes compétences dans ce domaine.",
SPONT-9-inspection-academique-de-bordeaux,Candidature spontanée - Alternance Data / Science des données,9                    Inspection Académique de Bordeaux,"33060, PEROLS",Candidature spontanée,,,2026-09-14T14:47:40.000Z,,Débutant accepté,,"L'Inspection Académique de Bordeaux est une structure basée à PEROLS. Bien que les informations précises sur ses activités ne soient pas disponibles, elle semble être active dans le secteur de l'éducation ou de l'administration académique. Je suis intéressé par une alternance en science des données et intelligence artificielle au sein de votre organisation.",
SPONT-0-parc-euromedecine,Candidature spontanée - Alternance Data / Science des données,0                                    parc Euromédecine,ST ALBAN,Candidature spontanée,,,2026-09-14T14:47:40.000Z,,Débutant accepté,,"Structure basée à ST ALBAN, active dans le secteur suggéré par son nom/service. Bien que les détails spécifiques sur les activités de l'entreprise ne soient pas précisés, elle semble évoluer dans un environnement propice à l'innovation et à l'analyse de données. Je suis intéressé par une opportunité d'alternance en science des données et intelligence artificielle au sein de votre équipe.",
SPONT-1-adia,Candidature spontanée - Alternance Data / Science des données,1                                                 ADIA,"25000, St Martin de Villeséglan",Candidature spontanée,,,2026-09-14T14:47:40.000Z,,Débutant accepté,,"ADIA est une structure basée à St Martin de Villeséglan, active dans le secteur suggéré par son nom/service. Bien que les détails spécifiques sur ses activités ne soient pas précisés, l'entreprise semble s'inscrire dans un domaine lié à la science des données et à l'intelligence artificielle. Je suis intéressé par une alternance au sein de votre équipe pour contribuer à vos projets.",
SPONT-2-chambre-de-commerce-du-grand-duche-de-,Candidature spontanée - Alternance Data / Science des données,2     Chambre de Commerce du grand duché de Luxembourg,Nébias,Candidature spontanée,,,2026-09-14T14:47:40.000Z,,Débutant accepté,,"La Chambre de Commerce du grand duché de Luxembourg est une structure basée à Nébias, active dans le secteur suggéré par son nom. Bien que les informations sur ses services ne soient pas précisées, elle joue probablement un rôle dans le soutien aux entreprises et au développement économique. Je suis intéressé par une alternance en science des données et intelligence artificielle au sein de cette institution.",
SPONT-3-maison-de-la-nature-la-ferranderie,Candidature spontanée - Alternance Data / Science des données,3                 Maison de la Nature - La Ferranderie,"65220, Mulhouse Cedex",Candidature spontanée,,,2026-09-14T14:47:40.000Z,,Débutant accepté,,"Structure basée à Mulhouse Cedex, active dans le secteur suggéré par son nom/service. Bien que les détails sur ses activités ne soient pas précisés, elle semble s'intéresser à des thématiques liées à la nature. Je suis motivé à contribuer à ses projets en science des données et intelligence artificielle.",
SPONT-4-domena-s-a-s,Candidature spontanée - Alternance Data / Science des données,4                                        DOMENA S.A.S.,"68132, Mulhouse Cedex",Candidature spontanée,,,2026-09-14T14:47:40.000Z,,Débutant accepté,,"4 DOMENA S.A.S. est une structure basée à Mulhouse Cedex, active dans le secteur suggéré par son nom/service. Bien que les détails spécifiques sur ses activités ne soient pas précisés, l'entreprise semble être engagée dans des domaines liés à la science des données et à l'intelligence artificielle. Je suis intéressé par une alternance qui me permettrait de contribuer à ses projets tout en développant mes compétences dans ce domaine.",
SPONT-5-sdis-haute-garonne,Candidature spontanée - Alternance Data / Science des données,5                                   SDIS Haute Garonne,"31776, Mont-Louis",Candidature spontanée,,,2026-09-14T14:47:40.000Z,,Débutant accepté,,"Le SDIS Haute Garonne est une structure basée à Mont-Louis, active dans le secteur des services d'incendie et de secours. Bien que les détails spécifiques sur ses activités ne soient pas fournis, l'organisation semble jouer un rôle important dans la gestion des urgences. Je suis intéressé par une alternance en science des données et intelligence artificielle au sein de cette structure.",
SPONT-6-la-centrale-credit-agricole,Candidature spontanée - Alternance Data / Science des données,6                          La Centrale Crédit Agricole,"30935, Eguilles",Candidature spontanée,,,2026-09-14T14:47:40.000Z,,Débutant accepté,,"La Centrale Crédit Agricole est une structure basée à Eguilles, active dans le secteur suggéré par son nom. Bien que les informations sur ses activités spécifiques ne soient pas précisées, elle semble évoluer dans un environnement lié aux services financiers. Je suis intéressé par une alternance en science des données et intelligence artificielle au sein de votre entreprise.",
SPONT-7-inra-umr-sas,Candidature spontanée - Alternance Data / Science des données,7                                         INRA UMR SAS,"24900, Avignon",Candidature spontanée,,,2026-09-14T14:47:40.000Z,,Débutant accepté,,"7 INRA UMR SAS est une structure basée à Avignon, active dans le secteur suggéré par son nom/service. Bien que les détails spécifiques sur ses activités ne soient pas précisés, l'organisation semble être impliquée dans des recherches ou des projets liés à la science des données et à l'intelligence artificielle. Je suis intéressé par une opportunité d'alternance au sein de cette entreprise.",
SPONT-8-la-poste-avignon,Candidature spontanée - Alternance Data / Science des données,8                                     La Poste Avignon,"84021, Avignon",Candidature spontanée,,,2026-09-14T14:47:40.000Z,,Débutant accepté,,"La Poste Avignon est une structure basée à Avignon, active dans le secteur suggéré par son nom. Bien que les informations sur ses services ne soient pas précisées, elle est historiquement liée à des activités de services postaux. Je suis intéressé par une alternance en science des données et intelligence artificielle au sein de votre entreprise.",
SPONT-9-chambre-dagriculture-davignon,Candidature spontanée - Alternance Data / Science des données,9                        Chambre dAgriculture dAvignon,"84092, Avignon",Candidature spontanée,,,2026-09-14T14:47:40.000Z,,Débutant accepté,,"La Chambre d'Agriculture d'Avignon est une structure basée à Avignon, active dans le secteur suggéré par son nom/service. Bien que les détails spécifiques sur ses activités ne soient pas fournis, elle semble jouer un rôle dans le domaine agricole. Je suis intéressé par une alternance en science des données et intelligence artificielle au sein de votre organisation.",
SPONT-0-ets-blanc-quincaillerie-metaux,Candidature spontanée - Alternance Data / Science des données,0                       Ets Blanc Quincaillerie Métaux,"84032, Avignon",Candidature spontanée,,,2026-09-14T14:47:40.000Z,,Débutant accepté,,"L'entreprise Ets Blanc Quincaillerie Métaux, située à Avignon, semble être active dans le secteur de la quincaillerie et des métaux, comme le suggère son nom. Bien que les détails spécifiques sur ses activités ne soient pas fournis, elle pourrait bénéficier d'une approche axée sur les données et l'intelligence artificielle pour optimiser ses opérations. Je suis intéressé par une alternance qui pourrait contribuer à l'évolution de l'entreprise dans ce domaine.",
SPONT-1-eurodif-production,Candidature spontanée - Alternance Data / Science des données,1                                   EURODIF Production,"26702, Avignon",Candidature spontanée,,,2026-09-14T14:47:40.000Z,,Débutant accepté,,"EURODIF Production est une structure basée à Avignon, active dans le secteur suggéré par son nom/service. Bien que les détails spécifiques sur ses activités ne soient pas précisés, l'entreprise semble jouer un rôle dans un domaine lié à la production. Je suis intéressé par une alternance en science des données et intelligence artificielle au sein de votre équipe.",
SPONT-2-efficience-3,Candidature spontanée - Alternance Data / Science des données,2                                         Efficience 3,"51057, Avignon",Candidature spontanée,,,2026-09-14T14:47:40.000Z,,Débutant accepté,,"2 Efficience 3 est une structure basée à Avignon, active dans le secteur suggéré par son nom/service. Bien que les détails spécifiques sur ses activités ne soient pas précisés, l'entreprise semble s'intéresser aux domaines liés à l'efficacité et à l'optimisation. Je suis enthousiaste à l'idée de contribuer à ses projets en science des données et intelligence artificielle.",
SPONT-3-fredec-complexe-agricole-dauzeville-ba,Candidature spontanée - Alternance Data / Science des données,3       FREDEC - Complexe Agricole dAuzeville - Bât 43,"31321, Avignon",Candidature spontanée,,,2026-09-14T14:47:40.000Z,,Débutant accepté,,"3 FREDEC est une structure basée à Avignon, active dans le secteur suggéré par son nom/service. Bien que les détails spécifiques sur ses activités ne soient pas précisés, elle semble évoluer dans un environnement lié à l'agriculture. Je suis intéressé par une alternance en science des données et intelligence artificielle au sein de votre entreprise.",
SPONT-4-cci-avignon,Candidature spontanée - Alternance Data / Science des données,4                                          CCI Avignon,"84000, Avignon",Candidature spontanée,,,2026-09-14T14:47:40.000Z,,Débutant accepté,,"4 CCI Avignon est une structure basée à Avignon, active dans le secteur suggéré par son nom/service. Bien que les détails spécifiques sur ses activités ne soient pas précisés, elle semble s'inscrire dans un environnement professionnel dynamique. Je suis intéressé par une alternance en science des données et intelligence artificielle au sein de votre entreprise.",
SPONT-5-cpam-du-vaucluse,Candidature spontanée - Alternance Data / Science des données,5                                     CPAM du Vaucluse,"84043, Avignon",Candidature spontanée,,,2026-09-14T14:47:40.000Z,,Débutant accepté,,"La CPAM du Vaucluse est une structure basée à Avignon, active dans le secteur de la protection sociale. Bien que les détails spécifiques sur ses services ne soient pas précisés, elle est impliquée dans des activités liées à la santé et au bien-être des assurés. Je suis intéressé par une alternance en science des données et intelligence artificielle au sein de votre organisation.",
SPONT-6-centre-hospitalier-davignon,Candidature spontanée - Alternance Data / Science des données,6                          Centre Hospitalier dAvignon,"30009, Avignon",Candidature spontanée,,,2026-09-14T14:47:40.000Z,,Débutant accepté,,"Le Centre Hospitalier d'Avignon est une structure basée à Avignon, active dans le secteur de la santé. Bien que les services spécifiques ne soient pas précisés, l'établissement joue un rôle important dans le domaine hospitalier. Je suis intéressé par une alternance en science des données et intelligence artificielle au sein de cette institution.",
SPONT-7-inra-unite-de-zoologie,Candidature spontanée - Alternance Data / Science des données,7                               INRA Unité de Zoologie,"84914, Avignon",Candidature spontanée,,,2026-09-14T14:47:40.000Z,,Débutant accepté,,"7 INRA Unité de Zoologie est une structure basée à Avignon, active dans le domaine de la zoologie. Bien que les détails spécifiques sur ses activités ne soient pas fournis, l'unité semble s'inscrire dans le secteur de la recherche et de l'étude des sciences biologiques. Je suis intéressé par une alternance en science des données et intelligence artificielle au sein de cette unité.",
SPONT-8-gaudriot,Candidature spontanée - Alternance Data / Science des données,8                                             GAUDRIOT,"13300, Avignon",Candidature spontanée,,,2026-09-14T14:47:40.000Z,,Débutant accepté,,"8 GAUDRIOT est une structure basée à Avignon, active dans un secteur suggéré par son nom/service. Bien que les détails spécifiques sur ses activités ne soient pas précisés, l'entreprise semble être impliquée dans des domaines liés à la science des données et à l'intelligence artificielle. Je suis intéressé par une alternance qui me permettrait de contribuer à ses projets tout en développant mes compétences.",
SPONT-9-lafarge-ciments,Candidature spontanée - Alternance Data / Science des données,9                                      Lafarge Ciments,"11210, Verrières le Buisson",Candidature spontanée,,,2026-09-14T14:47:40.000Z,,Débutant accepté,,"Lafarge Ciments est une structure basée à Verrières le Buisson, active dans le secteur suggéré par son nom. Bien que les détails spécifiques sur ses activités ne soient pas précisés, l'entreprise est historiquement liée à l'industrie des matériaux de construction. Je suis intéressé par une alternance en science des données et intelligence artificielle au sein de votre équipe.",
SPONT-0-institut-de-la-statistique-de-la-polyn,Candidature spontanée - Alternance Data / Science des données,0         Institut de la statistique de la Polynésie F,"BP395, Nogents/ Vernisson",Candidature spontanée,,,2026-09-14T14:47:40.000Z,,Débutant accepté,,"L'Institut de la statistique de la Polynésie F est une structure basée à Nogents/ Vernisson, active dans le secteur suggéré par son nom. Bien que les détails spécifiques sur ses activités ne soient pas précisés, il est probable qu'elle soit impliquée dans des analyses statistiques et des études de données. Je suis intéressé par une alternance en science des données et intelligence artificielle au sein de votre établissement.",
SPONT-1-mairie-de-colomiers,Candidature spontanée - Alternance Data / Science des données,1                                  Mairie de Colomiers,"31770, Colomiers",Candidature spontanée,,,2026-09-14T14:47:40.000Z,,Débutant accepté,,"La Mairie de Colomiers est une structure basée à Colomiers, active dans le secteur public. Bien que les informations sur ses services spécifiques ne soient pas précisées, elle joue un rôle important dans la gestion et le développement de la commune. Je suis intéressé par une alternance en science des données et intelligence artificielle au sein de cette institution.",
SPONT-2-comite-departemental-olympique-et-spor,Candidature spontanée - Alternance Data / Science des données,2            Comité Départemental Olympique et Sportif,"48000, Colomiers",Candidature spontanée,,,2026-09-14T14:47:40.000Z,,Débutant accepté,,"Le Comité Départemental Olympique et Sportif, situé à Colomiers, est une structure active dans le secteur du sport. Bien que les détails spécifiques de ses activités ne soient pas précisés, son nom suggère un engagement envers le développement et la promotion des activités sportives au niveau départemental. Je suis intéressé par une alternance en science des données et intelligence artificielle au sein de cette organisation.",
SPONT-3-clinique-veterinaire,Candidature spontanée - Alternance Data / Science des données,3                                 Clinique Vétérinaire,"11000, Montelimar",Candidature spontanée,,,2026-09-14T14:47:40.000Z,,Débutant accepté,,"3 Clinique Vétérinaire est une structure basée à Montelimar, active dans le secteur vétérinaire. Bien que les détails spécifiques sur ses services ne soient pas précisés, elle semble engagée dans le bien-être animal. Je suis intéressé par une alternance en science des données et intelligence artificielle au sein de votre établissement.",
SPONT-4-sdis-vaucluse,Candidature spontanée - Alternance Data / Science des données,4                                        SDIS Vaucluse,"84000, Agdal-Rabat - Maroc",Candidature spontanée,,,2026-09-14T14:47:40.000Z,,Débutant accepté,,"4 SDIS Vaucluse est une structure basée à Agdal-Rabat, Maroc. Bien que les détails spécifiques sur ses activités ne soient pas précisés, son nom suggère une implication dans le secteur des services d'incendie et de secours. Je suis intéressé par une alternance en science des données et intelligence artificielle au sein de votre entreprise.",
SPONT-5-comite-ufolep-66,Candidature spontanée - Alternance Data / Science des données,5                                     COMITE UFOLEP 66,"66027, Rosny sous Bois",Candidature spontanée,,,2026-09-14T14:47:40.000Z,,Débutant accepté,,"Le COMITE UFOLEP 66 est une structure basée à Rosny sous Bois, active dans le secteur suggéré par son nom/service. Bien que les détails concernant ses activités ne soient pas précisés, l'organisation semble s'inscrire dans un cadre associatif ou sportif. Je suis intéressé par une alternance en science des données et intelligence artificielle au sein de votre structure.",
SPONT-6-communaute-dagglomeration-daurillac,Candidature spontanée - Alternance Data / Science des données,6                  Communauté dAgglomération dAurillac,"15005, Lattes",Candidature spontanée,,,2026-09-14T14:47:40.000Z,,Débutant accepté,,"La Communauté d'Agglomération d'Aurillac est une structure basée à Lattes, active dans le secteur suggéré par son nom/service. Bien que les détails spécifiques sur ses activités ne soient pas précisés, elle semble jouer un rôle dans le développement et la gestion de services au sein de la communauté. Je suis intéressé par une alternance en science des données et intelligence artificielle au sein de votre organisation.",
SPONT-7-la-poste-perpignan,Candidature spontanée - Alternance Data / Science des données,7                                   La Poste Perpignan,"66020, Gradignan Cedex",Candidature spontanée,,,2026-09-14T14:47:40.000Z,,Débutant accepté,,"Structure basée à Gradignan Cedex, active dans le secteur suggéré par son nom/service. Bien que les détails spécifiques sur les activités de l'entreprise ne soient pas précisés, elle semble évoluer dans un environnement propice à l'innovation et à l'utilisation des données. Je suis intéressé par une opportunité d'alternance en science des données et intelligence artificielle au sein de votre équipe.",
SPONT-8-credit-agricole-arles,Candidature spontanée - Alternance Data / Science des données,8                                Crédit Agricole Arles,"13642, Alkirch cedex",Candidature spontanée,,,2026-09-14T14:47:40.000Z,,Débutant accepté,,"Le Crédit Agricole Arles est une structure basée à Alkirch cedex, active dans le secteur bancaire. Bien que les informations spécifiques sur ses services ne soient pas précisées, l'entreprise est historiquement impliquée dans des activités financières. Je suis intéressé par une alternance en science des données et intelligence artificielle au sein de votre établissement.",
SPONT-9-adil-du-doubs,Candidature spontanée - Alternance Data / Science des données,9                                        ADIL du DOUBS,"25041, Besançon",Candidature spontanée,,,2026-09-14T14:47:40.000Z,,Débutant accepté,,"9 ADIL du DOUBS est une structure basée à Besançon, active dans le secteur suggéré par son nom/service. Bien que les informations sur ses activités spécifiques ne soient pas précisées, l'entreprise semble être impliquée dans des domaines liés à l'accompagnement et au soutien. Je suis intéressé par une alternance en science des données et intelligence artificielle au sein de votre équipe.",
SPONT-0-banque-populaire-occitane-albi,Candidature spontanée - Alternance Data / Science des données,0                     Banque Populaire Occitane (Albi),"81000, Besançon",Candidature spontanée,,,2026-09-14T14:47:40.000Z,,Débutant accepté,,"La Banque Populaire Occitane, située à Besançon, est une structure active dans le secteur bancaire. Bien que les informations sur ses services spécifiques ne soient pas précisées, elle est historiquement impliquée dans des activités financières. Je suis intéressé par une alternance en science des données et intelligence artificielle au sein de cette entreprise.",
SPONT-1-oseo-bdpme-direction-des-ressources-hu,Candidature spontanée - Alternance Data / Science des données,1       OSEO bdpme - Direction des Ressources Humaines,"94710, Maisons",Candidature spontanée,,,2026-09-14T14:47:40.000Z,,Débutant accepté,,"OSEO bdpme est une structure basée à Maisons, active dans le secteur suggéré par son nom/service. Bien que les détails spécifiques sur ses activités ne soient pas précisés, l'entreprise semble s'intéresser aux ressources humaines. Je suis motivé à contribuer à ses projets en science des données et intelligence artificielle.",
SPONT-2-edf-vto,Candidature spontanée - Alternance Data / Science des données,2                                              EDF VTO,"93192, Maisons",Candidature spontanée,,,2026-09-14T14:47:40.000Z,,Débutant accepté,,"Structure basée à Maisons, active dans le secteur suggéré par son nom/service. Bien que les détails spécifiques sur les activités de l'entreprise ne soient pas précisés, elle semble être impliquée dans des domaines liés à l'énergie ou à la technologie. Je suis intéressé par une alternance en science des données et intelligence artificielle au sein de votre équipe.",
SPONT-3-open-soft-system,Candidature spontanée - Alternance Data / Science des données,3                                     OPEN SOFT SYSTEM,"97276, Kourou Cedex",Candidature spontanée,,,2026-09-14T14:47:40.000Z,,Débutant accepté,,"3 OPEN SOFT SYSTEM est une structure basée à Kourou Cedex, active dans le secteur suggéré par son nom/service. Bien que les détails spécifiques sur ses activités ne soient pas précisés, l'entreprise semble évoluer dans un environnement lié aux systèmes ouverts. Je suis intéressé par une opportunité d'alternance dans le domaine de la science des données et de l'intelligence artificielle au sein de votre équipe.",
SPONT-cnes-centre-spatial-guyanais,Candidature spontanée - Alternance Data / Science des données,CNES- Centre Spatial Guyanais,"97387, Kourou Cedex",Candidature spontanée,,,2026-09-14T14:47:40.000Z,,Débutant accepté,,"Le CNES - Centre Spatial Guyanais est une structure basée à Kourou Cedex, active dans le secteur spatial. Bien que les détails spécifiques sur ses activités ne soient pas fournis, l'entreprise est impliquée dans des projets liés à l'espace, ce qui suggère un environnement technique et innovant. Je suis intéressé par une alternance en science des données et intelligence artificielle au sein de cette organisation.",
SPONT-cgssm,Candidature spontanée - Alternance Data / Science des données,CGSSM,"97210, Kourou Cedex",Candidature spontanée,,,2026-09-14T14:47:40.000Z,,Débutant accepté,,"CGSSM est une structure basée à Kourou Cedex, active dans le secteur suggéré par son nom/service. Bien que les détails spécifiques sur ses activités ne soient pas précisés, l'entreprise semble évoluer dans un environnement où les compétences en science des données et en intelligence artificielle pourraient être pertinentes. Je suis intéressé par une opportunité d'alternance au sein de cette entreprise.",
SPONT-sdis-47-lot-et-garonne,Candidature spontanée - Alternance Data / Science des données,SDIS 47 (Lot et Garonne),"47510, Foulayronnes",Candidature spontanée,,,2026-09-14T14:47:40.000Z,,Débutant accepté,,"Le SDIS 47, situé à Foulayronnes, est une structure active dans le secteur suggéré par son nom/service. Bien que les détails spécifiques sur ses activités ne soient pas fournis, l'organisation semble jouer un rôle important dans la gestion des services d'incendie et de secours. Je suis intéressé par une alternance en science des données et intelligence artificielle au sein de cette structure.",
SPONT-confiserie-du-tech,Candidature spontanée - Alternance Data / Science des données,Confiserie du Tech,"63330, Capestany",Candidature spontanée,,,2026-09-14T14:47:40.000Z,,Débutant accepté,,"La Confiserie du Tech est une structure basée à Capestany, active dans le secteur suggéré par son nom. Bien que les détails spécifiques sur ses activités ne soient pas fournis, elle semble évoluer dans un domaine lié à la confiserie. Je suis intéressé par une alternance en science des données et intelligence artificielle au sein de votre entreprise.",
SPONT-caf-de-l-allier,Candidature spontanée - Alternance Data / Science des données,CAF de l'Allier,"3013, Moulins",Candidature spontanée,,,2026-09-14T14:47:40.000Z,,Débutant accepté,,"La CAF de l'Allier est une structure basée à Moulins, active dans le secteur des allocations familiales et des prestations sociales. Bien que les services spécifiques ne soient pas précisés, elle joue un rôle important dans le soutien aux familles et aux individus dans le département de l'Allier. Je suis intéressé par une alternance en science des données et intelligence artificielle au sein de cette organisation.",
SPONT-gaec-des-garrigues-arquettoises,Candidature spontanée - Alternance Data / Science des données,GAEC des Garrigues Arquettoises,"11220, Arquettes en Val",Candidature spontanée,,,2026-09-14T14:47:40.000Z,,Débutant accepté,,"Le GAEC des Garrigues Arquettoises est une structure basée à Arquettes en Val. Bien que les détails sur ses activités ne soient pas précisés, son nom suggère une implication dans le secteur agricole ou agroalimentaire. Je suis intéressé par une alternance en science des données et intelligence artificielle au sein de votre entreprise.",
SPONT-banque-populaire-du-sud-agence-du-barcar,Candidature spontanée - Alternance Data / Science des données,Banque Populaire du Sud - Agence du Barcarès,"66420, Le Barcarès",Candidature spontanée,,,2026-09-14T14:47:40.000Z,,Débutant accepté,,"La Banque Populaire du Sud, située à Le Barcarès, est une structure active dans le secteur bancaire. Elle propose divers services financiers, bien que les détails spécifiques sur ses activités ne soient pas précisés. Je suis intéressé par une alternance en science des données et intelligence artificielle au sein de votre agence.",
SPONT-clinique-le-floride,Candidature spontanée - Alternance Data / Science des données,Clinique Le Floride,"66420, Le Barcarès",Candidature spontanée,,,2026-09-14T14:47:40.000Z,,Débutant accepté,,"La Clinique Le Floride est une structure basée à Le Barcarès, active dans le secteur de la santé, comme le suggère son nom. Bien que les détails spécifiques sur ses services ne soient pas précisés, elle semble engagée dans le bien-être et les soins des patients. Je suis intéressé par une alternance en science des données et intelligence artificielle au sein de votre établissement.",
SPONT-mairie-de-gaillac-toulza,Candidature spontanée - Alternance Data / Science des données,Mairie de Gaillac-Toulza,"31550, Gaillac-Toulza",Candidature spontanée,,,2026-09-14T14:47:40.000Z,,Débutant accepté,,"La Mairie de Gaillac-Toulza est une structure basée à Gaillac-Toulza, active dans le secteur public. Bien que les informations sur ses services spécifiques ne soient pas précisées, elle joue un rôle essentiel dans la gestion et le développement de la commune. Je suis intéressé par une alternance en science des données et intelligence artificielle au sein de cette institution.",
SPONT-emca-international,Candidature spontanée - Alternance Data / Science des données,EMCA international,"31600, Muret",Candidature spontanée,,,2026-09-14T14:47:40.000Z,,Débutant accepté,,"EMCA international est une structure basée à Muret, active dans le secteur suggéré par son nom/service. Bien que les détails spécifiques sur ses activités ne soient pas précisés, l'entreprise semble évoluer dans un domaine lié à la science des données ou à l'intelligence artificielle. Je suis intéressé par une alternance qui me permettrait de contribuer à ses projets tout en développant mes compétences dans ce domaine.",
SPONT-ask-informatique,Candidature spontanée - Alternance Data / Science des données,ASK Informatique,"11855, Carcassonne",Candidature spontanée,,,2026-09-14T14:47:40.000Z,,Débutant accepté,,"ASK Informatique est une structure basée à Carcassonne, active dans le secteur suggéré par son nom. Bien que les détails spécifiques sur ses services ne soient pas précisés, l'entreprise semble engagée dans des activités liées à l'informatique. Je suis intéressé par une alternance en science des données et intelligence artificielle au sein de votre équipe.",
SPONT-s-a-d-oc,Candidature spontanée - Alternance Data / Science des données,S.A. d'OC,"11000, Carcassonne",Candidature spontanée,,,2026-09-14T14:47:40.000Z,,Débutant accepté,,"La S.A. d'OC est une structure basée à Carcassonne, active dans un secteur suggéré par son nom/service. Bien que les détails spécifiques sur ses activités ne soient pas précisés, l'entreprise semble ouverte à des initiatives dans le domaine de la science des données et de l'intelligence artificielle. Je suis enthousiaste à l'idée de contribuer à ses projets et d'apporter mes compétences en alternance.",
SPONT-cybercafe-logigames,Candidature spontanée - Alternance Data / Science des données,Cybercafé Logigames,"11000, Carcassonne",Candidature spontanée,,,2026-09-14T14:47:40.000Z,,Débutant accepté,,"Cybercafé Logigames est une structure basée à Carcassonne, active dans le secteur suggéré par son nom/service. Bien que les détails sur ses activités spécifiques ne soient pas précisés, l'entreprise semble évoluer dans un environnement lié aux technologies numériques et aux jeux. Je suis intéressé par une opportunité d'alternance en science des données et intelligence artificielle au sein de votre équipe.",
SPONT-yingdak,Candidature spontanée - Alternance Data / Science des données,YINGDAK,"300308, TIANJIN",Candidature spontanée,,,2026-09-14T14:47:40.000Z,,Débutant accepté,,"YINGDAK est une structure basée à TIANJIN, active dans le secteur suggéré par son nom/service. Située dans la zone économique de l'aéroport, l'entreprise pourrait être impliquée dans des activités liées à la science des données et à l'intelligence artificielle. Bien que les détails spécifiques sur ses projets ou services ne soient pas disponibles, je suis intéressé par une opportunité d'alternance au sein de votre équipe.",
SPONT-ipsos,Candidature spontanée - Alternance Data / Science des données,IPSOS,"100036, Beijing",Candidature spontanée,,,2026-09-14T14:47:40.000Z,,Débutant accepté,,"IPSOS est une structure basée à Beijing, active dans le secteur suggéré par son nom/service. Bien que les détails spécifiques sur ses activités ne soient pas précisés, l'entreprise semble être impliquée dans des domaines liés à la recherche et à l'analyse de données. Je suis intéressé par une alternance en science des données et intelligence artificielle au sein de votre équipe.",
SPONT-conseil-general-de-la-reunion,Candidature spontanée - Alternance Data / Science des données,Conseil Général de la Réunion,"97488, St Denis La Réunion",Candidature spontanée,,,2026-09-14T14:47:40.000Z,,Débutant accepté,,"Le Conseil Général de la Réunion est une structure basée à St Denis La Réunion, active dans le secteur suggéré par son nom. Bien que les détails sur ses activités spécifiques ne soient pas précisés, il est probable qu'elle soit impliquée dans des initiatives liées à la gestion et au développement local. Je souhaite proposer mes compétences en science des données et intelligence artificielle pour contribuer à ses projets.",
SPONT-xarxa-soft,Candidature spontanée - Alternance Data / Science des données,XARXA SOFT,St Julia de Loria,Candidature spontanée,,,2026-09-14T14:47:40.000Z,,Débutant accepté,,"XARXA SOFT est une structure basée à St Julia de Loria, active dans le secteur suggéré par son nom/service. Bien que les détails spécifiques sur ses activités ne soient pas précisés, l'entreprise semble être impliquée dans des domaines liés à la technologie. Je suis intéressé par une alternance en science des données et intelligence artificielle au sein de votre équipe.",
SPONT-euro-communication-equipements,Candidature spontanée - Alternance Data / Science des données,Euro Communication Equipements,"11500, Nebias",Candidature spontanée,,,2026-09-14T14:47:40.000Z,,Débutant accepté,,"Euro Communication Equipements est une structure basée à Nebias, active dans le secteur suggéré par son nom. Bien que les détails spécifiques sur ses activités ne soient pas précisés, l'entreprise semble être impliquée dans le domaine des équipements de communication. Je suis intéressé par une alternance en science des données et intelligence artificielle au sein de votre équipe.",
SPONT-communaute-de-communes-du-haut-minervois,Candidature spontanée - Alternance Data / Science des données,Communauté de Communes du Haut-Minervois,"11160, Peyriac-Minervois",Candidature spontanée,,,2026-09-14T14:47:40.000Z,,Débutant accepté,,"La Communauté de Communes du Haut-Minervois est une structure basée à Peyriac-Minervois. Bien que les détails spécifiques sur ses activités ne soient pas précisés, elle opère dans le secteur suggéré par son nom et son service. Cette organisation pourrait bénéficier de l'intégration de solutions en science des données et intelligence artificielle pour optimiser ses services.",
SPONT-centre-hospitalier-de-st-quentin,Candidature spontanée - Alternance Data / Science des données,Centre Hospitalier de St Quentin,"78190, Saint-Quentin",Candidature spontanée,,,2026-09-14T14:47:40.000Z,,Débutant accepté,,"Le Centre Hospitalier de St Quentin est une structure basée à Saint-Quentin, active dans le secteur de la santé. Bien que les détails sur ses services ne soient pas précisés, il est probable qu'il soit impliqué dans des activités liées aux soins et à l'assistance médicale. Je souhaite proposer mes compétences en science des données et intelligence artificielle pour contribuer à ses missions.",
SPONT-baroland,Candidature spontanée - Alternance Data / Science des données,BAROLAND,"66140, Canet en Roussillon",Candidature spontanée,,,2026-09-14T14:47:40.000Z,,Débutant accepté,,"BAROLAND est une structure basée à Canet en Roussillon, active dans le secteur suggéré par son nom/service. Bien que les détails spécifiques sur ses activités ne soient pas précisés, l'entreprise semble ouverte à des initiatives dans le domaine de la science des données et de l'intelligence artificielle. Je suis intéressé par une opportunité d'alternance pour contribuer à ses projets.",
SPONT-sdis-des-alpes-de-haute-provence,Candidature spontanée - Alternance Data / Science des données,SDIS des Alpes de Haute Provence,"4000, Digne",Candidature spontanée,,,2026-09-14T14:47:40.000Z,,Débutant accepté,,"Le SDIS des Alpes de Haute Provence est une structure basée à Digne, active dans le secteur suggéré par son nom/service. Bien que les détails spécifiques sur ses activités ne soient pas précisés, l'organisation est probablement impliquée dans des missions liées à la sécurité et à la gestion des urgences. Je suis intéressé par une alternance en science des données et intelligence artificielle au sein de cette structure.",
SPONT-mairie-desquilles,Candidature spontanée - Alternance Data / Science des données,Mairie dEsquilles,"13510, Esquilles",Candidature spontanée,,,2026-09-14T14:47:40.000Z,,Débutant accepté,,"La Mairie d'Esquilles est une structure basée à Esquilles, active dans le secteur public. Bien que les informations sur ses activités spécifiques ne soient pas précisées, elle est susceptible de s'engager dans des projets liés à la gestion des données et à l'intelligence artificielle. Je souhaite proposer mes compétences en science des données pour contribuer à ses initiatives.",
SPONT-cave-du-razes,Candidature spontanée - Alternance Data / Science des données,Cave du Razès,"11240, Belvèze du Razès",Candidature spontanée,,,2026-09-14T14:47:40.000Z,,Débutant accepté,,"Cave du Razès est une structure basée à Belvèze du Razès, active dans le secteur suggéré par son nom/service. Bien que les détails spécifiques sur ses activités ne soient pas précisés, l'entreprise semble évoluer dans un domaine lié à la production ou à la distribution de produits. Je suis intéressé par une alternance en science des données et intelligence artificielle au sein de votre équipe.",
SPONT-office-du-commerce-chaurien,Candidature spontanée - Alternance Data / Science des données,Office du commerce chaurien,Castelnaudar,Candidature spontanée,,,2026-09-14T14:47:40.000Z,,Débutant accepté,,"L'Office du commerce chaurien est une structure basée à Castelnaudar, active dans le secteur suggéré par son nom. Bien que les détails sur ses activités spécifiques ne soient pas précisés, elle semble jouer un rôle dans le développement économique local. Je suis intéressé par une alternance en science des données et intelligence artificielle au sein de votre organisation.",
SPONT-edf,Candidature spontanée - Alternance Data / Science des données,EDF,Toulous,Candidature spontanée,,,2026-09-14T14:47:40.000Z,,Débutant accepté,,"EDF est une structure basée à Toulous, active dans le secteur suggéré par son nom/service. L'entreprise est impliquée dans des activités liées à l'énergie, mais les détails spécifiques sur ses projets ou technologies ne sont pas précisés. Je suis intéressé par une alternance en science des données et intelligence artificielle au sein de votre équipe.",
SPONT-adelyce,Candidature spontanée - Alternance Data / Science des données,ADELYCE,Labèg,Candidature spontanée,,,2026-09-14T14:47:40.000Z,,Débutant accepté,,"ADELYCE est une structure basée à Labèg, active dans un secteur suggéré par son nom/service. Bien que les détails spécifiques sur ses activités ne soient pas précisés, l'entreprise semble évoluer dans un environnement propice à l'innovation et à l'analyse de données. Je suis intéressé par une opportunité d'alternance en science des données et intelligence artificielle au sein de votre équipe.",
SPONT-ming-go,Candidature spontanée - Alternance Data / Science des données,MING & GO,Perpigna,Candidature spontanée,,,2026-09-14T14:47:40.000Z,,Débutant accepté,,"MING & GO est une structure basée à Perpigna, dont le secteur d'activité n'est pas précisé. L'entreprise est située à la Résidence dauder de selva, bât 2, 11 rue du Petit St Christophe. Bien que les détails sur ses services ne soient pas disponibles, elle semble active dans un domaine lié à son nom.",
SPONT-mission-locale,Candidature spontanée - Alternance Data / Science des données,MISSION LOCALE,Carcassonn,Candidature spontanée,,,2026-09-14T14:47:40.000Z,,Débutant accepté,,"MISSION LOCALE est une structure basée à Carcassonne, active dans le secteur suggéré par son nom/service. Bien que les détails spécifiques sur ses activités ne soient pas précisés, elle semble œuvrer dans le domaine de l'accompagnement et de l'insertion. Je suis intéressé par une alternance en science des données et intelligence artificielle au sein de votre organisation.",
SPONT-mairie-carcassonne,Candidature spontanée - Alternance Data / Science des données,MAIRIE Carcassonne,Carcassonne cedex,Candidature spontanée,,,2026-09-14T14:47:40.000Z,,Débutant accepté,,"La Mairie de Carcassonne est une structure basée à Carcassonne cedex, active dans le secteur public. Bien que les informations sur ses services spécifiques ne soient pas précisées, elle joue un rôle important dans la gestion et le développement de la ville. Je suis intéressé par une alternance en science des données et intelligence artificielle au sein de cette institution.",
SPONT-sicoval,Candidature spontanée - Alternance Data / Science des données,SICOVAL,Labèg,Candidature spontanée,,,2026-09-14T14:47:40.000Z,,Débutant accepté,,"SICOVAL est une structure basée à Labèg, active dans le secteur suggéré par son nom/service. Bien que les détails spécifiques sur ses activités ne soient pas précisés, l'entreprise semble évoluer dans un environnement où la science des données et l'intelligence artificielle pourraient jouer un rôle significatif. Je suis intéressé par une alternance qui me permettrait de contribuer à ses projets tout en développant mes compétences dans ce domaine.",
SPONT-hubei-tri-ring-hotel,Candidature spontanée - Alternance Data / Science des données,HUBEI TRI-RING HOTEL,"Wuhan, Chin",Candidature spontanée,,,2026-09-14T14:47:40.000Z,,Débutant accepté,,"HUBEI TRI-RING HOTEL est une structure basée à Wuhan, Chin, dont le secteur d'activité semble être lié à l'hôtellerie, comme le suggère son nom. Bien que les informations spécifiques sur ses services ou projets ne soient pas disponibles, l'entreprise pourrait bénéficier de solutions en science des données et en intelligence artificielle pour optimiser ses opérations. Je suis intéressé par une alternance qui me permettrait de contribuer à cette dynamique.",
SPONT-sdis,Candidature spontanée - Alternance Data / Science des données,SDIS,Carcassonn,Candidature spontanée,,,2026-09-14T14:47:40.000Z,,Débutant accepté,,"SDIS est une structure basée à Carcassonn, active dans le secteur suggéré par son nom/service. Bien que les détails spécifiques sur ses activités ne soient pas fournis, l'entreprise semble être impliquée dans des domaines liés à la sécurité et à la gestion des urgences. Je suis intéressé par une alternance en science des données et intelligence artificielle au sein de votre organisation.",
SPONT-faol,Candidature spontanée - Alternance Data / Science des données,FAOL,Carcassonn,Candidature spontanée,,,2026-09-14T14:47:40.000Z,,Débutant accepté,,"FAOL est une structure basée à Carcassonn, active dans le secteur suggéré par son nom/service. Bien que les détails spécifiques sur ses activités ne soient pas précisés, l'entreprise semble être impliquée dans des domaines liés à la science des données et à l'intelligence artificielle. Je suis intéressé par une opportunité d'alternance au sein de votre équipe.",
SPONT-centre-de-gestion,Candidature spontanée - Alternance Data / Science des données,Centre de Gestion,Carcassonn,Candidature spontanée,,,2026-09-14T14:47:40.000Z,,Débutant accepté,,"Le Centre de Gestion est une structure basée à Carcassonne, active dans le secteur suggéré par son nom. Bien que les détails spécifiques sur ses activités ne soient pas précisés, il est probable qu'elle soit impliquée dans la gestion de données ou de services associés. Je suis intéressé par une alternance en science des données et intelligence artificielle au sein de votre organisation.",
SPONT-sanofi-aventis-recherche-et-developpemen,Candidature spontanée - Alternance Data / Science des données,SANOFI AVENTIS Recherche et Développement,Toulouse,Candidature spontanée,,,2026-09-14T14:47:40.000Z,,Débutant accepté,,"SANOFI AVENTIS Recherche et Développement est une structure basée à Toulouse, active dans le secteur suggéré par son nom/service. Bien que les détails spécifiques sur ses activités ne soient pas précisés, l'entreprise semble s'inscrire dans le domaine de la recherche et du développement. Je suis intéressé par une alternance en science des données et intelligence artificielle au sein de votre équipe.",
SPONT-axa-assurances,Candidature spontanée - Alternance Data / Science des données,AXA Assurances,Beaumont de Louynague,Candidature spontanée,,,2026-09-14T14:47:40.000Z,,Débutant accepté,,"AXA Assurances est une structure basée à Beaumont de Louynague, active dans le secteur suggéré par son nom. Bien que les détails spécifiques sur ses services ne soient pas précisés, l'entreprise est impliquée dans le domaine des assurances. Je suis intéressé par une alternance en science des données et intelligence artificielle au sein de votre équipe.",
SPONT-grdf,Candidature spontanée - Alternance Data / Science des données,GRDF,ILLZAC,Candidature spontanée,,,2026-09-14T14:47:40.000Z,,Débutant accepté,,"GRDF est une structure basée à ILLZAC, active dans le secteur suggéré par son nom/service. Bien que les détails spécifiques sur ses activités ne soient pas précisés, l'entreprise semble évoluer dans un domaine lié à la gestion des ressources ou des services. Je suis intéressé par une alternance en science des données et intelligence artificielle au sein de votre équipe.",
SPONT-france-telecom,Candidature spontanée - Alternance Data / Science des données,France Telecom,TOULOUS,Candidature spontanée,,,2026-09-14T14:47:40.000Z,,Débutant accepté,,"France Telecom est une structure basée à TOULOUS, active dans le secteur suggéré par son nom. Bien que les détails spécifiques sur ses activités ne soient pas précisés, l'entreprise semble évoluer dans un domaine lié aux télécommunications. Je suis intéressé par une opportunité d'alternance en science des données et intelligence artificielle au sein de votre équipe.",
SPONT-resedia,Candidature spontanée - Alternance Data / Science des données,RESEDIA,PANTI,Candidature spontanée,,,2026-09-14T14:47:40.000Z,,Débutant accepté,,"RESEDIA est une structure basée à PANTI, active dans un secteur suggéré par son nom/service. Bien que les détails spécifiques sur ses activités ne soient pas précisés, l'entreprise semble ouverte à des initiatives dans le domaine de la science des données et de l'intelligence artificielle. Je suis intéressé par une alternance qui pourrait contribuer à ses projets futurs.",
SPONT-mairie-de-fonsorbes,Candidature spontanée - Alternance Data / Science des données,Mairie de FONSORBES,FONSORBE,Candidature spontanée,,,2026-09-14T14:47:40.000Z,,Débutant accepté,,"La Mairie de FONSORBES est une structure basée à FONSORBE, active dans le secteur public. Bien que les informations sur ses services spécifiques ne soient pas précisées, elle joue un rôle dans la gestion et le développement de la commune. Je suis intéressé par une alternance en science des données et intelligence artificielle au sein de cette institution.",
SPONT-aeroport-carcassonne,Candidature spontanée - Alternance Data / Science des données,Aéroport Carcassonne,CARCASSONN,Candidature spontanée,,,2026-09-14T14:47:40.000Z,,Débutant accepté,,"L'Aéroport Carcassonne est une structure basée à CARCASSONN, active dans le secteur du transport aérien. Bien que les détails spécifiques sur ses activités ne soient pas fournis, l'aéroport joue un rôle essentiel dans la connectivité régionale. Je suis intéressé par une alternance en science des données et intelligence artificielle au sein de votre établissement.",
SPONT-prefecture-de-l-aude,Candidature spontanée - Alternance Data / Science des données,Préfecture de l Aude,CARCASSONNE,Candidature spontanée,,,2026-09-14T14:47:40.000Z,,Débutant accepté,,"La Préfecture de l Aude est une structure basée à Carcassonne, active dans le secteur public. Bien que les informations sur ses services ne soient pas précisées, elle joue un rôle important dans l'administration locale. Je suis intéressé par une alternance en science des données et intelligence artificielle au sein de votre organisation.",
SPONT-bibliotheque-departementale-de-laude,Candidature spontanée - Alternance Data / Science des données,BIBLIOTHEQUE DEPARTEMENTALE DE LAUDE,CARCASSONN,Candidature spontanée,,,2026-09-14T14:47:40.000Z,,Débutant accepté,,"La Bibliothèque Départementale de l'Aude est une structure basée à Carcassonne, active dans le secteur suggéré par son nom. Bien que les informations sur ses services ne soient pas précisées, elle joue probablement un rôle dans la gestion et la diffusion de l'information au sein de la région. Je suis intéressé par une alternance en science des données et intelligence artificielle au sein de votre établissement.",
SPONT-sabena-technics,Candidature spontanée - Alternance Data / Science des données,SABENA TECHNICS,GARON,Candidature spontanée,,,2026-09-14T14:47:40.000Z,,Débutant accepté,,"SABENA TECHNICS est une structure basée à GARON, active dans le secteur suggéré par son nom/service. Bien que les détails spécifiques sur ses activités ne soient pas fournis, l'entreprise semble évoluer dans un environnement lié à l'aviation ou à la technologie. Je suis intéressé par une alternance en science des données et intelligence artificielle au sein de votre équipe.",
SPONT-sncf-direction-regionale,Candidature spontanée - Alternance Data / Science des données,SNCF Direction régionale,TOULOUSE Cedex,Candidature spontanée,,,2026-09-14T14:47:40.000Z,,Débutant accepté,,"La SNCF Direction régionale est une structure basée à TOULOUSE Cedex, active dans le secteur suggéré par son nom. Bien que les détails spécifiques sur ses activités ne soient pas précisés, elle est impliquée dans des services liés au transport et à la mobilité. Je suis intéressé par une alternance en science des données et intelligence artificielle au sein de cette entreprise.",
SPONT-la-poste,Candidature spontanée - Alternance Data / Science des données,LA POSTE,St Quentin en Yvelines,Candidature spontanée,,,2026-09-14T14:47:40.000Z,,Débutant accepté,,"LA POSTE est une structure basée à St Quentin en Yvelines, active dans le secteur suggéré par son nom. Bien que les informations sur ses services ne soient pas précisées, l'entreprise est probablement impliquée dans des activités liées à la logistique et à la communication. Je suis intéressé par une alternance en science des données et intelligence artificielle au sein de votre organisation.",
SPONT-sas,Candidature spontanée - Alternance Data / Science des données,SAS,OUAGADOUGO,Candidature spontanée,,,2026-09-14T14:47:40.000Z,,Débutant accepté,,"SAS est une structure basée à OUAGADOUGO. Les informations disponibles sur ses activités et son secteur d'intervention ne sont pas précisées. Cependant, l'entreprise semble être active dans un domaine lié à la science des données et à l'intelligence artificielle, suggéré par le contexte de la candidature.",
SPONT-conseil-general-de-gironde,Candidature spontanée - Alternance Data / Science des données,Conseil général de Gironde,Bordeaux,Candidature spontanée,,,2026-09-14T14:47:40.000Z,,Débutant accepté,,"Le Conseil général de Gironde est une structure basée à Bordeaux, active dans le secteur public. Bien que les détails spécifiques sur ses services ne soient pas précisés, l'organisation joue un rôle dans la gestion et le développement de la région. Je suis intéressé par une alternance en science des données et intelligence artificielle au sein de cette institution.",
SPONT-mairie-de-beziers,Candidature spontanée - Alternance Data / Science des données,MAIRIE DE BEZIERS,BEZIER,Candidature spontanée,,,2026-09-14T14:47:40.000Z,,Débutant accepté,,"La Mairie de Béziers est une structure basée à Béziers, active dans le secteur public. Bien que les services spécifiques ne soient pas précisés, elle joue un rôle essentiel dans la gestion et l'administration de la ville. Je suis intéressé par une alternance en science des données et intelligence artificielle au sein de cette institution.",
SPONT-centre-de-recherche-sur-la-cognition-ani,Candidature spontanée - Alternance Data / Science des données,Centre de recherche sur la cognition animale,TOULOUSE,Candidature spontanée,,,2026-09-14T14:47:40.000Z,,Débutant accepté,,"Le Centre de recherche sur la cognition animale est une structure basée à Toulouse, active dans le secteur suggéré par son nom. Bien que les détails spécifiques sur ses activités ne soient pas fournis, il est probable qu'elle s'intéresse à l'étude des processus cognitifs chez les animaux. Je suis intéressé par une alternance en science des données et intelligence artificielle au sein de votre équipe.",
SPONT-vertical-soft,Candidature spontanée - Alternance Data / Science des données,Vertical SOFT,CARCASSONN,Candidature spontanée,,,2026-09-14T14:47:40.000Z,,Débutant accepté,,"Vertical SOFT est une structure basée à CARCASSONN, active dans le secteur suggéré par son nom/service. Bien que les détails spécifiques sur ses activités ne soient pas précisés, l'entreprise semble évoluer dans un environnement lié aux technologies et à l'innovation. Je suis intéressé par une opportunité d'alternance en science des données et intelligence artificielle au sein de votre équipe.",
SPONT-sph-gerard-bertrand,Candidature spontanée - Alternance Data / Science des données,SPH-GERARD BERTRAND,"11100, NARBONNE",Candidature spontanée,,,2026-09-14T15:55:59.000Z,,Débutant accepté,,"SPH-GERARD BERTRAND est une structure basée à Narbonne, active dans le secteur suggéré par son nom/service. Bien que les détails spécifiques sur ses activités ne soient pas précisés, l'entreprise semble avoir un intérêt pour des domaines liés à la science des données et à l'intelligence artificielle. Je suis motivé à contribuer à ses projets et à développer mes compétences dans ce domaine.",
SPONT-arcelormittal-centres-de-services,Candidature spontanée - Alternance Data / Science des données,ARCELORMITTAL CENTRES DE SERVICES,"51100, REIMS",Candidature spontanée,,,2026-09-14T15:55:59.000Z,,Débutant accepté,,"ARCELORMITTAL CENTRES DE SERVICES est une structure basée à REIMS, active dans le secteur suggéré par son nom. Bien que les détails spécifiques sur ses activités ne soient pas précisés, l'entreprise semble évoluer dans un environnement lié à l'industrie. Je suis intéressé par une alternance en science des données et intelligence artificielle au sein de votre équipe.",
SPONT-watt-co-ingenierie,Candidature spontanée - Alternance Data / Science des données,WATT & CO INGENIERIE,"81200, MAZAMET",Candidature spontanée,,,2026-09-14T15:55:59.000Z,,Débutant accepté,,"WATT & CO INGENIERIE est une structure basée à MAZAMET, active dans le secteur suggéré par son nom/service. Bien que les détails spécifiques sur ses activités ne soient pas précisés, l'entreprise semble évoluer dans un domaine lié à l'ingénierie. Je suis intéressé par une alternance en science des données et intelligence artificielle au sein de votre équipe.",
SPONT-owliance-services-informatiques,Candidature spontanée - Alternance Data / Science des données,Owliance Services Informatiques,"31600, MURET",Candidature spontanée,,,2026-09-14T15:55:59.000Z,,Débutant accepté,,"Owliance Services Informatiques est une structure basée à MURET, active dans le secteur des services informatiques. Bien que les détails spécifiques sur ses activités ne soient pas précisés, l'entreprise semble être impliquée dans des domaines liés à la technologie et à l'informatique. Je suis intéressé par une alternance en science des données et intelligence artificielle au sein de votre équipe.",
SPONT-ministere-de-la-sante-et-prevention,Candidature spontanée - Alternance Data / Science des données,MINISTERE DE LA SANTE ET PREVENTION,"75015, PARIS 15",Candidature spontanée,,,2026-09-14T15:55:59.000Z,,Débutant accepté,,"Le MINISTERE DE LA SANTE ET PREVENTION est une structure basée à PARIS 15, active dans le secteur de la santé et de la prévention. Bien que les détails spécifiques sur ses activités ne soient pas précisés, son nom suggère un engagement envers des initiatives liées à la santé publique. Je souhaite contribuer à ses missions à travers une alternance en science des données et intelligence artificielle.",
SPONT-bpce-assurances-iard,Candidature spontanée - Alternance Data / Science des données,BPCE ASSURANCES IARD,"33700, MERIGNAC",Candidature spontanée,,,2026-09-14T15:55:59.000Z,,Débutant accepté,,"BPCE ASSURANCES IARD est une structure basée à Mérignac, active dans le secteur de l'assurance, comme le suggère son nom. Bien que les détails spécifiques sur ses activités ne soient pas fournis, l'entreprise semble évoluer dans un environnement lié à la gestion des risques et à la protection des biens. Je suis intéressé par une alternance en science des données et intelligence artificielle au sein de votre équipe.",
SPONT-onf-toulouse,Candidature spontanée - Alternance Data / Science des données,ONF TOULOUSE,"31000, TOULOUSE",Candidature spontanée,,,2026-09-14T15:55:59.000Z,,Débutant accepté,,"ONF TOULOUSE est une structure basée à Toulouse, active dans le secteur suggéré par son nom/service. Bien que les détails spécifiques sur ses activités ne soient pas fournis, l'entreprise semble s'inscrire dans un domaine lié à la gestion ou à l'analyse de données. Je suis intéressé par une opportunité d'alternance en science des données et intelligence artificielle au sein de votre équipe.",
SPONT-conseil-departemental-de-l-herault,Candidature spontanée - Alternance Data / Science des données,CONSEIL DEPARTEMENTAL DE L'HERAULT,"34070, MONTPELLIER",Candidature spontanée,,,2026-09-14T15:55:59.000Z,,Débutant accepté,,"Le Conseil Départemental de l'Hérault est une structure basée à Montpellier, active dans le secteur public. Bien que les informations sur ses services ne soient pas précisées, il est probable qu'il soit impliqué dans des initiatives liées à la gestion des données et à l'amélioration des services aux citoyens. Je suis intéressé par une alternance en science des données et intelligence artificielle au sein de cette institution.",
SPONT-mairie-de-perpignan,Candidature spontanée - Alternance Data / Science des données,MAIRIE DE PERPIGNAN,"66100, PERPIGNAN",Candidature spontanée,,,2026-09-14T15:55:59.000Z,,Débutant accepté,,"La Mairie de Perpignan est une structure basée à Perpignan, active dans le secteur public. Bien que les informations sur ses services spécifiques ne soient pas précisées, elle joue un rôle essentiel dans la gestion de la ville et des services municipaux. Je souhaite proposer mes compétences en science des données et intelligence artificielle pour contribuer à ses projets.",
SPONT-brl-ingenierie,Candidature spontanée - Alternance Data / Science des données,BRL INGÉNIERIE,"30900, NIMES",Candidature spontanée,,,2026-09-14T15:55:59.000Z,,Débutant accepté,,"BRL INGÉNIERIE est une structure basée à NIMES, active dans le secteur suggéré par son nom/service. Bien que les détails spécifiques sur ses activités ne soient pas précisés, l'entreprise semble évoluer dans un domaine lié à l'ingénierie. Je suis intéressé par une alternance en science des données et intelligence artificielle au sein de votre équipe.",
SPONT-credit-agricole-sud-mediterranee,Candidature spontanée - Alternance Data / Science des données,CREDIT AGRICOLE SUD MEDITERRANEE,"66100, PERPIGNAN",Candidature spontanée,,,2026-09-14T15:55:59.000Z,,Débutant accepté,,"CREDIT AGRICOLE SUD MEDITERRANEE est une structure basée à PERPIGNAN, active dans le secteur bancaire. Bien que les détails spécifiques sur ses services ne soient pas précisés, elle est impliquée dans des activités liées à la finance et à la gestion des données. Je suis intéressé par une alternance en science des données et intelligence artificielle au sein de votre entreprise.",
SPONT-airbus-operations-sas-toulouse,Candidature spontanée - Alternance Data / Science des données,AIRBUS OPERATIONS SAS TOULOUSE,"31000, TOULOUSE",Candidature spontanée,,,2026-09-14T15:55:59.000Z,,Débutant accepté,,"AIRBUS OPERATIONS SAS TOULOUSE est une structure basée à Toulouse, active dans le secteur suggéré par son nom. Bien que les informations sur le service concerné ne soient pas précisées, l'entreprise est reconnue pour son implication dans l'industrie aéronautique. Je suis intéressé par une alternance en science des données et intelligence artificielle au sein de votre équipe.",
SPONT-dotic,Candidature spontanée - Alternance Data / Science des données,DOTIC,"33300, BORDEAUX",Candidature spontanée,,,2026-09-14T15:55:59.000Z,,Débutant accepté,,"DOTIC est une structure basée à Bordeaux, active dans le secteur suggéré par son nom/service. Bien que les détails spécifiques sur ses activités ne soient pas précisés, l'entreprise semble s'inscrire dans un domaine lié aux technologies de l'information. Je suis intéressé par une alternance en science des données et intelligence artificielle au sein de votre équipe.",
SPONT-sdis-11,Candidature spontanée - Alternance Data / Science des données,SDIS 11,"11000, CARCASSONNE",Candidature spontanée,,,2026-09-14T15:55:59.000Z,,Débutant accepté,,"SDIS 11 est une structure basée à Carcassonne, active dans le secteur suggéré par son nom/service. Bien que les détails spécifiques sur ses activités ne soient pas fournis, l'organisation semble être impliquée dans des missions liées à la sécurité et à la gestion des urgences. Je suis intéressé par une alternance en science des données et intelligence artificielle au sein de votre équipe.",
SPONT-departement-isere,Candidature spontanée - Alternance Data / Science des données,DEPARTEMENT ISERE,"38000, GRENOBLE",Candidature spontanée,,,2026-09-14T15:55:59.000Z,,Débutant accepté,,"Le DEPARTEMENT ISERE est une structure basée à GRENOBLE, active dans le secteur suggéré par son nom. Bien que les détails spécifiques sur ses activités ne soient pas précisés, l'entreprise semble avoir un lien avec des services publics ou administratifs. Je suis intéressé par une alternance en science des données et intelligence artificielle au sein de cette organisation.",
SPONT-caisse-allocations-familiales-yvelines,Candidature spontanée - Alternance Data / Science des données,CAISSE ALLOCATIONS FAMILIALES YVELINES,"78000, VERSAILLES",Candidature spontanée,,,2026-09-14T15:55:59.000Z,,Débutant accepté,,"La Caisse Allocations Familiales Yvelines est une structure basée à Versailles, active dans le secteur des allocations familiales. Bien que les détails spécifiques sur ses services ne soient pas précisés, elle semble jouer un rôle important dans le soutien aux familles. Je suis intéressé par une alternance en science des données et intelligence artificielle au sein de cette organisation.",
SPONT-creuzet-aeronautique,Candidature spontanée - Alternance Data / Science des données,CREUZET AERONAUTIQUE,"47200, MARMANDE",Candidature spontanée,,,2026-09-14T15:55:59.000Z,,Débutant accepté,,"CREUZET AERONAUTIQUE est une structure basée à MARMANDE, active dans le secteur suggéré par son nom. Bien que les détails spécifiques sur ses activités ne soient pas précisés, l'entreprise semble évoluer dans un domaine lié à l'aéronautique. Je suis intéressé par une alternance en science des données et intelligence artificielle au sein de votre équipe.",
SPONT-departement-des-po,Candidature spontanée - Alternance Data / Science des données,DEPARTEMENT DES PO,"66100, PERPIGNAN",Candidature spontanée,,,2026-09-14T15:55:59.000Z,,Débutant accepté,,"Le DEPARTEMENT DES PO est une structure basée à PERPIGNAN. Bien que les détails concernant son service historique ne soient pas précisés, l'entreprise semble active dans un secteur lié à son nom. Je suis intéressé par une alternance en science des données et intelligence artificielle au sein de votre organisation.",
SPONT-veolia-eau-cge,Candidature spontanée - Alternance Data / Science des données,VEOLIA EAU - CGE,"34070, MONTPELLIER",Candidature spontanée,,,2026-09-14T15:55:59.000Z,,Débutant accepté,,"VEOLIA EAU - CGE est une structure basée à Montpellier, active dans le secteur suggéré par son nom/service. Bien que les détails spécifiques sur ses activités ne soient pas précisés, l'entreprise semble être impliquée dans le domaine de l'eau et des services associés. Je suis intéressé par une alternance en science des données et intelligence artificielle au sein de votre équipe.",
SPONT-societe-du-bassin-d-arcachon-assainissem,Candidature spontanée - Alternance Data / Science des données,SOCIETE DU BASSIN D'ARCACHON ASSAINISSEMENT ET PAR ABREVIATION SB2A,"33380, BIGANOS",Candidature spontanée,,,2026-09-14T15:55:59.000Z,,Débutant accepté,,"La SOCIETE DU BASSIN D'ARCACHON ASSAINISSEMENT, abrégée SB2A, est une structure basée à BIGANOS, active dans le secteur suggéré par son nom. Bien que les détails spécifiques sur ses activités ne soient pas précisés, elle semble être engagée dans des services liés à l'assainissement. Je suis intéressé par une alternance en science des données et intelligence artificielle au sein de cette entreprise.",
SPONT-st-microelectronics-crolles-2-sas,Candidature spontanée - Alternance Data / Science des données,ST MICROELECTRONICS (CROLLES 2) SAS,"38920, CROLLES",Candidature spontanée,,,2026-09-14T15:55:59.000Z,,Débutant accepté,,"ST MICROELECTRONICS (CROLLES 2) SAS est une structure basée à CROLLES, active dans le secteur suggéré par son nom/service. Bien que les détails spécifiques sur les activités de l'entreprise ne soient pas fournis, elle semble évoluer dans un environnement technologique. Je suis intéressé par une alternance en science des données et intelligence artificielle au sein de votre entreprise.",
SPONT-suez-eau-france,Candidature spontanée - Alternance Data / Science des données,SUEZ EAU FRANCE,"34340, MARSEILLAN",Candidature spontanée,,,2026-09-14T15:55:59.000Z,,Débutant accepté,,"SUEZ EAU FRANCE est une structure basée à MARSEILLAN, active dans le secteur suggéré par son nom/service. Bien que les détails spécifiques sur ses activités ne soient pas précisés, l'entreprise semble être impliquée dans des domaines liés à l'eau et à la gestion des ressources. Je suis intéressé par une alternance en science des données et intelligence artificielle au sein de votre organisation.",
SPONT-toulouse-metropole,Candidature spontanée - Alternance Data / Science des données,TOULOUSE MÉTROPOLE,"31500, TOULOUSE",Candidature spontanée,,,2026-09-14T15:55:59.000Z,,Débutant accepté,,"Toulouse Métropole est une structure basée à Toulouse, active dans le secteur suggéré par son nom/service. Bien que les détails spécifiques sur ses activités ne soient pas précisés, l'organisation semble jouer un rôle dans le développement et la gestion de la métropole. Je suis intéressé par une alternance en science des données et intelligence artificielle au sein de cette entité.",
SPONT-gifi,Candidature spontanée - Alternance Data / Science des données,GIFI,"47300, VILLENEUVE SUR LOT",Candidature spontanée,,,2026-09-14T15:55:59.000Z,,Débutant accepté,,"GIFI est une structure basée à VILLENEUVE SUR LOT, active dans le secteur suggéré par son nom/service. Bien que les détails spécifiques sur ses activités ne soient pas précisés, l'entreprise semble évoluer dans un domaine lié à la distribution ou au commerce. Je suis intéressé par une alternance en science des données et intelligence artificielle au sein de votre équipe.",
SPONT-renault-sas,Candidature spontanée - Alternance Data / Science des données,RENAULT SAS,"92350, LE PLESSIS ROBINSON",Candidature spontanée,,,2026-09-14T15:55:59.000Z,,Débutant accepté,,"RENAULT SAS est une structure basée à LE PLESSIS ROBINSON, active dans le secteur suggéré par son nom/service. Bien que les détails spécifiques sur ses activités ne soient pas précisés, l'entreprise est reconnue dans le domaine de l'automobile. Je suis intéressé par une alternance en science des données et intelligence artificielle au sein de votre équipe.",
SPONT-assurance-maladie,Candidature spontanée - Alternance Data / Science des données,Assurance maladie,"11000, CARCASSONNE",Candidature spontanée,,,2026-09-14T15:55:59.000Z,,Débutant accepté,,"Structure basée à CARCASSONNE, active dans le secteur suggéré par son nom/service. Bien que les détails spécifiques sur les activités de l'entreprise ne soient pas disponibles, elle semble jouer un rôle important dans le domaine de l'assurance maladie. Je suis intéressé par une alternance en science des données et intelligence artificielle au sein de votre équipe.",
SPONT-conseil-departemental-de-l-aude,Candidature spontanée - Alternance Data / Science des données,CONSEIL DEPARTEMENTAL DE L'AUDE,,Candidature spontanée,,,2026-09-14T15:55:59.000Z,,Débutant accepté,,"Le Conseil Départemental de l'Aude est une structure basée à Carcassonne, active dans le secteur public. Bien que les informations sur ses activités spécifiques ne soient pas précisées, il est probable qu'il s'engage dans des projets liés à la gestion des services départementaux. Je souhaite proposer ma candidature pour une alternance en science des données et intelligence artificielle au sein de cette institution.",
SPONT-carcassonne-agglo,Candidature spontanée - Alternance Data / Science des données,CARCASSONNE AGGLO,,Candidature spontanée,,,2026-09-14T15:55:59.000Z,,Débutant accepté,,"CARCASSONNE AGGLO est une structure basée à Carcassonne, active dans le secteur suggéré par son nom/service. Bien que les détails spécifiques sur ses activités ne soient pas précisés, l'entreprise semble jouer un rôle dans le développement et la gestion de l'agglomération. Je suis intéressé par une alternance en science des données et intelligence artificielle au sein de votre organisation.",
SPONT-cnrs-delegation-occitanie-est,Candidature spontanée - Alternance Data / Science des données,"CNRS, DELEGATION OCCITANIE EST",,Candidature spontanée,,,2026-09-14T15:55:59.000Z,,Débutant accepté,,"Le CNRS, Délégation Occitanie Est, est une structure basée à Montpellier, active dans le secteur de la recherche scientifique. Bien que les détails spécifiques sur ses activités ne soient pas précisés, le CNRS est généralement impliqué dans des projets de recherche et d'innovation. Je suis intéressé par une alternance en science des données et intelligence artificielle au sein de cette institution.",
SPONT-departement-de-l-aude,Candidature spontanée - Alternance Data / Science des données,DEPARTEMENT DE L'AUDE,,Candidature spontanée,,,2026-09-14T15:55:59.000Z,,Débutant accepté,,"Le Département de l'Aude est une structure basée à Carcassonne, active dans le secteur suggéré par son nom. Bien que les informations sur les services spécifiques ne soient pas précisées, il est probable qu'elle soit impliquée dans des activités liées à la gestion et au développement local. Je suis intéressé par une alternance en science des données et intelligence artificielle au sein de cette institution.",
SPONT-cnrs,Candidature spontanée - Alternance Data / Science des données,CNRS,,Candidature spontanée,,,2026-09-14T15:55:59.000Z,,Débutant accepté,,"Le CNRS est une structure basée à Montpellier, active dans le secteur de la recherche. Bien que le service concerné ne soit pas précisé, le CNRS est généralement impliqué dans des projets scientifiques variés. Cette candidature vise à explorer des opportunités d'alternance en science des données et intelligence artificielle au sein de cette institution.",
SPONT-hitech,Candidature spontanée - Alternance Data / Science des données,HITECH,,Candidature spontanée,,,2026-09-14T15:55:59.000Z,,Débutant accepté,,"HITECH est une structure basée à Toulouse, active dans le secteur suggéré par son nom/service. Bien que les détails spécifiques sur ses activités ne soient pas précisés, l'entreprise semble s'orienter vers des domaines liés à la technologie et à l'innovation. Je suis intéressé par une alternance en science des données et intelligence artificielle au sein de votre équipe.",
SPONT-direction-regionale-finances-publiques-i,Candidature spontanée - Alternance Data / Science des données,DIRECTION REGIONALE FINANCES PUBLIQUES ILE DE FRANCE ET PARIS,,Candidature spontanée,,,2026-09-14T15:55:59.000Z,,Débutant accepté,,"La Direction Régionale Finances Publiques Île-de-France et Paris est une structure basée à Paris, active dans le secteur des finances publiques. Bien que les détails spécifiques sur ses activités ne soient pas précisés, elle semble jouer un rôle dans la gestion des finances au niveau régional. Cette candidature vise à explorer des opportunités d'alternance dans le domaine de la science des données et de l'intelligence artificielle au sein de cette institution.",
SPONT-studec,Candidature spontanée - Alternance Data / Science des données,STUDEC,,Candidature spontanée,,,2026-09-14T15:55:59.000Z,,Débutant accepté,,"STUDEC est une structure basée à Blagnac, active dans le secteur suggéré par son nom/service. Bien que les détails spécifiques sur ses activités ne soient pas précisés, l'entreprise semble évoluer dans un domaine lié à la science des données et à l'intelligence artificielle. Je suis intéressé par une opportunité d'alternance pour contribuer à ses projets et développer mes compétences dans ce domaine.",
SPONT-office-national-des-forets-o-n-f,Candidature spontanée - Alternance Data / Science des données,OFFICE NATIONAL DES FORETS O.N.F,,Candidature spontanée,,,2026-09-14T15:55:59.000Z,,Débutant accepté,,"L'OFFICE NATIONAL DES FORETS (O.N.F) est une structure active dans le secteur suggéré par son nom, impliquée dans la gestion des forêts. Située à Maison Alfort Cedex, l'entreprise joue un rôle dans la préservation et la valorisation des ressources forestières. Je suis intéressé par une alternance en science des données et intelligence artificielle au sein de votre organisation.",
SPONT-team-endavant,Candidature spontanée - Alternance Data / Science des données,TEAM ENDAVANT,,Candidature spontanée,,,2026-09-14T15:55:59.000Z,,Débutant accepté,,"TEAM ENDAVANT est une structure basée à Saint Jean de Vedas, active dans le secteur suggéré par son nom/service. Bien que les détails spécifiques sur ses activités ne soient pas précisés, l'entreprise semble s'intéresser aux domaines liés à la science des données et à l'intelligence artificielle. Je suis convaincu que mes compétences pourraient contribuer à ses projets futurs.",
SPONT-conseil-general-de-l-ariege,Candidature spontanée - Alternance Data / Science des données,CONSEIL GENERAL DE L'ARIEGE,,Candidature spontanée,,,2026-09-14T15:55:59.000Z,,Débutant accepté,,"Le Conseil Général de l'Ariège est une structure basée à Foix, active dans le secteur suggéré par son nom. Bien que les informations sur ses services spécifiques ne soient pas précisées, il est probable qu'il soit impliqué dans des activités liées à la gestion et au développement local. Je suis intéressé par une alternance en science des données et intelligence artificielle au sein de cette institution.",
SPONT-kfc-carcassonne,Candidature spontanée - Alternance Data / Science des données,KFC Carcassonne,"11000, CARCASSONNE",Candidature spontanée,,,2026-09-14T15:55:59.000Z,,Débutant accepté,,"KFC Carcassonne est une structure basée à Carcassonne, active dans le secteur de la restauration rapide, plus précisément dans le service KFC. L'entreprise est située à FERRAUDIERE et se concentre sur la fourniture de produits alimentaires. Bien qu'aucun extrait de site web ne soit disponible, elle semble s'inscrire dans un environnement dynamique et en constante évolution.",
SPONT-societe-experalya,Candidature spontanée - Alternance Data / Science des données,SOCIETE EXPERALYA,,Candidature spontanée,,,2026-09-14T15:55:59.000Z,,Débutant accepté,,"SOCIETE EXPERALYA est une structure basée à Pontault-Combault, active dans le secteur suggéré par son nom/service. Bien que les détails spécifiques sur ses activités ne soient pas précisés, elle semble évoluer dans un domaine lié à la science des données et à l'intelligence artificielle. Je suis intéressé par une alternance au sein de votre entreprise pour contribuer à vos projets et développer mes compétences.",
SPONT-optionway,Candidature spontanée - Alternance Data / Science des données,OPTIONWAY,,Candidature spontanée,,,2026-09-14T15:55:59.000Z,,Débutant accepté,,"OPTIONWAY est une structure basée à Mougins, active dans le secteur suggéré par son nom/service. Bien que les détails spécifiques sur ses activités ne soient pas précisés, l'entreprise semble évoluer dans un domaine lié à la science des données ou à l'intelligence artificielle. Je suis intéressé par une opportunité d'alternance au sein de votre équipe.",
SPONT-touali-digital-agency,Candidature spontanée - Alternance Data / Science des données,TOUALI DIGITAL AGENCY,,Candidature spontanée,,,2026-09-14T15:55:59.000Z,,Débutant accepté,,"TOUALI DIGITAL AGENCY est une structure basée à Boissy St Léger, active dans le secteur suggéré par son nom. Bien que les détails sur ses services ne soient pas précisés, l'agence semble évoluer dans un environnement numérique. Je suis intéressé par une alternance en science des données et intelligence artificielle au sein de votre entreprise.",
SPONT-universite-de-perpignan-via-domitia,Candidature spontanée - Alternance Data / Science des données,UNIVERSITE DE PERPIGNAN VIA DOMITIA,"66860, PERPIGNAN",Candidature spontanée,,,2026-09-14T15:55:59.000Z,,Débutant accepté,,"L'Université de Perpignan Via Domitia est une structure basée à Perpignan, active dans le secteur de l'enseignement supérieur et de la recherche. Le laboratoire LAMPS (Laboratoire de Modélisation Pluridisciplinaire et Simulations) est un service concerné par des activités de modélisation et de simulation. Cette institution pourrait offrir un cadre propice pour développer des compétences en science des données et en intelligence artificielle.",
SPONT-institut-de-formation-en-soins-infirmier,Candidature spontanée - Alternance Data / Science des données,INSTITUT DE FORMATION EN SOINS INFIRMIERS,,Candidature spontanée,,,2026-09-14T15:55:59.000Z,,Débutant accepté,,"L'Institut de Formation en Soins Infirmiers est une structure basée à Carcassonne, active dans le secteur de la formation en soins infirmiers. Bien que les détails sur ses services ne soient pas précisés, l'institut semble jouer un rôle important dans l'éducation et la préparation des professionnels de la santé. Je suis intéressé par une alternance en science des données et intelligence artificielle au sein de votre établissement.",
SPONT-communaute-de-communes-la-domitienne,Candidature spontanée - Alternance Data / Science des données,COMMUNAUTE DE COMMUNES LA DOMITIENNE,,Candidature spontanée,,,2026-09-14T15:55:59.000Z,,Débutant accepté,,"La Communauté de Communes La Domitienne est une structure basée à Maureilhan, active dans le secteur suggéré par son nom/service. Bien que les détails spécifiques sur ses activités ne soient pas précisés, elle semble jouer un rôle dans la gestion et le développement local. Je suis intéressé par une alternance en science des données et intelligence artificielle au sein de votre organisation.",
SPONT-mairie-de-carcassonne,Candidature spontanée - Alternance Data / Science des données,MAIRIE DE CARCASSONNE,,Candidature spontanée,,,2026-09-14T15:55:59.000Z,,Débutant accepté,,"La Mairie de Carcassonne est une structure active dans le secteur public, impliquée dans la gestion et le développement de la ville de Carcassonne. Bien que les services spécifiques ne soient pas précisés, elle joue un rôle essentiel dans la vie locale et le bien-être des citoyens. Je suis intéressé par une alternance en science des données et intelligence artificielle au sein de cette institution.",
SPONT-ecole-nationale-de-l-aviation-civile,Candidature spontanée - Alternance Data / Science des données,ECOLE NATIONALE DE L'AVIATION CIVILE,,Candidature spontanée,,,2026-09-14T15:55:59.000Z,,Débutant accepté,,"L'ECOLE NATIONALE DE L'AVIATION CIVILE est une structure basée à Toulouse, active dans le secteur de l'aviation civile. Bien que les détails spécifiques sur ses services ne soient pas précisés, elle semble jouer un rôle important dans la formation et le développement des compétences dans ce domaine. Je suis intéressé par une alternance en science des données et intelligence artificielle au sein de votre établissement.",
SPONT-sicoval,Candidature spontanée - Alternance Data / Science des données,SICOVAL,,Candidature spontanée,,,2026-09-14T15:55:59.000Z,,Débutant accepté,,"SICOVAL est une structure basée à Labège, active dans le secteur suggéré par son nom/service. Bien que les détails spécifiques sur ses activités ne soient pas précisés, l'entreprise semble évoluer dans un environnement où la science des données et l'intelligence artificielle pourraient jouer un rôle significatif. Je suis intéressé par une opportunité d'alternance pour contribuer à ses projets en data science.",
SPONT-turan-construction-et-renovation,Candidature spontanée - Alternance Data / Science des données,TURAN CONSTRUCTION ET RENOVATION,,Candidature spontanée,,,2026-09-14T15:55:59.000Z,,Débutant accepté,,"TURAN CONSTRUCTION ET RENOVATION est une structure basée à Sarcelles, active dans le secteur de la construction et de la rénovation, comme le suggère son nom. Bien que les détails spécifiques sur ses services ou projets ne soient pas fournis, l'entreprise semble engagée dans des activités liées à l'amélioration et à la transformation d'espaces. Je suis intéressé par une alternance en science des données et intelligence artificielle au sein de votre entreprise.",
SPONT-carcassonne-agglo-solidarite,Candidature spontanée - Alternance Data / Science des données,CARCASSONNE AGGLO SOLIDARITE,,Candidature spontanée,,,2026-09-14T15:55:59.000Z,,Débutant accepté,,"CARCASSONNE AGGLO SOLIDARITE est une structure basée à Carcassonne, active dans le secteur suggéré par son nom. Bien que les détails spécifiques sur ses activités ne soient pas précisés, l'entreprise semble s'engager dans des initiatives de solidarité et d'entraide au sein de la communauté. Je suis intéressé par une alternance en science des données et intelligence artificielle au sein de votre organisation.",
SPONT-let-s-web,Candidature spontanée - Alternance Data / Science des données,LET'S WEB,,Candidature spontanée,,,2026-09-14T15:55:59.000Z,,Débutant accepté,,"LET'S WEB est une structure basée à El Jadida, active dans le secteur suggéré par son nom/service. Bien que les détails spécifiques sur ses activités ne soient pas précisés, l'entreprise semble s'inscrire dans un domaine lié au web et à la technologie. Je suis intéressé par une opportunité d'alternance en science des données et intelligence artificielle au sein de votre équipe.",
SPONT-maison-de-sante-d-ille-sur-tet,Candidature spontanée - Alternance Data / Science des données,MAISON DE SANTE D'ILLE SUR TET,,Candidature spontanée,,,2026-09-14T15:55:59.000Z,,Débutant accepté,,"La Maison de Santé d'Ille sur Têt est une structure active dans le secteur de la santé, située à Ille-sur-Têt. Bien que les détails spécifiques sur ses services ne soient pas précisés, elle semble jouer un rôle important dans le bien-être de la communauté locale. Je suis intéressé par une alternance en science des données et intelligence artificielle au sein de votre établissement.",
SPONT-cefrem,Candidature spontanée - Alternance Data / Science des données,CEFREM,,Candidature spontanée,,,2026-09-14T15:55:59.000Z,,Débutant accepté,,"CEFREM est une structure basée à Perpignan, active dans le secteur suggéré par son nom/service. Bien que les détails spécifiques sur ses activités ne soient pas précisés, l'entreprise semble s'inscrire dans un domaine lié à la science des données et à l'intelligence artificielle. Je suis intéressé par une alternance qui me permettrait de contribuer à ses projets tout en développant mes compétences.",
SPONT-entreprise,Candidature spontanée - Alternance Data / Science des données,Entreprise,"Entreprise Code postal, Entreprise Ville",Candidature spontanée,,,2026-09-14T15:55:59.000Z,,Débutant accepté,,"Structure basée à Entreprise Ville, active dans le secteur suggéré par son nom/service. Bien que les informations spécifiques sur le service concerné ne soient pas précisées, je suis convaincu que mon intérêt pour la science des données et l'intelligence artificielle pourrait être un atout pour votre équipe. Je suis motivé à contribuer à des projets innovants au sein de votre entreprise.",
SPONT-ampere,Candidature spontanée - Alternance Data / Science des données,AMPERE,"78280, GUYANCOURT",Candidature spontanée,,,2026-09-14T15:55:59.000Z,,Débutant accepté,,"AMPERE est une structure basée à GUYANCOURT, active dans le secteur suggéré par son nom/service. Bien que les détails spécifiques sur ses activités ne soient pas précisés, l'entreprise semble évoluer dans un domaine lié à la science des données et à l'intelligence artificielle. Je suis intéressé par une alternance qui me permettrait de contribuer à ses projets et d'acquérir de l'expérience dans ce secteur.",
SPONT-suez,Candidature spontanée - Alternance Data / Science des données,SUEZ,"34340, MARSEILLAN",Candidature spontanée,,,2026-09-14T15:55:59.000Z,,Débutant accepté,,"SUEZ est une structure basée à MARSEILLAN, active dans le secteur suggéré par son nom/service. Bien que les détails spécifiques sur ses activités ne soient pas précisés, l'entreprise semble évoluer dans un domaine lié à la gestion des ressources et des services environnementaux. Je suis intéressé par une opportunité d'alternance en science des données et intelligence artificielle au sein de votre équipe.",
SPONT-telespazio-france,Candidature spontanée - Alternance Data / Science des données,TELESPAZIO FRANCE,"31100, TOULOUSE",Candidature spontanée,,,2026-09-14T15:55:59.000Z,,Débutant accepté,,"TELESPAZIO FRANCE est une structure basée à TOULOUSE, active dans le secteur de la logistique. Bien que les détails spécifiques sur ses activités ne soient pas fournis, l'entreprise semble s'inscrire dans un domaine où l'analyse des données et l'intelligence artificielle pourraient jouer un rôle clé. Je suis intéressé par une alternance qui me permettrait de contribuer à ses projets en science des données.",
SPONT-cnrs-delegation-centre-est,Candidature spontanée - Alternance Data / Science des données,CNRS Délégation Centre Est,"54500, VANDOEUVRE LES NANCY",Candidature spontanée,,,2026-09-14T15:55:59.000Z,,Débutant accepté,,"Le CNRS Délégation Centre Est est une structure basée à VANDOEUVRE LES NANCY, active dans le secteur de la recherche scientifique. Le service concerné, LORIA UMR 7503, est impliqué dans des activités liées à l'informatique et aux sciences des données. Bien que les détails spécifiques sur les projets ne soient pas disponibles, l'organisation est reconnue pour son engagement dans la recherche et l'innovation.",
SPONT-universite-de-lorraine,Candidature spontanée - Alternance Data / Science des données,Université de Lorraine,"54500, VANDOEUVRE LES NANCY",Candidature spontanée,,,2026-09-14T15:55:59.000Z,,Débutant accepté,,"L'Université de Lorraine, située à Vandoeuvre-lès-Nancy, est une structure active dans le domaine de l'enseignement supérieur et de la recherche. Le service concerné, LORIA, est impliqué dans des activités liées à l'informatique et aux sciences des données. Cette institution joue un rôle important dans la formation et l'innovation dans son secteur.",
SPONT-sirehna,Candidature spontanée - Alternance Data / Science des données,SIREHNA,"44340, BOUGUENAIS",Candidature spontanée,,,2026-09-14T15:55:59.000Z,,Débutant accepté,,"SIREHNA est une structure basée à Bouguenais, active dans le secteur suggéré par son nom et son service historique, la cellule de coordination opérationnelle. Bien que les détails spécifiques sur ses activités ne soient pas fournis, l'entreprise semble jouer un rôle dans la gestion et la coordination opérationnelle. Je suis intéressé par une alternance en science des données et intelligence artificielle au sein de votre équipe.",
SPONT-debelec,Candidature spontanée - Alternance Data / Science des données,DEBELEC,"11000, CARCASSONNE",Candidature spontanée,,,2026-09-14T15:55:59.000Z,,Débutant accepté,,"DEBELEC est une structure basée à Carcassonne, active dans le secteur suggéré par son service informatique. Bien que les détails spécifiques sur ses activités ne soient pas fournis, l'entreprise semble s'inscrire dans un domaine lié aux technologies de l'information. Je suis intéressé par une alternance en science des données et intelligence artificielle au sein de votre équipe.",
SPONT-ccrlcm-communaute-de-communes-region-lez,Candidature spontanée - Alternance Data / Science des données,CCRLCM COMMUNAUTE DE COMMUNES REGION LEZIGNANAISE CORBIERES ET MINERVOIS,"11200, LEZIGNAN CORBIERES",Candidature spontanée,,,2026-09-14T15:55:59.000Z,,Débutant accepté,,"CCRLCM COMMUNAUTE DE COMMUNES REGION LEZIGNANAISE CORBIERES ET MINERVOIS est une structure basée à LEZIGNAN CORBIERES, active dans le secteur de l'aménagement du territoire. Bien que les détails spécifiques sur ses activités ne soient pas fournis, l'organisation semble jouer un rôle clé dans le développement et la gestion de la région. Je suis intéressé par une alternance en science des données et intelligence artificielle au sein de cette communauté.",
SPONT-federation-des-reserves-naturelles-catal,Candidature spontanée - Alternance Data / Science des données,Fédération des réserves naturelles catalanes,"66500, PRADES",Candidature spontanée,,,2026-09-14T15:55:59.000Z,,Débutant accepté,,"La Fédération des réserves naturelles catalanes est une structure basée à PRADES, active dans le secteur de la préservation des réserves naturelles. Bien que les détails spécifiques sur ses activités ne soient pas fournis, son nom indique un engagement envers la protection de l'environnement et des ressources naturelles. Je suis intéressé par une alternance en science des données et intelligence artificielle au sein de cette organisation.",
SPONT-la-federation-audoise-des-uvres-laiques,Candidature spontanée - Alternance Data / Science des données,La Fédération Audoise des Œuvres Laïques,"11000, CARCASSONNE",Candidature spontanée,,,2026-09-14T15:55:59.000Z,,Débutant accepté,,"La Fédération Audoise des Œuvres Laïques est une structure basée à Carcassonne, active dans le secteur du patrimoine. Elle est située au 22 rue Antoine Marty, CS 60113. Bien que les détails spécifiques sur ses activités ne soient pas disponibles, son nom et son service suggèrent un engagement envers la valorisation et la préservation du patrimoine.",
SPONT-arml-occitanie-association-regionale-des,Candidature spontanée - Alternance Data / Science des données,ARML OCCITANIE ASSOCIATION REGIONALE DES MISSIONS LOCALES OCCITANIE,"34000, MONTPELLIER",Candidature spontanée,,,2026-09-14T15:55:59.000Z,,Débutant accepté,,"ARML OCCITANIE est une structure basée à Montpellier, active dans le secteur des missions locales en région Occitanie. Elle est impliquée dans des initiatives visant à soutenir et accompagner divers publics dans leur insertion professionnelle. Bien que les détails spécifiques sur ses activités ne soient pas disponibles, l'association semble jouer un rôle clé dans le développement local et l'accompagnement des jeunes.",
SPONT-ginger-burgeap,Candidature spontanée - Alternance Data / Science des données,GINGER BURGEAP,"34980, MONTFERRIER SUR LEZ",Candidature spontanée,,,2026-09-14T15:55:59.000Z,,Débutant accepté,,"GINGER BURGEAP est une structure basée à MONTFERRIER SUR LEZ, active dans le secteur suggéré par son nom/service, notamment en lien avec l'Agence du Cirad. Bien que les détails spécifiques sur ses activités ne soient pas disponibles, l'entreprise semble s'inscrire dans un domaine lié à la science des données et à l'intelligence artificielle. Je suis intéressé par une alternance qui me permettrait de contribuer à ses projets tout en développant mes compétences.",
SPONT-paarly,Candidature spontanée - Alternance Data / Science des données,PAARLY,"31, Toulouse",Candidature spontanée,,,2026-09-14T15:55:59.000Z,,Débutant accepté,,"PAARLY est une structure basée à Toulouse, active dans le secteur suggéré par son nom/service. Bien que les détails spécifiques sur ses activités ne soient pas précisés, l'entreprise semble évoluer dans un environnement lié aux sciences des données et à l'intelligence artificielle. Je suis intéressé par une opportunité d'alternance au sein de votre équipe.",
SPONT-cs-group-solutions,Candidature spontanée - Alternance Data / Science des données,CS Group Solutions,"31, Toulouse",Candidature spontanée,,,2026-09-14T15:55:59.000Z,,Débutant accepté,,"CS Group Solutions est une structure basée à Toulouse, active dans le secteur suggéré par son nom. Bien que les détails spécifiques sur ses services ne soient pas précisés, l'entreprise semble s'inscrire dans un domaine lié à la technologie et à l'innovation. Je suis intéressé par une alternance en science des données et intelligence artificielle au sein de votre équipe.",
SPONT-cs-group-france,Candidature spontanée - Alternance Data / Science des données,CS Group France,"31500, Toulouse",Candidature spontanée,,,2026-09-14T15:55:59.000Z,,Débutant accepté,,"CS Group France est une structure basée à Toulouse, active dans le secteur suggéré par son nom/service. Bien que les détails spécifiques sur ses activités ne soient pas précisés, l'entreprise semble s'inscrire dans un domaine lié à la science des données et à l'intelligence artificielle. Je suis intéressé par la possibilité de contribuer à ses projets en tant qu'alternant.",
SPONT-aqsone,Candidature spontanée - Alternance Data / Science des données,Aqsone,"31300, Toulouse",Candidature spontanée,,,2026-09-14T15:55:59.000Z,,Débutant accepté,,"Aqsone est une structure basée à Toulouse, active dans le secteur suggéré par son nom/service. Bien que les détails spécifiques sur ses activités ne soient pas fournis, l'entreprise semble être impliquée dans des domaines liés à la science des données et à l'intelligence artificielle. Je suis intéressé par une opportunité d'alternance au sein de votre équipe.",
SPONT-syngenta,Candidature spontanée - Alternance Data / Science des données,Syngenta,"31790, Saint-Sauveur",Candidature spontanée,,,2026-09-14T15:55:59.000Z,,Débutant accepté,,"Syngenta est une structure basée à Saint-Sauveur, active dans le secteur suggéré par son nom/service. Bien que les détails spécifiques sur ses activités ne soient pas précisés, l'entreprise semble évoluer dans un domaine lié à l'agriculture ou aux sciences de la vie. Je suis intéressé par une opportunité d'alternance en science des données et intelligence artificielle au sein de votre équipe.",
SPONT-thales-group,Candidature spontanée - Alternance Data / Science des données,Thales Group,"31, Toulouse",Candidature spontanée,,,2026-09-14T15:55:59.000Z,,Débutant accepté,,"Thales Group est une structure basée à Toulouse, active dans le secteur suggéré par son nom/service. Bien que les détails spécifiques sur ses activités ne soient pas fournis, l'entreprise est reconnue pour son implication dans des domaines technologiques avancés. Je suis intéressé par une alternance en science des données et intelligence artificielle au sein de votre équipe.",
SPONT-thales-service,Candidature spontanée - Alternance Data / Science des données,Thales Service,"31400, Toulouse",Candidature spontanée,,,2026-09-14T15:55:59.000Z,,Débutant accepté,,"Thales Service est une structure basée à Toulouse, active dans le secteur suggéré par son nom/service. Bien que les détails spécifiques sur ses activités ne soient pas précisés, l'entreprise semble évoluer dans un environnement technologique. Je suis intéressé par une alternance en science des données et intelligence artificielle au sein de votre équipe.",
SPONT-abmi,Candidature spontanée - Alternance Data / Science des données,ABMI,"31700, Blagnac",Candidature spontanée,,,2026-09-14T15:55:59.000Z,,Débutant accepté,,"ABMI est une structure basée à Blagnac, active dans le secteur suggéré par son nom/service. Bien que les détails spécifiques sur ses activités ne soient pas fournis, l'entreprise semble être impliquée dans des domaines liés à la science des données et à l'intelligence artificielle. Je suis intéressé par une opportunité d'alternance au sein de votre équipe.",
SPONT-pole-emploi,Candidature spontanée - Alternance Data / Science des données,Pôle Emploi,"34171, Castelnau-le-Lez Cedex",Candidature spontanée,,,2026-09-14T15:55:59.000Z,,Débutant accepté,,"Pôle Emploi est une structure basée à Castelnau-le-Lez Cedex, active dans le secteur suggéré par son nom/service. Bien que les informations sur ses activités spécifiques ne soient pas précisées, l'entreprise est généralement impliquée dans des services liés à l'emploi et à l'accompagnement des candidats. Je souhaite proposer ma candidature pour une alternance en science des données et intelligence artificielle au sein de votre organisation.",
SPONT-bassetti,Candidature spontanée - Alternance Data / Science des données,BASSETTI,"31520, Ramonville-Saint-Agne",Candidature spontanée,,,2026-09-14T15:55:59.000Z,,Débutant accepté,,"BASSETTI est une structure basée à Ramonville-Saint-Agne, active dans le secteur suggéré par son nom/service. Bien que les détails spécifiques sur ses activités ne soient pas fournis, l'entreprise semble évoluer dans un domaine lié à la science des données et à l'intelligence artificielle. Je suis intéressé par une alternance qui me permettrait de contribuer à ses projets tout en développant mes compétences.",
SPONT-fortil,Candidature spontanée - Alternance Data / Science des données,Fortil,"31500, Toulouse",Candidature spontanée,,,2026-09-14T15:55:59.000Z,,Débutant accepté,,"Fortil est une structure basée à Toulouse, active dans le secteur suggéré par son nom/service. Bien que les détails spécifiques sur ses activités ne soient pas précisés, l'entreprise semble être impliquée dans des domaines liés à la science des données et à l'intelligence artificielle. Je suis intéressé par une opportunité d'alternance au sein de votre équipe.",
SPONT-vitesco-technologies,Candidature spontanée - Alternance Data / Science des données,Vitesco Technologies,"31100, Toulouse",Candidature spontanée,,,2026-09-14T15:55:59.000Z,,Débutant accepté,,"Vitesco Technologies est une structure basée à Toulouse, active dans le secteur suggéré par son nom/service. Bien que les détails spécifiques sur ses activités ne soient pas précisés, l'entreprise semble être impliquée dans des domaines liés à la technologie. Je suis intéressé par une alternance en science des données et intelligence artificielle au sein de votre équipe.",
SPONT-akka-technologies,Candidature spontanée - Alternance Data / Science des données,AKKA Technologies,"31700, Blagnac",Candidature spontanée,,,2026-09-14T15:55:59.000Z,,Débutant accepté,,"AKKA Technologies est une structure basée à Blagnac, active dans le secteur suggéré par son nom/service. Bien que les détails spécifiques sur ses activités ne soient pas fournis, l'entreprise semble évoluer dans un domaine lié aux technologies et à l'innovation. Je suis intéressé par une alternance en science des données et intelligence artificielle au sein de votre équipe.",
SPONT-epsilon-alcen,Candidature spontanée - Alternance Data / Science des données,EPSILON ALCEN,"31400, Toulouse",Candidature spontanée,,,2026-09-14T15:55:59.000Z,,Débutant accepté,,"EPSILON ALCEN est une structure basée à Toulouse, active dans le secteur suggéré par son nom/service. Bien que les détails spécifiques sur ses activités ne soient pas précisés, l'entreprise semble évoluer dans un environnement lié à la science des données et à l'intelligence artificielle. Je suis intéressé par une opportunité d'alternance au sein de votre équipe.",
SPONT-tech-valley,Candidature spontanée - Alternance Data / Science des données,TECH VALLEY,"66100, Perpignan",Candidature spontanée,,,2026-09-14T15:55:59.000Z,,Débutant accepté,,"TECH VALLEY est une structure basée à Perpignan, active dans le secteur suggéré par son nom/service. Bien que les détails sur ses activités spécifiques ne soient pas précisés, l'entreprise semble évoluer dans un environnement lié à la technologie et à l'innovation. Je suis intéressé par une opportunité d'alternance en science des données et intelligence artificielle au sein de votre équipe.",
SPONT-itrust,Candidature spontanée - Alternance Data / Science des données,Itrust,"31100, Toulouse",Candidature spontanée,,,2026-09-14T15:55:59.000Z,,Débutant accepté,,"Itrust est une structure basée à Toulouse, active dans le secteur suggéré par son nom/service. Bien que les détails spécifiques sur ses activités ne soient pas précisés, l'entreprise semble être impliquée dans des domaines liés à la science des données et à l'intelligence artificielle. Je suis intéressé par une opportunité d'alternance au sein de votre équipe.",
SPONT-pierre-fabre,Candidature spontanée - Alternance Data / Science des données,Pierre Fabre,"81500, Lavaur",Candidature spontanée,,,2026-09-14T15:55:59.000Z,,Débutant accepté,,"Pierre Fabre est une structure basée à Lavaur, active dans le secteur suggéré par son nom/service. Bien que les détails spécifiques sur ses activités ne soient pas fournis, l'entreprise semble avoir une histoire et une expertise dans son domaine. Je suis intéressé par une alternance en science des données et intelligence artificielle au sein de votre équipe.",
SPONT-activus-group,Candidature spontanée - Alternance Data / Science des données,Activus Group,"31100, Toulouse",Candidature spontanée,,,2026-09-14T15:55:59.000Z,,Débutant accepté,,"Activus Group est une structure basée à Toulouse, active dans le secteur suggéré par son nom/service. Bien que les détails spécifiques sur ses activités ne soient pas précisés, l'entreprise semble s'intéresser aux domaines liés à la science des données et à l'intelligence artificielle. Je souhaite proposer ma candidature pour une alternance dans ce domaine.",
SPONT-open,Candidature spontanée - Alternance Data / Science des données,OPEN,"31400, Toulouse",Candidature spontanée,,,2026-09-14T15:55:59.000Z,,Débutant accepté,,"OPEN est une structure basée à Toulouse, active dans le secteur suggéré par son nom/service. Bien que les détails spécifiques sur ses activités ne soient pas précisés, l'entreprise semble s'inscrire dans un domaine lié à la science des données et à l'intelligence artificielle. Je suis intéressé par une opportunité d'alternance au sein de votre équipe.",
SPONT-evotec,Candidature spontanée - Alternance Data / Science des données,EVOTEC,"31100, Toulouse",Candidature spontanée,,,2026-09-14T15:55:59.000Z,,Débutant accepté,,"EVOTEC est une structure basée à Toulouse, active dans le secteur suggéré par son nom/service. Bien que les détails spécifiques sur ses activités ne soient pas précisés, l'entreprise semble évoluer dans un domaine lié à la science des données et à l'intelligence artificielle. Je suis intéressé par la possibilité de contribuer à ses projets en alternance.",
SPONT-geosys,Candidature spontanée - Alternance Data / Science des données,GEOSYS,"31130, Balma",Candidature spontanée,,,2026-09-14T15:55:59.000Z,,Débutant accepté,,"GEOSYS est une structure basée à Balma, active dans le secteur suggéré par son nom/service. Bien que les détails spécifiques sur ses activités ne soient pas précisés, l'entreprise semble évoluer dans un domaine lié aux sciences des données et à l'intelligence artificielle. Je suis intéressé par une alternance qui me permettrait de contribuer à ses projets tout en développant mes compétences dans ce domaine.",
SPONT-action-ssi-com,Candidature spontanée - Alternance Data / Science des données,Action_SSI.com,"31670, Labège",Candidature spontanée,,,2026-09-14T15:55:59.000Z,,Débutant accepté,,"Action_SSI.com est une structure basée à Labège, active dans le secteur suggéré par son nom/service. Bien que les détails spécifiques sur ses activités ne soient pas précisés, l'entreprise semble s'intéresser aux domaines liés à la science des données et à l'intelligence artificielle. Je suis enthousiaste à l'idée de contribuer à ses projets et d'apprendre au sein de son équipe.",
SPONT-lr-technologies-sud-ouest,Candidature spontanée - Alternance Data / Science des données,LR Technologies Sud Ouest,"31700, Blagnac",Candidature spontanée,,,2026-09-14T15:55:59.000Z,,Débutant accepté,,"LR Technologies Sud Ouest est une structure basée à Blagnac, active dans le secteur suggéré par son nom. Bien que les détails spécifiques sur ses activités ne soient pas précisés, l'entreprise semble évoluer dans un domaine technologique. Je suis intéressé par une alternance en science des données et intelligence artificielle au sein de votre équipe.",
SPONT-egis,Candidature spontanée - Alternance Data / Science des données,Egis,"34965, Montpellier",Candidature spontanée,,,2026-09-14T15:55:59.000Z,,Débutant accepté,,"Egis est une structure basée à Montpellier, active dans le secteur suggéré par son nom/service. Bien que les détails spécifiques sur ses activités ne soient pas précisés, l'entreprise semble être impliquée dans des domaines liés à la science des données et à l'intelligence artificielle. Je suis intéressé par une alternance qui me permettrait de contribuer à ses projets tout en développant mes compétences.",
SPONT-talentegal,Candidature spontanée - Alternance Data / Science des données,@talentEgal',"31, Toulouse",Candidature spontanée,,,2026-09-14T15:55:59.000Z,,Débutant accepté,,"Structure basée à Toulouse, active dans le secteur suggéré par son nom/service. Bien que les détails spécifiques sur ses activités ne soient pas précisés, @talentEgal' semble s'intéresser aux domaines liés à la science des données et à l'intelligence artificielle. Je suis motivé à contribuer à ses projets et à développer mes compétences dans ce domaine.",
SPONT-klanik,Candidature spontanée - Alternance Data / Science des données,Klanik,"31000, Toulouse",Candidature spontanée,,,2026-09-14T15:55:59.000Z,,Débutant accepté,,"Klanik est une structure basée à Toulouse, active dans le secteur suggéré par son nom/service. Bien que les détails spécifiques sur ses activités ne soient pas précisés, l'entreprise semble s'intéresser aux domaines de la science des données et de l'intelligence artificielle. Je suis motivé à rejoindre une équipe dynamique et à contribuer à des projets innovants.",
SPONT-sas-proxiel,Candidature spontanée - Alternance Data / Science des données,SAS Proxiel,"34080, Montpellier",Candidature spontanée,,,2026-09-14T15:55:59.000Z,,Débutant accepté,,"SAS Proxiel est une structure basée à Montpellier, active dans le secteur suggéré par son nom/service. Bien que les détails spécifiques sur ses activités ne soient pas précisés, l'entreprise semble être impliquée dans des domaines liés à la science des données et à l'intelligence artificielle. Je suis intéressé par une opportunité d'alternance au sein de votre équipe.",
SPONT-hopital-la-colombiere,Candidature spontanée - Alternance Data / Science des données,Hôpital La colombière,"34090, Montpellier",Candidature spontanée,,,2026-09-14T15:55:59.000Z,,Débutant accepté,,"L'Hôpital La Colombière est une structure basée à Montpellier, active dans le secteur de la santé. Bien que les services spécifiques ne soient pas précisés, l'établissement semble jouer un rôle important dans le domaine médical. Je suis intéressé par une alternance en science des données et intelligence artificielle au sein de votre institution.",
SPONT-business-decision-corporate-services,Candidature spontanée - Alternance Data / Science des données,Business & Decision Corporate Services,"34790, Montpellier",Candidature spontanée,,,2026-09-14T15:55:59.000Z,,Débutant accepté,,"Business & Decision Corporate Services est une structure basée à Montpellier, active dans le secteur suggéré par son nom/service. Bien que les détails spécifiques sur ses activités ne soient pas fournis, l'entreprise semble s'orienter vers des solutions en lien avec la prise de décision et l'analyse de données. Je suis intéressé par une alternance en science des données et intelligence artificielle au sein de votre équipe.",
SPONT-viverais,Candidature spontanée - Alternance Data / Science des données,VIVERAIS,"34, Montpellier",Candidature spontanée,,,2026-09-14T15:55:59.000Z,,Débutant accepté,,"VIVERAIS est une structure basée à Montpellier, active dans le secteur suggéré par son nom/service. Bien que les détails spécifiques sur ses activités ne soient pas précisés, l'entreprise semble s'inscrire dans un domaine lié à la science des données et à l'intelligence artificielle. Je suis intéressé par une opportunité d'alternance au sein de votre équipe.",
SPONT-ifag,Candidature spontanée - Alternance Data / Science des données,IFAG,"31200, Toulouse",Candidature spontanée,,,2026-09-14T15:55:59.000Z,,Débutant accepté,,"IFAG est une structure basée à Toulouse, active dans le secteur suggéré par son nom/service. Bien que les détails spécifiques sur ses activités ne soient pas précisés, l'entreprise semble s'inscrire dans un domaine lié à la gestion ou à l'analyse de données. Je suis intéressé par une alternance en science des données et intelligence artificielle au sein de votre équipe.",
SPONT-sii-technologies-gmbh-hr-service,Candidature spontanée - Alternance Data / Science des données,SII Technologies GmbH HR-Service,"31, Toulouse",Candidature spontanée,,,2026-09-14T15:55:59.000Z,,Débutant accepté,,"SII Technologies GmbH HR-Service est une structure basée à Toulouse, active dans le secteur suggéré par son nom/service. Bien que les détails spécifiques sur ses activités ne soient pas fournis, l'entreprise semble s'inscrire dans un domaine lié aux technologies et aux services. Je suis intéressé par une opportunité d'alternance en science des données et intelligence artificielle au sein de votre équipe.",
SPONT-umlaut-ag,Candidature spontanée - Alternance Data / Science des données,umlaut AG,"31700, Blagnac",Candidature spontanée,,,2026-09-14T15:55:59.000Z,,Débutant accepté,,"Umlaut AG est une structure basée à Blagnac, active dans le secteur suggéré par son nom/service. Bien que les détails spécifiques sur ses activités ne soient pas précisés, l'entreprise semble être engagée dans des domaines liés à la science des données et à l'intelligence artificielle. Je suis intéressé par une alternance qui me permettrait de contribuer à ses projets tout en développant mes compétences.",
SPONT-spring,Candidature spontanée - Alternance Data / Science des données,Spring,"31200, Toulouse",Candidature spontanée,,,2026-09-14T15:55:59.000Z,,Débutant accepté,,"Spring est une structure basée à Toulouse, active dans le secteur suggéré par son nom/service. Bien que les détails spécifiques sur ses activités ne soient pas fournis, l'entreprise semble s'inscrire dans un domaine lié à la science des données et à l'intelligence artificielle. Je suis intéressé par une opportunité d'alternance au sein de votre équipe.",
SPONT-teads,Candidature spontanée - Alternance Data / Science des données,Teads,"34000, Montpellier",Candidature spontanée,,,2026-09-14T15:55:59.000Z,,Débutant accepté,,"Teads est une structure basée à Montpellier, active dans le secteur suggéré par son nom/service. Bien que les détails spécifiques sur ses activités ne soient pas précisés, l'entreprise semble évoluer dans un domaine lié à la technologie et à l'innovation. Je suis intéressé par une alternance en science des données et intelligence artificielle au sein de votre équipe.",
SPONT-apsys,Candidature spontanée - Alternance Data / Science des données,APSYS,"31700, Blagnac",Candidature spontanée,,,2026-09-14T15:55:59.000Z,,Débutant accepté,,"APSYS est une structure basée à Blagnac, active dans le secteur suggéré par son nom/service. Bien que les détails spécifiques sur ses activités ne soient pas précisés, l'entreprise semble évoluer dans un domaine lié à la science des données et à l'intelligence artificielle. Je suis intéressé par une alternance qui me permettrait de contribuer à ses projets tout en développant mes compétences.",
SPONT-atos,Candidature spontanée - Alternance Data / Science des données,ATOS,"31300, Toulouse",Candidature spontanée,,,2026-09-14T15:55:59.000Z,,Débutant accepté,,"ATOS est une structure basée à Toulouse, active dans le secteur suggéré par son nom/service. Bien que les détails spécifiques sur ses activités ne soient pas précisés, l'entreprise semble évoluer dans un environnement lié aux technologies de l'information et de la communication. Je suis intéressé par une alternance en science des données et intelligence artificielle au sein de votre équipe.",
SPONT-societe-3dtrust,Candidature spontanée - Alternance Data / Science des données,Société 3dTrust,"31400, Toulouse",Candidature spontanée,,,2026-09-14T15:55:59.000Z,,Débutant accepté,,"La Société 3dTrust est une structure basée à Toulouse, active dans le secteur suggéré par son nom/service. Bien que les détails spécifiques sur ses activités ne soient pas précisés, elle semble évoluer dans un domaine lié à la technologie et à l'innovation. Je suis intéressé par une opportunité d'alternance en science des données et intelligence artificielle au sein de votre entreprise.",
SPONT-thales-alenia-space,Candidature spontanée - Alternance Data / Science des données,Thales Alenia Space,"31100, Toulouse",Candidature spontanée,,,2026-09-14T15:55:59.000Z,,Débutant accepté,,"Thales Alenia Space est une structure basée à Toulouse, active dans le secteur suggéré par son nom/service. L'entreprise est impliquée dans des activités liées à l'espace, bien que les détails spécifiques ne soient pas précisés. Elle est située au 26 Av. Jean François Champollion.",
SPONT-capgemini-engineering,Candidature spontanée - Alternance Data / Science des données,Capgemini Engineering,"31100, Toulouse",Candidature spontanée,,,2026-09-14T15:55:59.000Z,,Débutant accepté,,"Capgemini Engineering est une structure basée à Toulouse, active dans le secteur suggéré par son nom/service. Bien que les détails spécifiques sur ses activités ne soient pas fournis, l'entreprise est impliquée dans des domaines liés à l'ingénierie et à la technologie. Je suis intéressé par une alternance en science des données et intelligence artificielle au sein de cette entreprise.",
SPONT-torus-ai,Candidature spontanée - Alternance Data / Science des données,TORUS AI,"31400, Toulouse",Candidature spontanée,,,2026-09-14T15:55:59.000Z,,Débutant accepté,,"TORUS AI est une structure basée à Toulouse, active dans le secteur suggéré par son nom. Bien que les détails spécifiques sur ses services ou projets ne soient pas précisés, l'entreprise semble s'intéresser aux domaines de l'intelligence artificielle et de la science des données. Je suis motivé à rejoindre une équipe dynamique et à contribuer à des projets innovants.",
SPONT-altran,Candidature spontanée - Alternance Data / Science des données,ALTRAN,"31700, Blagnac",Candidature spontanée,,,2026-09-14T15:55:59.000Z,,Débutant accepté,,"ALTRAN est une structure basée à Blagnac, active dans le secteur suggéré par son nom/service. Bien que les détails spécifiques sur ses activités ne soient pas précisés, l'entreprise semble évoluer dans un environnement lié à la science des données et à l'intelligence artificielle. Je suis intéressé par une opportunité d'alternance pour contribuer à ses projets et développer mes compétences dans ce domaine.",
SPONT-mipih,Candidature spontanée - Alternance Data / Science des données,MiPih,"31100, Toulouse",Candidature spontanée,,,2026-09-14T15:55:59.000Z,,Débutant accepté,,"MiPih est une structure basée à Toulouse, active dans le secteur suggéré par son nom/service. Bien que les détails spécifiques sur ses activités ne soient pas précisés, l'entreprise semble être impliquée dans des domaines liés à la science des données et à l'intelligence artificielle. Je suis intéressé par une alternance qui me permettrait de contribuer à ses projets et d'acquérir de l'expérience dans ce domaine.",
SPONT-airbus-d-s,Candidature spontanée - Alternance Data / Science des données,Airbus D&S,"31400, Toulouse",Candidature spontanée,,,2026-09-14T15:55:59.000Z,,Débutant accepté,,"Airbus D&S est une structure basée à Toulouse, active dans le secteur suggéré par son nom/service. Bien que les informations spécifiques sur ses activités ne soient pas fournies, l'entreprise semble être impliquée dans des domaines liés à l'aéronautique et à la technologie. Je suis intéressé par une alternance en science des données et intelligence artificielle au sein de votre équipe.",
SPONT-continental-toulouse,Candidature spontanée - Alternance Data / Science des données,Continental Toulouse,"31100, Toulouse",Candidature spontanée,,,2026-09-14T15:55:59.000Z,,Débutant accepté,,"Continental Toulouse est une structure basée à Toulouse, active dans le secteur suggéré par son nom/service. Bien que les détails spécifiques sur ses activités ne soient pas précisés, l'entreprise semble évoluer dans un domaine lié à la technologie et à l'innovation. Je suis intéressé par une alternance en science des données et intelligence artificielle au sein de votre équipe.",
SPONT-forsk,Candidature spontanée - Alternance Data / Science des données,Forsk,"31700, Blagnac",Candidature spontanée,,,2026-09-14T15:55:59.000Z,,Débutant accepté,,"Forsk est une structure basée à Blagnac, active dans le secteur suggéré par son nom/service. Bien que les détails spécifiques sur ses activités ne soient pas précisés, l'entreprise semble évoluer dans un domaine lié à la science des données et à l'intelligence artificielle. Je suis intéressé par une opportunité d'alternance au sein de votre équipe.",
SPONT-extia,Candidature spontanée - Alternance Data / Science des données,Extia,"31100, Toulouse",Candidature spontanée,,,2026-09-14T15:55:59.000Z,,Débutant accepté,,"Extia est une structure basée à Toulouse, active dans le secteur suggéré par son nom/service. Bien que les détails spécifiques sur ses activités ne soient pas précisés, l'entreprise semble s'inscrire dans un domaine lié à la science des données et à l'intelligence artificielle. Je suis intéressé par une alternance qui me permettrait de contribuer à ses projets tout en développant mes compétences dans ce domaine.",
SPONT-geotrend,Candidature spontanée - Alternance Data / Science des données,GEOTREND,"31100, Toulouse",Candidature spontanée,,,2026-09-14T15:55:59.000Z,,Débutant accepté,,"GEOTREND est une structure basée à Toulouse, active dans le secteur suggéré par son nom/service. Bien que les détails spécifiques sur ses activités ne soient pas précisés, l'entreprise semble évoluer dans un domaine lié à la science des données ou à l'intelligence artificielle. Je suis intéressé par une opportunité d'alternance au sein de votre équipe.",
SPONT-safety-data,Candidature spontanée - Alternance Data / Science des données,Safety Data,"31500, Toulouse",Candidature spontanée,,,2026-09-14T15:55:59.000Z,,Débutant accepté,,"Safety Data est une structure basée à Toulouse, active dans le secteur suggéré par son nom/service. Bien que les détails spécifiques sur ses activités ne soient pas précisés, l'entreprise semble s'intéresser aux données et à leur utilisation. Je suis motivé à contribuer à des projets liés à la science des données et à l'intelligence artificielle au sein de votre équipe.",
SPONT-webminage,Candidature spontanée - Alternance Data / Science des données,Webminage,"31100, Toulouse",Candidature spontanée,,,2026-09-14T15:55:59.000Z,,Débutant accepté,,"Webminage est une structure basée à Toulouse, active dans le secteur suggéré par son nom/service. Bien que les détails spécifiques sur ses activités ne soient pas précisés, l'entreprise semble évoluer dans un domaine lié à l'analyse de données. Je suis intéressé par une alternance en science des données et intelligence artificielle au sein de votre équipe.",
SPONT-viseo,Candidature spontanée - Alternance Data / Science des données,VISEO,"31100, Toulouse",Candidature spontanée,,,2026-09-14T15:55:59.000Z,,Débutant accepté,,"VISEO est une structure basée à Toulouse, active dans le secteur suggéré par son nom/service. Bien que les détails spécifiques sur ses activités ne soient pas précisés, l'entreprise semble s'intéresser aux domaines liés à la science des données et à l'intelligence artificielle. Je suis motivé à rejoindre une équipe dynamique et à contribuer à des projets innovants.",
SPONT-ksaar,Candidature spontanée - Alternance Data / Science des données,Ksaar,"31100, Toulouse",Candidature spontanée,,,2026-09-14T15:55:59.000Z,,Débutant accepté,,"Ksaar est une structure basée à Toulouse, active dans le secteur suggéré par son nom/service. Bien que les détails spécifiques sur ses activités ne soient pas fournis, l'entreprise semble s'inscrire dans un domaine lié à la science des données et à l'intelligence artificielle. Je suis intéressé par une opportunité d'alternance au sein de votre équipe.",
SPONT-next-decision,Candidature spontanée - Alternance Data / Science des données,Next decision,"31100, Toulouse",Candidature spontanée,,,2026-09-14T15:55:59.000Z,,Débutant accepté,,"Next decision est une structure basée à Toulouse, active dans le secteur suggéré par son nom/service. Bien que les détails spécifiques sur ses activités ne soient pas précisés, l'entreprise semble s'intéresser aux domaines liés à la prise de décision et à l'analyse de données. Je suis enthousiaste à l'idée de contribuer à ses projets en science des données et intelligence artificielle.",
