"Id","Intitule","Entreprise","Statut","Erreur"
"SPONT-art-informatique","Candidature spontanée - Alternance Data / Science des données","ART INFORMATIQUE","IGNOREE (deja traitee)",""
"SPONT-laboratoire-d-oceanographie-microbienne","Candidature spontanée - Alternance Data / Science des données","LABORATOIRE D'OCEANOGRAPHIE MICROBIENNE","OK",""
"SPONT-une-note-de-vin","Candidature spontanée - Alternance Data / Science des données","UNE NOTE DE VIN","IGNOREE (deja traitee)",""
"SPONT-departement-de-l-aude","Candidature spontanée - Alternance Data / Science des données","DEPARTEMENT DE L'AUDE","OK",""
"SPONT-commune-de-perigueux","Candidature spontanée - Alternance Data / Science des données","COMMUNE DE PERIGUEUX","OK",""
"SPONT-sph-gerard-bertrand","Candidature spontanée - Alternance Data / Science des données","SPH GERARD BERTRAND","OK",""
"SPONT-st-microelectronics-crolles2-sas","Candidature spontanée - Alternance Data / Science des données","ST MICROELECTRONICS CROLLES2 SAS","OK",""
"SPONT-ass-union-sportive-carcassonnaise-xv-car","Candidature spontanée - Alternance Data / Science des données","ASS UNION SPORTIVE CARCASSONNAISE XV CARCASSONNE FRANCE","OK",""
"SPONT-sysnove","Candidature spontanée - Alternance Data / Science des données","SYSNOVE","OK",""
"SPONT-carcassonne-agglo","Candidature spontanée - Alternance Data / Science des données","CARCASSONNE AGGLO","OK",""
"SPONT-clinreal","Candidature spontanée - Alternance Data / Science des données","CLINREAL","OK",""
"SPONT-acti-city-information-jeunesse","Candidature spontanée - Alternance Data / Science des données","ACTI CITY - INFORMATION JEUNESSE","OK",""
"SPONT-direction-regionale-finances-publiques-i","Candidature spontanée - Alternance Data / Science des données","DIRECTION REGIONALE FINANCES PUBLIQUES ILE DE FRANCE ET PARIS","OK",""
"SPONT-cathare-arts-martiaux-coaching","Candidature spontanée - Alternance Data / Science des données","CATHARE ARTS MARTIAUX COACHING","OK",""
"SPONT-vitesco-technologies","Candidature spontanée - Alternance Data / Science des données","VITESCO TECHNOLOGIES","OK",""
"SPONT-mairie-de-carcassonne","Candidature spontanée - Alternance Data / Science des données","MAIRIE DE CARCASSONNE","OK",""
"SPONT-universite-de-perpignan-via-domitia","Candidature spontanée - Alternance Data / Science des données","UNIVERSITE DE PERPIGNAN VIA DOMITIA","OK",""
"SPONT-fun-sports-cycles","Candidature spontanée - Alternance Data / Science des données","FUN SPORTS CYCLES","OK",""
"SPONT-stellium-courtage","Candidature spontanée - Alternance Data / Science des données","STELLIUM COURTAGE","OK",""
"SPONT-vignerons-catalans","Candidature spontanée - Alternance Data / Science des données","VIGNERONS CATALANS","OK",""
"SPONT-carso-investment","Candidature spontanée - Alternance Data / Science des données","CARSO - INVESTMENT","OK",""
"SPONT-studec","Candidature spontanée - Alternance Data / Science des données","STUDEC","OK",""
"SPONT-eurometropole-de-strasbourg","Candidature spontanée - Alternance Data / Science des données","EUROMETROPOLE DE STRASBOURG","OK",""
"SPONT-moninfo-banque-edel","Candidature spontanée - Alternance Data / Science des données","MONINFO BANQUE EDEL","OK",""
"SPONT-mairie-de-narbonne","Candidature spontanée - Alternance Data / Science des données","MAIRIE DE NARBONNE","OK",""
"SPONT-cnrs-delegation-occitanie-est","Candidature spontanée - Alternance Data / Science des données","CNRS - DELEGATION OCCITANIE EST","OK",""
"SPONT-mairie-de-perpignan","Candidature spontanée - Alternance Data / Science des données","MAIRIE DE PERPIGNAN","OK",""
"SPONT-maison-departementale-des-personnes-hand","Candidature spontanée - Alternance Data / Science des données","MAISON DEPARTEMENTALE DES PERSONNES HANDICAPEES (MDPH)","OK",""
"SPONT-toile-design","Candidature spontanée - Alternance Data / Science des données","TOILE DESIGN","OK",""
"SPONT-montpellier-mediterranee-metropole","Candidature spontanée - Alternance Data / Science des données","MONTPELLIER MEDITERRANEE METROPOLE","OK",""
"SPONT-conseil-regional-grand-est","Candidature spontanée - Alternance Data / Science des données","CONSEIL REGIONAL GRAND EST","OK",""
"SPONT-les-baobabs-de-sapaga","Candidature spontanée - Alternance Data / Science des données","LES BAOBABS DE SAPAGA","OK",""
"SPONT-cnrs-umr5505-irit","Candidature spontanée - Alternance Data / Science des données","CNRS UMR5505-IRIT","OK",""
"SPONT-mind-and-go","Candidature spontanée - Alternance Data / Science des données","MIND AND GO","OK",""
"SPONT-agence-urbaine-de-beni-mellal","Candidature spontanée - Alternance Data / Science des données","AGENCE URBAINE DE BENI MELLAL","OK",""
"SPONT-zorx-consulting","Candidature spontanée - Alternance Data / Science des données","ZORX CONSULTING","OK",""
"SPONT-mont-blanc-spas","Candidature spontanée - Alternance Data / Science des données","MONT BLANC SPAS","OK",""
"SPONT-cap-atlas","Candidature spontanée - Alternance Data / Science des données","CAP ATLAS","OK",""
"SPONT-chambre-d-agriculture-de-l-aude","Candidature spontanée - Alternance Data / Science des données","CHAMBRE D'AGRICULTURE DE L'AUDE","OK",""
"SPONT-carcassonne-agglo-solidarite","Candidature spontanée - Alternance Data / Science des données","CARCASSONNE AGGLO SOLIDARITE","OK",""
"SPONT-alter-technology-tuv-nord-france","Candidature spontanée - Alternance Data / Science des données","ALTER TECHNOLOGY TUV NORD FRANCE","OK",""
"SPONT-acoss-toulouse","Candidature spontanée - Alternance Data / Science des données","ACOSS TOULOUSE","OK",""
"SPONT-epastelsoft","Candidature spontanée - Alternance Data / Science des données","EPASTELSOFT","OK",""
"SPONT-ed-concept","Candidature spontanée - Alternance Data / Science des données","ED CONCEPT","OK",""
"SPONT-centre-hospitalier-carcassonne","Candidature spontanée - Alternance Data / Science des données","CENTRE HOSPITALIER CARCASSONNE","OK",""
"SPONT-analyticsphere","Candidature spontanée - Alternance Data / Science des données","ANALYTICSPHERE","OK",""
"SPONT-secretariat-general-commun-departemental","Candidature spontanée - Alternance Data / Science des données","SECRETARIAT GENERAL COMMUN DEPARTEMENTAL DE L'ARIEGE","OK",""
"SPONT-metropole-de-grenoble","Candidature spontanée - Alternance Data / Science des données","METROPOLE DE GRENOBLE","OK",""
"SPONT-aerotec","Candidature spontanée - Alternance Data / Science des données","AEROTEC","OK",""
"SPONT-it-services","Candidature spontanée - Alternance Data / Science des données","IT SERVICES","OK",""
"SPONT-mairie","Candidature spontanée - Alternance Data / Science des données","MAIRIE","OK",""
"SPONT-msa-services-grand-sud","Candidature spontanée - Alternance Data / Science des données","MSA SERVICES GRAND SUD","OK",""
"SPONT-cnrs-dr-14","Candidature spontanée - Alternance Data / Science des données","CNRS DR 14","OK",""
"SPONT-communaute-d-agglomeration-du-sicoval","Candidature spontanée - Alternance Data / Science des données","COMMUNAUTE D'AGGLOMERATION DU SICOVAL","OK",""
"SPONT-intuiface","Candidature spontanée - Alternance Data / Science des données","INTUIFACE","OK",""
"SPONT-universite-de-bordeaux","Candidature spontanée - Alternance Data / Science des données","UNIVERSITE DE BORDEAUX","OK",""
"SPONT-direction-regionale-pole-emploi-languedo","Candidature spontanée - Alternance Data / Science des données","DIRECTION REGIONALE POLE EMPLOI LANGUEDOC ROUSSILLON","OK",""
"SPONT-cirad","Candidature spontanée - Alternance Data / Science des données","CIRAD","OK",""
"SPONT-banque-populaire-du-sud","Candidature spontanée - Alternance Data / Science des données","BANQUE POPULAIRE DU SUD","OK",""
"SPONT-interbev","Candidature spontanée - Alternance Data / Science des données","INTERBEV","OK",""
"SPONT-caisse-nationale-de-l-assurance-maladie","Candidature spontanée - Alternance Data / Science des données","CAISSE NATIONALE DE L'ASSURANCE MALADIE","OK",""
"SPONT-caplaser","Candidature spontanée - Alternance Data / Science des données","CAPLASER","OK",""
"SPONT-sarl-arkolia-energies","Candidature spontanée - Alternance Data / Science des données","SARL ARKOLIA ENERGIES","OK",""
"SPONT-aerospace-valley","Candidature spontanée - Alternance Data / Science des données","AEROSPACE VALLEY","OK",""
"SPONT-remarque-le-stage-a-ete-neutralise-en-20","Candidature spontanée - Alternance Data / Science des données","Remarque : le stage a été neutralisé en 2020 pour cause COVID. Beaucoup d'entreprises ont annulé la convention.","OK",""
"SPONT-udaf","Candidature spontanée - Alternance Data / Science des données","UDAF","OK",""
"SPONT-caisse-d-assurance-maladie-de-l-herault","Candidature spontanée - Alternance Data / Science des données","CAISSE D'ASSURANCE MALADIE DE L'HERAULT","OK",""
"SPONT-sarl-mat-elec","Candidature spontanée - Alternance Data / Science des données","SARL MAT ELEC","OK",""
"SPONT-centre-hospitalier","Candidature spontanée - Alternance Data / Science des données","CENTRE HOSPITALIER","OK",""
"SPONT-conseil-departemental-de-l-aude","Candidature spontanée - Alternance Data / Science des données","CONSEIL DEPARTEMENTAL DE L'AUDE","OK",""
"SPONT-spie-ics","Candidature spontanée - Alternance Data / Science des données","SPIE ICS","OK",""
"SPONT-e-reputation-defender","Candidature spontanée - Alternance Data / Science des données","E REPUTATION DEFENDER","OK",""
"SPONT-newton-concept","Candidature spontanée - Alternance Data / Science des données","NEWTON CONCEPT","OK",""
"SPONT-setrag-sa","Candidature spontanée - Alternance Data / Science des données","SETRAG SA","OK",""
"SPONT-saur","Candidature spontanée - Alternance Data / Science des données","SAUR","OK",""
"SPONT-agence-regionale-de-sante-occitanie","Candidature spontanée - Alternance Data / Science des données","AGENCE REGIONALE DE SANTE OCCITANIE","OK",""
"SPONT-winstate","Candidature spontanée - Alternance Data / Science des données","WINSTATE","OK",""
"SPONT-college-simone-de-beauvoir","Candidature spontanée - Alternance Data / Science des données","COLLEGE SIMONE DE BEAUVOIR","OK",""
"SPONT-institut-franco-europeen-de-chiropraxie","Candidature spontanée - Alternance Data / Science des données","INSTITUT FRANCO EUROPEEN DE CHIROPRAXIE","OK",""
"SPONT-etablissement-public-de-sante","Candidature spontanée - Alternance Data / Science des données","ETABLISSEMENT PUBLIC DE SANTE","OK",""
"SPONT-la-fille-du-midi","Candidature spontanée - Alternance Data / Science des données","LA FILLE DU MIDI","OK",""
"SPONT-gsc-marketing","Candidature spontanée - Alternance Data / Science des données","GSC MARKETING","OK",""
"SPONT-centre-hospitalier-limoux-quillan","Candidature spontanée - Alternance Data / Science des données","CENTRE HOSPITALIER LIMOUX QUILLAN","OK",""
"SPONT-mairie-d-avignon","Candidature spontanée - Alternance Data / Science des données","MAIRIE D'AVIGNON","OK",""
"SPONT-union-asa","Candidature spontanée - Alternance Data / Science des données","UNION ASA","OK",""
"SPONT-sncf-mobilite-direction-regionale-midi-p","Candidature spontanée - Alternance Data / Science des données","SNCF MOBILITE DIRECTION REGIONALE MIDI PYRENNES","OK",""
"SPONT-cytel-geneve","Candidature spontanée - Alternance Data / Science des données","CYTEL GENEVE","OK",""
"SPONT-zap-sarl","Candidature spontanée - Alternance Data / Science des données","ZAP SARL","OK",""
"SPONT-sasl-salle-de-jeu","Candidature spontanée - Alternance Data / Science des données","SASL SALLE DE JEU","OK",""
"SPONT-netia","Candidature spontanée - Alternance Data / Science des données","NETIA","OK",""
"SPONT-clinique-de-l-etang-et-de-l-olivier","Candidature spontanée - Alternance Data / Science des données","clinique de l'étang et de l'olivier","OK",""
"SPONT-caisses-familiales-de-l-aude","Candidature spontanée - Alternance Data / Science des données","Caisses Familiales de l'Aude","OK",""
"SPONT-dnsce","Candidature spontanée - Alternance Data / Science des données","DNSCE","OK",""
"SPONT-clinique-val-d-aurelle","Candidature spontanée - Alternance Data / Science des données","clinique Val d'Aurelle","OK",""
"SPONT-conseil-general-de-l-aude","Candidature spontanée - Alternance Data / Science des données","conseil Général de l'Aude","OK",""
"SPONT-institut-de-l-elevage","Candidature spontanée - Alternance Data / Science des données","Institut de l'élevage","OK",""
"SPONT-insee","Candidature spontanée - Alternance Data / Science des données","INSee","OK",""
"SPONT-chru-montpellier","Candidature spontanée - Alternance Data / Science des données","CHRU Montpellier","OK",""
"SPONT-ifsi-chu-carcassonne","Candidature spontanée - Alternance Data / Science des données","IFSI CHU carcassonne","OK",""
"SPONT-insee-aerospace-valley","Candidature spontanée - Alternance Data / Science des données","INSEE - Aerospace Valley","OK",""
"SPONT-rentreediscount-com","Candidature spontanée - Alternance Data / Science des données","Rentreediscount.com","OK",""
"SPONT-caf","Candidature spontanée - Alternance Data / Science des données","CAF","OK",""
"SPONT-ch-de-guingamp","Candidature spontanée - Alternance Data / Science des données","CH de GUINGAMP","OK",""
"SPONT-sadjbois","Candidature spontanée - Alternance Data / Science des données","SADJBOIS","OK",""
"SPONT-couleur-ciel","Candidature spontanée - Alternance Data / Science des données","COULEUR CIEL","OK",""
"SPONT-ene-o","Candidature spontanée - Alternance Data / Science des données","ENE'O","OK",""
"SPONT-conseil-departemental-service-sig","Candidature spontanée - Alternance Data / Science des données","Conseil Départemental - Service SIG","OK",""
"SPONT-maison-des-jeunes-et-de-la-culture","Candidature spontanée - Alternance Data / Science des données","Maison des Jeunes et de la Culture","OK",""
"SPONT-service-interentreprises-de-sante-au-tra","Candidature spontanée - Alternance Data / Science des données","Service Interentreprises de Santé  au Travail","OK",""
"SPONT-centre-hospitalier-universitaire","Candidature spontanée - Alternance Data / Science des données","CENTRE HOSPITALIER UNIVERSITAIRE","OK",""
"SPONT-amd-informatique","Candidature spontanée - Alternance Data / Science des données","AMD INFORMATIQUE","OK",""
"SPONT-agence-de-developpement-touristique-de-l","Candidature spontanée - Alternance Data / Science des données","AGENCE DE DEVELOPPEMENT TOURISTIQUE DE L'AUDE","OK",""
"SPONT-sas-coulot","Candidature spontanée - Alternance Data / Science des données","SAS COULOT","OK",""
"SPONT-sezarz-pharmacie-la-domitienne","Candidature spontanée - Alternance Data / Science des données","SEZARZ PHARMACIE LA DOMITIENNE","OK",""
"SPONT-scic-sapie","Candidature spontanée - Alternance Data / Science des données","SCIC SAPIE","OK",""
"SPONT-observatoire-de-la-sante-de-la-provence-","Candidature spontanée - Alternance Data / Science des données","OBSERVATOIRE DE LA SANTE DE LA PROVENCE DU LUXEMBOURG","OK",""
"SPONT-dassault-aviation","Candidature spontanée - Alternance Data / Science des données","DASSAULT AVIATION","OK",""
"SPONT-mission-locale-du-bassin-carcassonnais-a","Candidature spontanée - Alternance Data / Science des données","MISSION LOCALE DU BASSIN CARCASSONNAIS ASSOCIATION LOI 1901","OK",""
"SPONT-frederic-bianco-couvent-des-carmes-antiq","Candidature spontanée - Alternance Data / Science des données","FREDERIC BIANCO ""COUVENT DES CARMES"" ANTIQUITES DECORATIONS","OK",""
"SPONT-hyper-plein-ciel","Candidature spontanée - Alternance Data / Science des données","HYPER PLEIN CIEL","OK",""
"SPONT-organisation-internationale-de-la-vigne-","Candidature spontanée - Alternance Data / Science des données","ORGANISATION INTERNATIONALE DE LA VIGNE ET DU VIN","OK",""
"SPONT-inra-unite-experimentale-de-pech-rouge","Candidature spontanée - Alternance Data / Science des données","INRA UNITE EXPERIMENTALE DE PECH ROUGE","OK",""
"SPONT-thales-cryogenie","Candidature spontanée - Alternance Data / Science des données","THALES CRYOGENIE","OK",""
"SPONT-cnrs","Candidature spontanée - Alternance Data / Science des données","CNRS","OK",""
"SPONT-office-de-tourisme","Candidature spontanée - Alternance Data / Science des données","OFFICE DE TOURISME","OK",""
"SPONT-chru-de-montpellier","Candidature spontanée - Alternance Data / Science des données","CHRU DE MONTPELLIER","OK",""
"SPONT-cameron-france-sa","Candidature spontanée - Alternance Data / Science des données","CAMERON FRANCE SA","OK",""
"SPONT-cg-aude-service-tourisme","Candidature spontanée - Alternance Data / Science des données","CG Aude - Service Tourisme","OK",""
"SPONT-smmar","Candidature spontanée - Alternance Data / Science des données","SMMAR","OK",""
"SPONT-sist-sante-travail","Candidature spontanée - Alternance Data / Science des données","SIST - Santé Travail","OK",""
"SPONT-polygone-expertise-comptable","Candidature spontanée - Alternance Data / Science des données","POLYGONE EXPERTISE COMPTABLE","OK",""
"SPONT-sava-apajh-service-d-accompagnement-vers","Candidature spontanée - Alternance Data / Science des données","SAVA APAJH - Service d'accompagnement vers l'autonomie","OK",""
"SPONT-ephad","Candidature spontanée - Alternance Data / Science des données","EPHAD","OK",""
"SPONT-communaute-d-agglomeration-carcassonne-a","Candidature spontanée - Alternance Data / Science des données","Communauté d'agglomération Carcassonne Agglo","OK",""
"SPONT-sopra-group","Candidature spontanée - Alternance Data / Science des données","SOPRA GROUP","OK",""
"SPONT-laboratoire-arago","Candidature spontanée - Alternance Data / Science des données","Laboratoire ARAGO","OK",""
"SPONT-mairie-de-limoux","Candidature spontanée - Alternance Data / Science des données","Mairie de Limoux","OK",""
"SPONT-inra","Candidature spontanée - Alternance Data / Science des données","INRA","OK",""
"SPONT-office-national-de-la-chasse-et-de-la-fa","Candidature spontanée - Alternance Data / Science des données","OFFICE NATIONAL DE LA CHASSE ET DE LA FAUNE SAUVAGE","OK",""
"SPONT-universite-paul-sabatier","Candidature spontanée - Alternance Data / Science des données","Université Paul Sabatier","OK",""
"SPONT-mairie-de-saint-hippolyte","Candidature spontanée - Alternance Data / Science des données","Mairie de Saint Hippolyte","OK",""
"SPONT-chru-de-montpellier-hopital-la-colombier","Candidature spontanée - Alternance Data / Science des données","CHRU DE MONTPELLIER, Hôpital la Colombière","OK",""
"SPONT-ce-berger-levrault-labege","Candidature spontanée - Alternance Data / Science des données","CE BERGER-LEVRAULT LABEGE","OK",""
"SPONT-continental-automotive-france-sas","Candidature spontanée - Alternance Data / Science des données","CONTINENTAL AUTOMOTIVE FRANCE SAS","OK",""
"SPONT-caisse-d-allocations-familiales-de-l-aud","Candidature spontanée - Alternance Data / Science des données","CAISSE D'ALLOCATIONS FAMILIALES DE L'AUDE","OK",""
"SPONT-union-departementale-association-familia","Candidature spontanée - Alternance Data / Science des données","UNION DEPARTEMENTALE ASSOCIATION FAMILIALES","OK",""
"SPONT-alcatel-lucent-enterprise","Candidature spontanée - Alternance Data / Science des données","ALCATEL-LUCENT ENTERPRISE","OK",""
"SPONT-cci-beziers","Candidature spontanée - Alternance Data / Science des données","CCI BEZIERS","OK",""
"SPONT-hopital-apt","Candidature spontanée - Alternance Data / Science des données","Hôpital APT","OK",""
"SPONT-communaute-urbaine-du-grand-toulouse","Candidature spontanée - Alternance Data / Science des données","Communauté Urbaine du Grand Toulouse","OK",""
"SPONT-sarl-maisons-regionales-escourrou","Candidature spontanée - Alternance Data / Science des données","SARL MAISONS REGIONALES ESCOURROU","OK",""
"SPONT-agc-du-tarn","Candidature spontanée - Alternance Data / Science des données","AGC DU TARN","OK",""
"SPONT-cnes-iut","Candidature spontanée - Alternance Data / Science des données","CNES-IUT","OK",""
"SPONT-map-pamiers","Candidature spontanée - Alternance Data / Science des données","MAP - Pamiers","OK",""
"SPONT-cooperative-agricole-de-vinification","Candidature spontanée - Alternance Data / Science des données","Coopérative Agricole de Vinification","OK",""
"SPONT-scv-les-vignerons-douveillan","Candidature spontanée - Alternance Data / Science des données","SCV les Vignerons dOuveillan","OK",""
"SPONT-coop-agr-les-greniers-du-razes","Candidature spontanée - Alternance Data / Science des données","Coop. Agr. Les Greniers du Razès","OK",""
"SPONT-sca-audecoop","Candidature spontanée - Alternance Data / Science des données","SCA AUDECOOP","OK",""
"SPONT-college-st-exupery","Candidature spontanée - Alternance Data / Science des données","Collège St Exupéry","OK",""
"SPONT-mairie-de-bram","Candidature spontanée - Alternance Data / Science des données","Mairie de Bram","OK",""
"SPONT-onf-division-de-quillan","Candidature spontanée - Alternance Data / Science des données","ONF division de Quillan","OK",""
"SPONT-s-a-formica","Candidature spontanée - Alternance Data / Science des données","S.A. Formica","OK",""
"SPONT-federation-audoise-des-oeuvres-laiques","Candidature spontanée - Alternance Data / Science des données","Fédération Audoise des Oeuvres Laiques","OK",""
"SPONT-direction-de-la-statistique-division-de-","Candidature spontanée - Alternance Data / Science des données","DIRECTION DE LA STATISTIQUE Division de l'Information","OK",""
"SPONT-crca-mutuel-du-cantal","Candidature spontanée - Alternance Data / Science des données","CRCA Mutuel du Cantal","OK",""
"SPONT-ets-alaux-et-gestin-s-a","Candidature spontanée - Alternance Data / Science des données","Ets Alaux et Gestin S.A.","OK",""
"SPONT-euro-rscg-worldwide","Candidature spontanée - Alternance Data / Science des données","Euro RSCG Worldwide","OK",""
"SPONT-aude-micro-systemes","Candidature spontanée - Alternance Data / Science des données","Aude Micro Systèmes","OK",""
"SPONT-consessionnaire-fiat","Candidature spontanée - Alternance Data / Science des données","Consessionnaire FIAT","OK",""
"SPONT-cr-agr-midi-castelnau-le-lez","Candidature spontanée - Alternance Data / Science des données","Cr. Agr. Midi Castelnau-le-Lez","OK",""
"SPONT-samu-auchan-20","Candidature spontanée - Alternance Data / Science des données","SAMU - Auchan 20","OK",""
"SPONT-renault-grand-garage-de-catalogne-sa","Candidature spontanée - Alternance Data / Science des données","Renault - Grand Garage de Catalogne SA","OK",""
"SPONT-naxos-sarl","Candidature spontanée - Alternance Data / Science des données","Naxos Sarl","OK",""
"SPONT-association-la-maison-des-enfants","Candidature spontanée - Alternance Data / Science des données","Association La maison des enfants","OK",""
"SPONT-banque-populaire-p-o-a-a","Candidature spontanée - Alternance Data / Science des données","Banque Populaire P.O.A.A.","OK",""
"SPONT-centre-hospitalier-de-perpignan","Candidature spontanée - Alternance Data / Science des données","Centre Hospitalier de Perpignan","OK",""
"SPONT-comite-departemental-du-tourisme-p-o","Candidature spontanée - Alternance Data / Science des données","Comité Départemental du Tourisme P.O.","OK",""
"SPONT-reseau-champion-grdes-surf","Candidature spontanée - Alternance Data / Science des données","Réseau Champion (grdes surf.)","OK",""
"SPONT-conseil-general-des-pyrenees-orientales","Candidature spontanée - Alternance Data / Science des données","Conseil Général des Pyrénées Orientales","OK",""
"SPONT-ddaf-des-pyr-orientales","Candidature spontanée - Alternance Data / Science des données","DDAF des Pyr. Orientales","OK",""
"SPONT-dde-des-pyr-orientales","Candidature spontanée - Alternance Data / Science des données","DDE des Pyr. Orientales","OK",""
"SPONT-france-telecom-perpignan","Candidature spontanée - Alternance Data / Science des données","France Telecom Perpignan","OK",""
"SPONT-hopital-saint-jean-roussillon","Candidature spontanée - Alternance Data / Science des données","Hôpital Saint Jean Roussillon","OK",""
"SPONT-mutuelles-via-sante","Candidature spontanée - Alternance Data / Science des données","Mutuelles Via Santé","OK",""
"SPONT-ste-mediterraneenne-dinformatique","Candidature spontanée - Alternance Data / Science des données","Sté Méditerranéenne dInformatique","OK",""
"SPONT-cpam-des-pyrenees-orientales","Candidature spontanée - Alternance Data / Science des données","CPAM des Pyrénées Orientales","OK",""
"SPONT-caf-des-pyrenees-orientales","Candidature spontanée - Alternance Data / Science des données","CAF des Pyrénées Orientales","OK",""
"SPONT-cci-de-perpignan-et-des-p-o","Candidature spontanée - Alternance Data / Science des données","CCI de Perpignan et des P.O.","OK",""
"SPONT-s-a-s-p-usap","Candidature spontanée - Alternance Data / Science des données","S.A.S.P. USAP","OK",""
"SPONT-dir-des-services-fiscaux-des-p-o","Candidature spontanée - Alternance Data / Science des données","Dir. des Services Fiscaux des P.O.","OK",""
"SPONT-immo-perpignan-66","Candidature spontanée - Alternance Data / Science des données","Immo Perpignan 66","OK",""
"SPONT-crca-sud-mediterranee","Candidature spontanée - Alternance Data / Science des données","CRCA Sud Méditerranée","OK",""
"SPONT-sarl-naxos","Candidature spontanée - Alternance Data / Science des données","SARL Naxos","OK",""
"SPONT-ucavca","Candidature spontanée - Alternance Data / Science des données","UCAVCA","OK",""
"SPONT-mairie-dales","Candidature spontanée - Alternance Data / Science des données","Mairie dAlès","OK",""
"SPONT-merlin-gerin","Candidature spontanée - Alternance Data / Science des données","Merlin Gerin","OK",""
"SPONT-pechiney-rhenalu","Candidature spontanée - Alternance Data / Science des données","Pechiney-Rhenalu","OK",""
"SPONT-cnamts","Candidature spontanée - Alternance Data / Science des données","CNAMTS","OK",""
"SPONT-aude-materiaux","Candidature spontanée - Alternance Data / Science des données","Aude Matériaux","OK",""
"SPONT-sopragroup","Candidature spontanée - Alternance Data / Science des données","SOPRAGROUP","OK",""
"SPONT-caves-du-sieur-darques","Candidature spontanée - Alternance Data / Science des données","Caves du Sieur dArques","OK",""
"SPONT-aimery-sieur-darques","Candidature spontanée - Alternance Data / Science des données","Aimery Sieur dArques","OK",""
"SPONT-motorola","Candidature spontanée - Alternance Data / Science des données","MOTOROLA","OK",""
"SPONT-ude-micro-informatique","Candidature spontanée - Alternance Data / Science des données","@ude Micro Informatique","OK",""
"SPONT-service-departemental-dincendie-et-de-se","Candidature spontanée - Alternance Data / Science des données","Service Départemental dIncendie et de Secours de","OK",""
"SPONT-soc-des-producteurs-de-blanquette","Candidature spontanée - Alternance Data / Science des données","Soc. des Producteurs de Blanquette","OK",""
"SPONT-e-leclerc","Candidature spontanée - Alternance Data / Science des données","E. LECLERC","OK",""
"SPONT-pierre-fabre-institut-de-recherche","Candidature spontanée - Alternance Data / Science des données","Pierre Fabre - Institut de recherche","OK",""
"SPONT-pierre-fabre-dermo-cosmetique","Candidature spontanée - Alternance Data / Science des données","Pierre Fabre Dermo-Cosmétique","OK",""
"SPONT-cgx-system","Candidature spontanée - Alternance Data / Science des données","CGX System","OK",""
"SPONT-chic-castres-mazamet","Candidature spontanée - Alternance Data / Science des données","CHIC Castres-Mazamet","OK",""
"SPONT-agence-nationale-de-la-statistique-et-de","Candidature spontanée - Alternance Data / Science des données","Agence Nationale de la Statistique et de la Démographie","OK",""
"SPONT-direction-des-service-fiscaux","Candidature spontanée - Alternance Data / Science des données","Direction des Service Fiscaux","OK",""
"SPONT-capeb-aude","Candidature spontanée - Alternance Data / Science des données","CAPEB Aude","OK",""
"SPONT-caf-du-lot","Candidature spontanée - Alternance Data / Science des données","CAF du Lot","OK",""
"SPONT-sabate-s-a-espace-tech-ulrich","Candidature spontanée - Alternance Data / Science des données","Sabaté S.A. - Espace Tech Ulrich","OK",""
"SPONT-laboratoire-de-recherches-zootechniques-","Candidature spontanée - Alternance Data / Science des données","Laboratoire de Recherches zootechniques et vétérin","OK",""
"SPONT-centre-hospitalier-de-lezignan","Candidature spontanée - Alternance Data / Science des données","Centre Hospitalier de Lézignan","OK",""
"SPONT-eponia-informatique","Candidature spontanée - Alternance Data / Science des données","Eponia informatique","OK",""
"SPONT-institut-de-medecine-tropicale-service-d","Candidature spontanée - Alternance Data / Science des données","Institut de Medecine Tropicale- Service de Santé d","OK",""
"SPONT-s-a-sud-regal","Candidature spontanée - Alternance Data / Science des données","S.A. Sud  Régal","OK",""
"SPONT-dyneff-s-a","Candidature spontanée - Alternance Data / Science des données","Dyneff S.A.","OK",""
"SPONT-pole-sud-sa-sud-regal","Candidature spontanée - Alternance Data / Science des données","Pôle Sud - SA SUD REGAL","OK",""
"SPONT-bio-vivre","Candidature spontanée - Alternance Data / Science des données","Bio Vivre","OK",""
"SPONT-sa-svd-regal","Candidature spontanée - Alternance Data / Science des données","SA SVD REGAL","OK",""
"SPONT-sigma-mediterrannee","Candidature spontanée - Alternance Data / Science des données","SIGMA Méditerrannée","OK",""
"SPONT-silvavenir","Candidature spontanée - Alternance Data / Science des données","SILVAVENIR","OK",""
"SPONT-maison-de-lentreprise","Candidature spontanée - Alternance Data / Science des données","Maison de lEntreprise","OK",""
"SPONT-express-maree","Candidature spontanée - Alternance Data / Science des données","EXPRESS MAREE","OK",""
"SPONT-centre-hospitalier-de-millau","Candidature spontanée - Alternance Data / Science des données","Centre Hospitalier de Millau","OK",""
"SPONT-spanghero-s-a","Candidature spontanée - Alternance Data / Science des données","SPANGHERO S.A.","OK",""
"SPONT-societe-generale-de-millau","Candidature spontanée - Alternance Data / Science des données","Société Générale de Millau","OK",""
"SPONT-pizzeria-chez-pierrot","Candidature spontanée - Alternance Data / Science des données","Pizzeria <<Chez Pierrot>>","OK",""
"SPONT-jacques-roux-travaux-agricoles","Candidature spontanée - Alternance Data / Science des données","Jacques Roux - Travaux Agricoles","OK",""
"SPONT-cci-de-foix","Candidature spontanée - Alternance Data / Science des données","CCI de Foix","OK",""
"SPONT-prefecture-de-lariege","Candidature spontanée - Alternance Data / Science des données","Préfecture de lAriège","OK",""
"SPONT-credit-agricole-du-midi","Candidature spontanée - Alternance Data / Science des données","Crédit Agricole du Midi","OK",""
"SPONT-cpam-de-lariege","Candidature spontanée - Alternance Data / Science des données","CPAM de lAriège","OK",""
"SPONT-conseil-general-de-lariege","Candidature spontanée - Alternance Data / Science des données","Conseil Général de lAriège","OK",""
"SPONT-erdf","Candidature spontanée - Alternance Data / Science des données","ErDF","OK",""
"SPONT-mairie-de-foix","Candidature spontanée - Alternance Data / Science des données","Mairie de Foix","OK",""
"SPONT-sillage","Candidature spontanée - Alternance Data / Science des données","Sillage","OK",""
"SPONT-recette-des-impots","Candidature spontanée - Alternance Data / Science des données","Recette des Impôts","OK",""
"SPONT-caf-de-toulouse","Candidature spontanée - Alternance Data / Science des données","CAF de Toulouse","OK",""
"SPONT-elyo-ocean","Candidature spontanée - Alternance Data / Science des données","Elyo Ocean","OK",""
"SPONT-irit-universite-toulouse","Candidature spontanée - Alternance Data / Science des données","IRIT Université Toulouse","OK",""
"SPONT-ombres-blanches","Candidature spontanée - Alternance Data / Science des données","Ombres Blanches","OK",""
"SPONT-credit-agricole-mutuel-de-toulouse","Candidature spontanée - Alternance Data / Science des données","Crédit Agricole Mutuel de Toulouse","OK",""
"SPONT-chu-purpan","Candidature spontanée - Alternance Data / Science des données","CHU Purpan","OK",""
"SPONT-banque-courtois","Candidature spontanée - Alternance Data / Science des données","Banque Courtois","OK",""
"SPONT-office-national-des-forets","Candidature spontanée - Alternance Data / Science des données","Office National des Forêts","OK",""
"SPONT-sncf-toulouse","Candidature spontanée - Alternance Data / Science des données","SNCF Toulouse","OK",""
"SPONT-cancava","Candidature spontanée - Alternance Data / Science des données","CANCAVA","OK",""
"SPONT-conseil-regional-midi-pyrenees","Candidature spontanée - Alternance Data / Science des données","Conseil Régional Midi-Pyrénées","OK",""
"SPONT-centre-d-archeologie-ehess-cnrs-umr-150","Candidature spontanée - Alternance Data / Science des données","Centre d'archéologie - EHESS -CNRS - UMR 150","OK",""
"SPONT-latelec","Candidature spontanée - Alternance Data / Science des données","LATELEC","OK",""
"SPONT-siemens-automotive-s-a","Candidature spontanée - Alternance Data / Science des données","SIEMENS Automotive S.A.","OK",""
"SPONT-meteo-france-toulouse","Candidature spontanée - Alternance Data / Science des données","Météo-France Toulouse","OK",""
"SPONT-siemens-vdo-automotive","Candidature spontanée - Alternance Data / Science des données","SIEMENS VDO Automotive","OK",""
"SPONT-laboratoire-de-neurologie-de-l-insecte","Candidature spontanée - Alternance Data / Science des données","Laboratoire de Neurologie de l'insecte","OK",""
"SPONT-e-a-d-s-matra-systemes","Candidature spontanée - Alternance Data / Science des données","E.A.D.S. Matra Systemes","OK",""
"SPONT-france-telecom-toulouse","Candidature spontanée - Alternance Data / Science des données","France Télécom Toulouse","OK",""
"SPONT-iter-sarl","Candidature spontanée - Alternance Data / Science des données","ITER SARL","OK",""
"SPONT-adonlead-networks","Candidature spontanée - Alternance Data / Science des données","AdonLead Networks","OK",""
"SPONT-sumotori-networks","Candidature spontanée - Alternance Data / Science des données","SUMOTORI NETWORKS","OK",""
"SPONT-air-france","Candidature spontanée - Alternance Data / Science des données","AIR FRANCE","OK",""
"SPONT-dga-dpm-sq","Candidature spontanée - Alternance Data / Science des données","DGA/DPM/SQ","OK",""
"SPONT-conseil-general-de-la-haute-garonne","Candidature spontanée - Alternance Data / Science des données","Conseil Général de la Haute Garonne","OK",""
"SPONT-jean-philippe-ismael","Candidature spontanée - Alternance Data / Science des données","Jean-Philippe ISMAËL","OK",""
"SPONT-mairie-de-toulouse-direction-des-systeme","Candidature spontanée - Alternance Data / Science des données","Mairie de Toulouse - Direction des Systèmes Inform","OK",""
"SPONT-tresorerie-generale-de-la-haute-garonne","Candidature spontanée - Alternance Data / Science des données","Trésorerie Générale de la Haute Garonne","OK",""
"SPONT-airbus-usine-guynemer","Candidature spontanée - Alternance Data / Science des données","AIRBUS - Usine Guynemer","OK",""
"SPONT-mairie-de-toulouse","Candidature spontanée - Alternance Data / Science des données","Mairie de Toulouse","OK",""
"SPONT-la-poste-toulouse","Candidature spontanée - Alternance Data / Science des données","La Poste Toulouse","OK",""
"SPONT-airbus-operations-sas","Candidature spontanée - Alternance Data / Science des données","AIRBUS Opérations SAS","OK",""
"SPONT-geo-signal","Candidature spontanée - Alternance Data / Science des données","Géo Signal","OK",""
"SPONT-gls","Candidature spontanée - Alternance Data / Science des données","GLS","OK",""
"SPONT-6-image","Candidature spontanée - Alternance Data / Science des données","6                                                IMAGE","OK",""
"SPONT-7-edf-cres-sud-ouest","Candidature spontanée - Alternance Data / Science des données","7                                   EDF CRES Sud-Ouest","OK",""
"SPONT-8-s-n-c-f-toulouse-deleg-reg-ressources-","Candidature spontanée - Alternance Data / Science des données","8    S.N.C.F. Toulouse-Délég. Rég. Ressources Humaines","OK",""
"SPONT-9-airbus-industrie-blagnac","Candidature spontanée - Alternance Data / Science des données","9                           AIRBUS Industrie - Blagnac","OK",""
"SPONT-0-christian-celinain","Candidature spontanée - Alternance Data / Science des données","0                                   Christian Célinain","OK",""
"SPONT-1-c-u-g-t-service-circulation-et-transpo","Candidature spontanée - Alternance Data / Science des données","1            C.U.G.T -Service Circulation et Transport","OK",""
"SPONT-2-groupe-lg","Candidature spontanée - Alternance Data / Science des données","2                                            GROUPE LG","OK",""
"SPONT-3-cci-de-toulouse","Candidature spontanée - Alternance Data / Science des données","3                                      CCI de Toulouse","OK",""
"SPONT-4-lyonnaise-des-eaux-toulouse","Candidature spontanée - Alternance Data / Science des données","4                          Lyonnaise des Eaux Toulouse","OK",""
"SPONT-5-universite-toulouse-le-mirail","Candidature spontanée - Alternance Data / Science des données","5                        Université Toulouse Le Mirail","OK",""
"SPONT-6-liebherr-aerospace-toulouse","Candidature spontanée - Alternance Data / Science des données","6                          LIEBHERR AEROSPACE TOULOUSE","OK",""
"SPONT-7-technal","Candidature spontanée - Alternance Data / Science des données","7                                              TECHNAL","OK",""
"SPONT-8-airbus-colomiers","Candidature spontanée - Alternance Data / Science des données","8                                     Airbus Colomiers","OK",""
"SPONT-9-comite-regional-midi-pyrenees-de-natat","Candidature spontanée - Alternance Data / Science des données","9           Comité Régional Midi-Pyrénées  de Natation","OK",""
"SPONT-0-airbus-france-departement-des-ressourc","Candidature spontanée - Alternance Data / Science des données","0    AIRBUS France-Département des Ressources Humaines","OK",""
"SPONT-1-la-depeche-du-midi","Candidature spontanée - Alternance Data / Science des données","1                                   La Dépêche du Midi","OK",""
"SPONT-2-repro-service","Candidature spontanée - Alternance Data / Science des données","2                                        Repro Service","OK",""
"SPONT-3-acco-france","Candidature spontanée - Alternance Data / Science des données","3                                          ACCO France","OK",""
"SPONT-4-dreal-midi-pyrenees","Candidature spontanée - Alternance Data / Science des données","4                                  DREAL Midi-Pyrénées","OK",""
"SPONT-5-ceat-centre-dessais-aeronautiques-de-t","Candidature spontanée - Alternance Data / Science des données","5      CEAT - Centre dessais aéronautiques de Toulouse","OK",""
"SPONT-6-edf-gdf-services-pyrenees-gascogne","Candidature spontanée - Alternance Data / Science des données","6                   EDF-GDF services Pyrénées-Gascogne","OK",""
"SPONT-7-urssaf-haute-garonne","Candidature spontanée - Alternance Data / Science des données","7                                 URSSAF Haute-Garonne","OK",""
"SPONT-8-latecoere","Candidature spontanée - Alternance Data / Science des données","8                                            LATECOERE","OK",""
"SPONT-9-comite-departemental-du-tourisme-hg","Candidature spontanée - Alternance Data / Science des données","9                  Comité Départemental du Tourisme HG","OK",""
"SPONT-0-sogeti-high-tech","Candidature spontanée - Alternance Data / Science des données","0                                     SOGETI HIGH TECH","OK",""
"SPONT-1-association-diocesienne","Candidature spontanée - Alternance Data / Science des données","1                              Association Diocésienne","OK",""
"SPONT-2-edf-gdf-toulouse","Candidature spontanée - Alternance Data / Science des données","2                                     EDF-GDF Toulouse","OK",""
"SPONT-3-institut-de-recherche-pierre-fabre","Candidature spontanée - Alternance Data / Science des données","3                   Institut de Recherche Pierre Fabre","ECHEC (generate_letter.py)","generate_letter.py a echoue (code 1)"
"SPONT-4-ass-audoise-deconomie-montagnarde-et-d","Candidature spontanée - Alternance Data / Science des données","4     Ass. Audoise dEconomie Montagnarde et Dév. Local","OK",""
"SPONT-5-labo-neurologie-et-comportement","Candidature spontanée - Alternance Data / Science des données","5                     Labo. Neurologie et Comportement","OK",""
"SPONT-6-laboratoire-edb","Candidature spontanée - Alternance Data / Science des données","6                                      Laboratoire EDB","OK",""
"SPONT-7-conseil-general-de-la-haute-garonne","Candidature spontanée - Alternance Data / Science des données","7                  Conseil General de la Haute-Garonne","OK",""
"SPONT-8-minist-economie-et-finances","Candidature spontanée - Alternance Data / Science des données","8                         Minist. Economie et Finances","OK",""
"SPONT-9-semidias","Candidature spontanée - Alternance Data / Science des données","9                                             SEMIDIAS","OK",""
"SPONT-0-ateliers-doccitanie","Candidature spontanée - Alternance Data / Science des données","0                                  Ateliers dOccitanie","OK",""
"SPONT-1-siemens-vdo-automotive-s-a-s","Candidature spontanée - Alternance Data / Science des données","1                        Siemens VDO Automotive S.A.S.","OK",""
"SPONT-2-insee-toulouse","Candidature spontanée - Alternance Data / Science des données","2                                       INSEE Toulouse","OK",""
"SPONT-3-csi-sa","Candidature spontanée - Alternance Data / Science des données","3                                               CSI SA","OK",""
"SPONT-4-mairie-de-toulouse","Candidature spontanée - Alternance Data / Science des données","4                                   Mairie de Toulouse","OK",""
"SPONT-5-dir-regionale-industrie-recherche-et-e","Candidature spontanée - Alternance Data / Science des données","5           Dir. Régionale Industrie Recherche et Env.","OK",""
"SPONT-6-erdf","Candidature spontanée - Alternance Data / Science des données","6                                                 ErDF","OK",""
"SPONT-7-adil-saint-brieux","Candidature spontanée - Alternance Data / Science des données","7                                    ADIL Saint-Brieux","OK",""
"SPONT-8-credit-mutuel-de-bretagne-d-d-des-cote","Candidature spontanée - Alternance Data / Science des données","8    Crédit Mutuel de Bretagne - D.D. des Côtes dArmor","OK",""
"SPONT-9-electricite-de-france-cnpe-de-golfech","Candidature spontanée - Alternance Data / Science des données","9              Electricité de France - CNPE de Golfech","OK",""
"SPONT-0-caisse-depargne-loire-drome-ardeche","Candidature spontanée - Alternance Data / Science des données","0                  Caisse dEpargne Loire-Drôme-Ardèche","OK",""
"SPONT-1-dde-de-la-lozere","Candidature spontanée - Alternance Data / Science des données","1                                     DDE de la Lozère","OK",""
"SPONT-2-claritas","Candidature spontanée - Alternance Data / Science des données","2                                             CLARITAS","OK",""
"SPONT-3-ddaf-de-la-lozere","Candidature spontanée - Alternance Data / Science des données","3                                    DDAF de la Lozère","OK",""
"SPONT-michelin-manufacture-francaise-des-pneum","Candidature spontanée - Alternance Data / Science des données","MICHELIN - Manufacture française des pneumatiques","OK",""
"SPONT-dde","Candidature spontanée - Alternance Data / Science des données","DDE","OK",""
"SPONT-conseil-general-de-la-lozere","Candidature spontanée - Alternance Data / Science des données","Conseil général de la Lozère","OK",""
"SPONT-7-coriolis-sarl","Candidature spontanée - Alternance Data / Science des données","7                                        CORIOLIS SARL","OK",""
"SPONT-8-sud-regal","Candidature spontanée - Alternance Data / Science des données","8                                            SUD REGAL","OK",""
"SPONT-9-centre-detudes-de-grammat","Candidature spontanée - Alternance Data / Science des données","9                            Centre dEtudes de Grammat","OK",""
"SPONT-0-plastic-auvergne","Candidature spontanée - Alternance Data / Science des données","0                                     Plastic Auvergne","OK",""
"SPONT-1-inra-de-narbonne","Candidature spontanée - Alternance Data / Science des données","1                                     INRA de Narbonne","OK",""
"SPONT-2-narbonne-accessoires-s-a","Candidature spontanée - Alternance Data / Science des données","2                            Narbonne Accessoires S.A.","OK",""
"SPONT-3-dde-de-narbonne","Candidature spontanée - Alternance Data / Science des données","3                                      DDE de Narbonne","OK",""
"SPONT-4-clinique-les-genets","Candidature spontanée - Alternance Data / Science des données","4                                  Clinique Les Genêts","OK",""
"SPONT-5-france-telecom-narbonne","Candidature spontanée - Alternance Data / Science des données","5                              France Télécom Narbonne","OK",""
"SPONT-6-groupe-credit-mutuel-arkea","Candidature spontanée - Alternance Data / Science des données","6                           Groupe Crédit Mutuel ARKEA","OK",""
"SPONT-7-aut-du-sud-france-narbonne","Candidature spontanée - Alternance Data / Science des données","7                        Aut. du Sud France - Narbonne","OK",""
"SPONT-8-techsia-s-a","Candidature spontanée - Alternance Data / Science des données","8                                         TECHSIA S.A.","OK",""
"SPONT-9-auat","Candidature spontanée - Alternance Data / Science des données","9                                                 AUAT","OK",""
"SPONT-0-mairie-de-narbonne","Candidature spontanée - Alternance Data / Science des données","0                                   Mairie de Narbonne","OK",""
"SPONT-1-cr-agr-entreprises-narbonne","Candidature spontanée - Alternance Data / Science des données","1                        Cr. Agr. Entreprises Narbonne","OK",""
"SPONT-2-civl","Candidature spontanée - Alternance Data / Science des données","2                                                 CIVL","OK",""
"SPONT-cci-de-narbonne","Candidature spontanée - Alternance Data / Science des données","CCI de Narbonne","OK",""
"SPONT-4-adesea-du-lot","Candidature spontanée - Alternance Data / Science des données","4                                        ADESEA du Lot","OK",""
"SPONT-5-comurhex-usine-de-malvesi","Candidature spontanée - Alternance Data / Science des données","5                          Comurhex - Usine de Malvesi","OK",""
"SPONT-6-centre-hospitalier-de-narbonne","Candidature spontanée - Alternance Data / Science des données","6                       Centre Hospitalier de Narbonne","OK",""
"SPONT-7-association-trisomie-21-aude","Candidature spontanée - Alternance Data / Science des données","7                         Association Trisomie 21 AUDE","OK",""
"SPONT-8-parifidex","Candidature spontanée - Alternance Data / Science des données","8                                            Parifidex","OK",""
"SPONT-9-commissariat-central-de-narbonne","Candidature spontanée - Alternance Data / Science des données","9                     Commissariat central de Narbonne","OK",""
"SPONT-0-cerm-sa-centre-dessais-routiers","Candidature spontanée - Alternance Data / Science des données","0                    CERM SA - Centre dessais routiers","OK",""
"SPONT-1-vss-vitrage-de-securite-du-sud","Candidature spontanée - Alternance Data / Science des données","1                     VSS - Vitrage de Sécurité du Sud","OK",""
"SPONT-2-k-p-m-g","Candidature spontanée - Alternance Data / Science des données","2                                             K.P.M.G.","OK",""
"SPONT-3-centr-reg-des-serv-financ-de-la-poste","Candidature spontanée - Alternance Data / Science des données","3            Centr. rég. des serv. financ. de La Poste","OK",""
"SPONT-4-mairie-de-castelnaudary","Candidature spontanée - Alternance Data / Science des données","4                              Mairie de Castelnaudary","OK",""
"SPONT-5-cci-dalbi","Candidature spontanée - Alternance Data / Science des données","5                                            CCI dAlbi","OK",""
"SPONT-6-a-n-p-e-aurillac","Candidature spontanée - Alternance Data / Science des données","6                                    A.N.P.E. Aurillac","OK",""
"SPONT-7-mairie-de-perpignan","Candidature spontanée - Alternance Data / Science des données","7                                  Mairie de Perpignan","OK",""
"SPONT-8-domaine-des-deux-terres","Candidature spontanée - Alternance Data / Science des données","8                              Domaine des deux Terres","OK",""
"SPONT-9-la-poste-castelnaudary","Candidature spontanée - Alternance Data / Science des données","9                               La Poste Castelnaudary","OK",""
"SPONT-0-capitole-finance","Candidature spontanée - Alternance Data / Science des données","0                                     Capitole Finance","OK",""
"SPONT-1-groupe-cooperatif-occitan","Candidature spontanée - Alternance Data / Science des données","1                            Groupe Coopératif Occitan","OK",""
"SPONT-2-arca","Candidature spontanée - Alternance Data / Science des données","2                                                 ARCA","OK",""
"SPONT-3-anpe-delegation-departementale","Candidature spontanée - Alternance Data / Science des données","3                     ANPE - Délégation départementale","OK",""
"SPONT-4-observatoire-de-lintegration-et-de-la-","Candidature spontanée - Alternance Data / Science des données","4          Observatoire de lIntégration et de la ville","OK",""
"SPONT-5-region-alsace","Candidature spontanée - Alternance Data / Science des données","5                                        Région Alsace","OK",""
"SPONT-6-centre-hospitalier-de-poissy","Candidature spontanée - Alternance Data / Science des données","6                         Centre Hospitalier de Poissy","OK",""
"SPONT-7-mairie-de-montmagny","Candidature spontanée - Alternance Data / Science des données","7                                  Mairie de Montmagny","OK",""
"SPONT-labinial","Candidature spontanée - Alternance Data / Science des données","LABINIAL","OK",""
"SPONT-9-sna-sud","Candidature spontanée - Alternance Data / Science des données","9                                              SNA/Sud","OK",""
"SPONT-0-airbus-france-usine-st-martin-est-engi","Candidature spontanée - Alternance Data / Science des données","0       AIRBUS France-Usine St Martin Est- Engineering","OK",""
"SPONT-1-inra-gruissan-station-experim-de-pech-","Candidature spontanée - Alternance Data / Science des données","1       INRA Gruissan - Station expérim. de Pech-Rouge","OK",""
"SPONT-2-stbl-guiraud-freres","Candidature spontanée - Alternance Data / Science des données","2                                  STBL Guiraud Frères","OK",""
"SPONT-3-edf-gdf-services-gard-cevennes","Candidature spontanée - Alternance Data / Science des données","3                       EDF-GDF services Gard-Cévennes","OK",""
"SPONT-4-generale-de-restauration-cuisine-centr","Candidature spontanée - Alternance Data / Science des données","4          Générale de Restauration - Cuisine centrale","OK",""
"SPONT-5-cevenole-de-protection","Candidature spontanée - Alternance Data / Science des données","5                               CEVENOLE de PROTECTION","OK",""
"SPONT-6-crca-du-gard","Candidature spontanée - Alternance Data / Science des données","6                                         CRCA du Gard","OK",""
"SPONT-7-brl-ingenierie","Candidature spontanée - Alternance Data / Science des données","7                                       BRL Ingenierie","OK",""
"SPONT-8-code-30-cci-de-nimes-et-ales","Candidature spontanée - Alternance Data / Science des données","8                       CODE 30 - CCI de Nîmes et Alès","OK",""
"SPONT-9-arges-loudes","Candidature spontanée - Alternance Data / Science des données","9                                         Arges Loudes","OK",""
"SPONT-0-asc2i-nimes","Candidature spontanée - Alternance Data / Science des données","0                                          ASC2i Nîmes","OK",""
"SPONT-1-chambre-dagriculture-du-gard","Candidature spontanée - Alternance Data / Science des données","1                         Chambre dAgriculture du Gard","OK",""
"SPONT-2-andre","Candidature spontanée - Alternance Data / Science des données","2                                                ANDRE","OK",""
"SPONT-statitec","Candidature spontanée - Alternance Data / Science des données","STATITEC","OK",""
"SPONT-4-ictus","Candidature spontanée - Alternance Data / Science des données","4                                                Ictus","OK",""
"SPONT-5-affaires-maritimes-de-sete","Candidature spontanée - Alternance Data / Science des données","5                           Affaires Maritimes de Sète","OK",""
"SPONT-6-sncf-reg-montpellier-circ-dexpl-nimes","Candidature spontanée - Alternance Data / Science des données","6           SNCF rég. Montpellier - Circ. dexpl. Nîmes","OK",""
"SPONT-7-imagis-mediterranee","Candidature spontanée - Alternance Data / Science des données","7                                  Imagis Méditérranée","OK",""
"SPONT-8-ddpjj","Candidature spontanée - Alternance Data / Science des données","8                                                DDPJJ","OK",""
"SPONT-9-cpam-du-gard","Candidature spontanée - Alternance Data / Science des données","9                                         CPAM du Gard","OK",""
"SPONT-0-le-domaine-de-bordere","Candidature spontanée - Alternance Data / Science des données","0                                Le Domaine de Bordère","OK",""
"SPONT-1-organic","Candidature spontanée - Alternance Data / Science des données","1                                              Organic","OK",""
"SPONT-2-rhone-poulenc-rorer","Candidature spontanée - Alternance Data / Science des données","2                                  Rhône-Poulenc Rorer","OK",""
"SPONT-3-lrs-languedoc-roussillon-signalisation","Candidature spontanée - Alternance Data / Science des données","3             LRS - Languedoc-Roussillon Signalisation","OK",""
"SPONT-4-mairie-du-cannet","Candidature spontanée - Alternance Data / Science des données","4                                     Mairie du Cannet","OK",""
"SPONT-5-magellan-geomatique","Candidature spontanée - Alternance Data / Science des données","5                                  Magellan Géomatique","OK",""
"SPONT-6-hachette-livre-s-a-branche-industrie-e","Candidature spontanée - Alternance Data / Science des données","6   Hachette Livre S.A. - Branche Industrie et Service","OK",""
"SPONT-7-aut-du-sud-france-dre-orange","Candidature spontanée - Alternance Data / Science des données","7                      Aut. du Sud France - DRE Orange","OK",""
"SPONT-8-base-aerienne-115-orange","Candidature spontanée - Alternance Data / Science des données","8                             Base Aérienne 115 Orange","OK",""
"SPONT-9-mairie-des-mureaux","Candidature spontanée - Alternance Data / Science des données","9                                   Mairie des Mureaux","OK",""
"SPONT-0-salinas-de-torrevieja","Candidature spontanée - Alternance Data / Science des données","0                                Salinas de Torrevieja","OK",""
"SPONT-1-font-badia-s-l","Candidature spontanée - Alternance Data / Science des données","1                                      FONT BADIA S.L.","OK",""
"SPONT-2-imprimerie-nouvelle-des-accacias","Candidature spontanée - Alternance Data / Science des données","2                     Imprimerie Nouvelle des Accacias","OK",""
"SPONT-3-conforama-puygouzon","Candidature spontanée - Alternance Data / Science des données","3                                Conforama - Puygouzon","OK",""
"SPONT-4-eatc","Candidature spontanée - Alternance Data / Science des données","4                                                 EATC","OK",""
"SPONT-5-aqueduc","Candidature spontanée - Alternance Data / Science des données","5                                              AQUEDUC","OK",""
"SPONT-6-renault-sa-92500","Candidature spontanée - Alternance Data / Science des données","6                                     Renault SA 92500","OK",""
"SPONT-7-ibm-la-gaude","Candidature spontanée - Alternance Data / Science des données","7                                         IBM La Gaude","OK",""
"SPONT-8-mgp","Candidature spontanée - Alternance Data / Science des données","8                                                  MGP","OK",""
"SPONT-9-cci-de-rodez","Candidature spontanée - Alternance Data / Science des données","9                                         CCI de Rodez","OK",""
"SPONT-0-cpam-de-laveyron","Candidature spontanée - Alternance Data / Science des données","0                                     CPAM de lAveyron","OK",""
"SPONT-1-la-mediatheque-de-la-c-a-n","Candidature spontanée - Alternance Data / Science des données","1                          La Médiathèque de la C.A.N.","OK",""
"SPONT-2-urssaf-de-laveyron","Candidature spontanée - Alternance Data / Science des données","2                                   URSSAF DE LAVEYRON","OK",""
"SPONT-3-caf-de-laveyron","Candidature spontanée - Alternance Data / Science des données","3                                      CAF de lAveyron","OK",""
"SPONT-4-aut-du-sud-france-vedene","Candidature spontanée - Alternance Data / Science des données","4                          Aut. du Sud France - Vedène","OK",""
"SPONT-5-golgemma-sa","Candidature spontanée - Alternance Data / Science des données","5                                          Golgemma SA","OK",""
"SPONT-6-institute-of-food-research-reading-lab","Candidature spontanée - Alternance Data / Science des données","6      Institute of Food Research - Reading laboratory","OK",""
"SPONT-7-les-caves-rocbere","Candidature spontanée - Alternance Data / Science des données","7                                    Les Caves Rocbère","OK",""
"SPONT-8-acacia-club","Candidature spontanée - Alternance Data / Science des données","8                                          ACACIA CLUB","OK",""
"SPONT-9-sct-sud-vaison-la-romaine","Candidature spontanée - Alternance Data / Science des données","9                            SCT Sud Vaison la Romaine","OK",""
"SPONT-0-iris-media-thierry-poirrier","Candidature spontanée - Alternance Data / Science des données","0                        IRIS MEDIA - Thierry Poirrier","OK",""
"SPONT-1-c-hospitalier-de-grasse","Candidature spontanée - Alternance Data / Science des données","1                             C. Hospitalier de Grasse","OK",""
"SPONT-2-afpa","Candidature spontanée - Alternance Data / Science des données","2                                                 AFPA","OK",""
"SPONT-3-elf-atochem","Candidature spontanée - Alternance Data / Science des données","3                                          ELF ATOCHEM","OK",""
"SPONT-4-melpomen-s-a","Candidature spontanée - Alternance Data / Science des données","4                                        MELPOMEN S.A.","OK",""
"SPONT-direction-de-la-statistique-haut-commiss","Candidature spontanée - Alternance Data / Science des données","Direction de la Statistique - Haut Commissariat au","OK",""
"SPONT-6-college-st-victrice","Candidature spontanée - Alternance Data / Science des données","6                                  Collège St Victrice","OK",""
"SPONT-7-ch-dagr-du-tarn","Candidature spontanée - Alternance Data / Science des données","7                                    Ch. dAgr. du Tarn","OK",""
"SPONT-8-cpam-du-tarn","Candidature spontanée - Alternance Data / Science des données","8                                         CPAM du Tarn","OK",""
"SPONT-9-ephe","Candidature spontanée - Alternance Data / Science des données","9                                                 EPHE","OK",""
"SPONT-0-insee-martinique","Candidature spontanée - Alternance Data / Science des données","0                                     INSEE Martinique","ECHEC (generate_letter.py)","generate_letter.py a echoue (code 1)"
"SPONT-1-sarl-informatique-verte","Candidature spontanée - Alternance Data / Science des données","1                              SARL Informatique Verte","OK",""
"SPONT-2-mairie-de-toulouse-service-circulation","Candidature spontanée - Alternance Data / Science des données","2   Mairie de Toulouse - Service Circulation Transport","OK",""
"SPONT-3-urssaf-81-u-albi","Candidature spontanée - Alternance Data / Science des données","3                                     URSSAF 81-U Albi","OK",""
"SPONT-4-meteo-france-albi","Candidature spontanée - Alternance Data / Science des données","4                                    Météo-France Albi","OK",""
"SPONT-5-mairie-dalbi","Candidature spontanée - Alternance Data / Science des données","5                                         Mairie dAlbi","OK",""
"SPONT-6-seml-futuroscope","Candidature spontanée - Alternance Data / Science des données","6                                     SEML Futuroscope","OK",""
"SPONT-7-tresorerie-generale-seef","Candidature spontanée - Alternance Data / Science des données","7                             Trésorerie Générale SEEF","OK",""
"SPONT-8-auto-cite","Candidature spontanée - Alternance Data / Science des données","8                                            Auto Cité","OK",""
"SPONT-9-cer","Candidature spontanée - Alternance Data / Science des données","9                                                  CER","OK",""
"SPONT-direction-dep-jeunesse-et-sports-de-laud","Candidature spontanée - Alternance Data / Science des données","Direction Dép. Jeunesse et Sports de lAude","OK",""
"SPONT-onf-serv-dep-de-laude","Candidature spontanée - Alternance Data / Science des données","ONF serv. dép. de lAude","OK",""
"SPONT-croix-rouge-francaise","Candidature spontanée - Alternance Data / Science des données","Croix Rouge Française","OK",""
"SPONT-msa-carcassonne","Candidature spontanée - Alternance Data / Science des données","MSA Carcassonne","OK",""
"SPONT-4-centre-de-gestion-agree-de-laude","Candidature spontanée - Alternance Data / Science des données","4                     Centre de Gestion agréé de lAude","OK",""
"SPONT-5-dir-dep-des-services-dincendie-de-laud","Candidature spontanée - Alternance Data / Science des données","5            Dir. Dép. des services dincendie de lAude","OK",""
"SPONT-6-ugrh-carcassonne","Candidature spontanée - Alternance Data / Science des données","6                                     UGRH Carcassonne","OK",""
"SPONT-7-conseil-general-de-laude","Candidature spontanée - Alternance Data / Science des données","7                             Conseil Général de lAude","OK",""
"SPONT-smis","Candidature spontanée - Alternance Data / Science des données","SMIS","OK",""
"SPONT-9-dir-dep-du-travail-et-de-lemploi","Candidature spontanée - Alternance Data / Science des données","9                   Dir. Dép. du Travail et de lEmploi","OK",""
"SPONT-0-alerte-rouge","Candidature spontanée - Alternance Data / Science des données","0                                         Alerte Rouge","OK",""
"SPONT-1-auchan-amiens-sud","Candidature spontanée - Alternance Data / Science des données","1                                    AUCHAN Amiens Sud","OK",""
"SPONT-2-eurl-bareil","Candidature spontanée - Alternance Data / Science des données","2                                          EURL Bareil","OK",""
"SPONT-3-domaine-de-valmy","Candidature spontanée - Alternance Data / Science des données","3                                     Domaine de Valmy","OK",""
"SPONT-4-federation-audoise-des-oeuvres-laiques","Candidature spontanée - Alternance Data / Science des données","4               Fédération Audoise des Oeuvres Laiques","OK",""
"SPONT-5-peugeot-auto-cite","Candidature spontanée - Alternance Data / Science des données","5                                    Peugeot Auto Cité","OK",""
"SPONT-6-tribunal-de-grande-instance-de-carcass","Candidature spontanée - Alternance Data / Science des données","6           Tribunal de Grande Instance de Carcassonne","OK",""
"SPONT-7-ddaf-de-laude","Candidature spontanée - Alternance Data / Science des données","7                                        DDAF de lAude","OK",""
"SPONT-8-p-e-e-p","Candidature spontanée - Alternance Data / Science des données","8                                             P.E.E.P.","OK",""
"SPONT-9-ddtm-de-laude","Candidature spontanée - Alternance Data / Science des données","9                                        DDTM de lAude","OK",""
"SPONT-0-africahold","Candidature spontanée - Alternance Data / Science des données","0                                           Africahold","OK",""
"SPONT-1-sarl-j-informatique","Candidature spontanée - Alternance Data / Science des données","1                                 SARL J. Informatique","OK",""
"SPONT-2-hotel-de-la-cite","Candidature spontanée - Alternance Data / Science des données","2                                     Hôtel de la Cité","OK",""
"SPONT-3-cr-agr-montquiers","Candidature spontanée - Alternance Data / Science des données","3                                  Cr. Agr. Montquiers","OK",""
"SPONT-4-dde-de-laude","Candidature spontanée - Alternance Data / Science des données","4                                         DDE de lAude","OK",""
"SPONT-5-urssaf-de-laude","Candidature spontanée - Alternance Data / Science des données","5                                      URSSAF de lAude","OK",""
"SPONT-6-autoroutes-du-sud-de-la-france","Candidature spontanée - Alternance Data / Science des données","6                       Autoroutes du Sud de la France","OK",""
"SPONT-7-prefecture-de-laude","Candidature spontanée - Alternance Data / Science des données","7                                  Préfecture de lAude","OK",""
"SPONT-8-centre-de-gestion-de-la-fonction-publi","Candidature spontanée - Alternance Data / Science des données","8   Centre de Gestion de la Fonction Publique - Maison","OK",""
"SPONT-9-anfa-ass-nat-pour-la-form-automobile","Candidature spontanée - Alternance Data / Science des données","9            ANFA (Ass. Nat. pour la Form. Automobile)","OK",""
"SPONT-0-graves","Candidature spontanée - Alternance Data / Science des données","0                                               Graves","OK",""
"SPONT-1-chambre-des-metiers-et-de-lartisanat-d","Candidature spontanée - Alternance Data / Science des données","1        Chambre des Métiers et de lArtisanat de lAude","OK",""
"SPONT-2-polyclinique-montreal","Candidature spontanée - Alternance Data / Science des données","2                                Polyclinique Montréal","OK",""
"SPONT-3-bureau-dinformation-jeunesse","Candidature spontanée - Alternance Data / Science des données","3                         Bureau dInformation Jeunesse","OK",""
"SPONT-4-microwan","Candidature spontanée - Alternance Data / Science des données","4                                             MICROWAN","OK",""
"SPONT-5-centre-des-monuments-nationaux","Candidature spontanée - Alternance Data / Science des données","5                       Centre des Monuments Nationaux","OK",""
"SPONT-6-jacques-fraysse-expert-comptable","Candidature spontanée - Alternance Data / Science des données","6                   Jacques FRAYSSE - Expert Comptable","OK",""
"SPONT-7-maison-boncolac-sas","Candidature spontanée - Alternance Data / Science des données","7                                Maison Boncolac (SAS)","OK",""
"SPONT-8-bet-virelizier-sarl","Candidature spontanée - Alternance Data / Science des données","8                                  BET VIRELIZIER SARL","OK",""
"SPONT-9-geant-salvaza-carcassonne","Candidature spontanée - Alternance Data / Science des données","9                            Géant Salvaza Carcassonne","OK",""
"SPONT-0-uerl-francis-ascensio","Candidature spontanée - Alternance Data / Science des données","0                                UERL Francis Ascensio","OK",""
"SPONT-1-sdis","Candidature spontanée - Alternance Data / Science des données","1                                                 SDIS","OK",""
"SPONT-2-tele-du-web-sarl","Candidature spontanée - Alternance Data / Science des données","2                                   Télé du Web (SARL)","OK",""
"SPONT-3-sarl-magex-usine-st-jean","Candidature spontanée - Alternance Data / Science des données","3                           SARL Magex - Usine St Jean","OK",""
"SPONT-4-caisse-mutuelle-sociale-agricole-de-ca","Candidature spontanée - Alternance Data / Science des données","4      Caisse Mutuelle Sociale Agricole de Carcassonne","OK",""
"SPONT-5-caf-de-laude","Candidature spontanée - Alternance Data / Science des données","5                                         CAF de lAude","OK",""
"SPONT-6-aaemdl-conseil-general-de-laude","Candidature spontanée - Alternance Data / Science des données","6                    AAEMDL - Conseil Général de lAude","OK",""
"SPONT-7-clinique-montreal","Candidature spontanée - Alternance Data / Science des données","7                                    Clinique Montréal","OK",""
"SPONT-8-office-municipal-de-tourisme-de-carcas","Candidature spontanée - Alternance Data / Science des données","8          Office Municipal de Tourisme de Carcassonne","OK",""
"SPONT-9-sogemap","Candidature spontanée - Alternance Data / Science des données","9                                              SOGEMAP","OK",""
"SPONT-0-direction-departementale-de-la-jeuness","Candidature spontanée - Alternance Data / Science des données","0              Direction Départementale de la Jeunesse","OK",""
"SPONT-1-centre-hospitalier-antoine-gayraud","Candidature spontanée - Alternance Data / Science des données","1                   Centre Hospitalier Antoine Gayraud","OK",""
"SPONT-2-association-audoise-sociale-et-medical","Candidature spontanée - Alternance Data / Science des données","2              Association Audoise Sociale et Médicale","OK",""
"SPONT-3-iut-stid","Candidature spontanée - Alternance Data / Science des données","3                                            IUT -STID","OK",""
"SPONT-4-laboratoire-blanc","Candidature spontanée - Alternance Data / Science des données","4                                    Laboratoire Blanc","OK",""
"SPONT-5-udaf-de-laude","Candidature spontanée - Alternance Data / Science des données","5                                        UDAF de lAude","OK",""
"SPONT-6-infost","Candidature spontanée - Alternance Data / Science des données","6                                               INFOST","OK",""
"SPONT-7-cr-agr-du-midi-agence-de-carcassonne","Candidature spontanée - Alternance Data / Science des données","7             Cr. Agr. du Midi - agence de Carcassonne","OK",""
"SPONT-8-notaires-associes-andre-et-michel-vign","Candidature spontanée - Alternance Data / Science des données","8           Notaires associés - André et Michel Vignon","OK",""
"SPONT-9-sarl-sud-florilege","Candidature spontanée - Alternance Data / Science des données","9                                   SARL Sud Florilège","OK",""
"SPONT-0-sica-doc","Candidature spontanée - Alternance Data / Science des données","0                                             SICA DOC","OK",""
"SPONT-1-institut-de-formation-soins-infirmiers","Candidature spontanée - Alternance Data / Science des données","1               Institut de Formation Soins Infirmiers","OK",""
"SPONT-2-la-maison-de-la-region","Candidature spontanée - Alternance Data / Science des données","2                               La Maison de la Région","OK",""
"SPONT-3-on-line-sa","Candidature spontanée - Alternance Data / Science des données","3                                           ON LINE SA","OK",""
"SPONT-4-france-telecom-carcassonne","Candidature spontanée - Alternance Data / Science des données","4                           France Telecom Carcassonne","OK",""
"SPONT-5-cr-agr-midi-carcassonne","Candidature spontanée - Alternance Data / Science des données","5                            Cr. Agr. Midi Carcassonne","OK",""
"SPONT-6-europ-immobilier-internat-estate-agenc","Candidature spontanée - Alternance Data / Science des données","6        Europ Immobilier Internat - Estate agencySARL","OK",""
"SPONT-7-cite-de-carcassonne-et-fort-de-salses","Candidature spontanée - Alternance Data / Science des données","7                Cité de Carcassonne et Fort de Salses","OK",""
"SPONT-8-notre-dame-de-labbaye-carcassonne","Candidature spontanée - Alternance Data / Science des données","8                  Notre Dame de lAbbaye - Carcassonne","OK",""
"SPONT-9-cpam-de-laude","Candidature spontanée - Alternance Data / Science des données","9                                        CPAM de lAude","OK",""
"SPONT-0-cr-agr-midi-carc-varilla","Candidature spontanée - Alternance Data / Science des données","0                          Cr. Agr. Midi Carc. Varilla","OK",""
"SPONT-1-c-e-c-rene-nelli","Candidature spontanée - Alternance Data / Science des données","1                                  C.E.C. / René NELLI","OK",""
"SPONT-2-dde-de-laude","Candidature spontanée - Alternance Data / Science des données","2                                         DDE de lAude","OK",""
"SPONT-3-credit-agricole","Candidature spontanée - Alternance Data / Science des données","3                                      Crédit Agricole","OK",""
"SPONT-4-chambre-dagriculture-de-laude-pole-ter","Candidature spontanée - Alternance Data / Science des données","4      Chambre dAgriculture de lAude - Pôle territoire","OK",""
"SPONT-5-entec-l-r","Candidature spontanée - Alternance Data / Science des données","5                                           ENTEC L.R.","OK",""
"SPONT-6-mairie-de-carcassonne","Candidature spontanée - Alternance Data / Science des données","6                                Mairie de Carcassonne","OK",""
"SPONT-7-tressol-chbrier-carcassonne","Candidature spontanée - Alternance Data / Science des données","7                          TRESSOL CHBRIER CARCASSONNE","OK",""
"SPONT-8-bios-informatique","Candidature spontanée - Alternance Data / Science des données","8                                    BIOS INFORMATIQUE","OK",""
"SPONT-9-cabinet-jean-pierre-bobichon","Candidature spontanée - Alternance Data / Science des données","9                         Cabinet Jean-Pierre Bobichon","OK",""
"SPONT-0-ets-melix-sas","Candidature spontanée - Alternance Data / Science des données","0                                        ETS MELIX SAS","OK",""
"SPONT-1-diablo-pc","Candidature spontanée - Alternance Data / Science des données","1                                            DIABLO PC","OK",""
"SPONT-2-faol-foyer-des-jeunes-travailleurs-de-","Candidature spontanée - Alternance Data / Science des données","2    FAOL Foyer des Jeunes Travailleurs de Carcassonne","OK",""
"SPONT-3-centre-hospitalier-antoine-gayraud","Candidature spontanée - Alternance Data / Science des données","3                  Centre hospitalier Antoine Gayraud","OK",""
"SPONT-4-groupe-uccoar","Candidature spontanée - Alternance Data / Science des données","4                                        Groupe UCCOAR","OK",""
"SPONT-5-logifrance-informatique","Candidature spontanée - Alternance Data / Science des données","5                              Logifrance Informatique","OK",""
"SPONT-6-centre-de-la-gestion-de-la-fpt-de-laud","Candidature spontanée - Alternance Data / Science des données","6              Centre de la Gestion de la FPT de lAude","OK",""
"SPONT-7-snce","Candidature spontanée - Alternance Data / Science des données","7                                                 SNCE","OK",""
"SPONT-8-renault-carcassonne","Candidature spontanée - Alternance Data / Science des données","8                                  Renault Carcassonne","OK",""
"SPONT-9-la-poste-carcassonne","Candidature spontanée - Alternance Data / Science des données","9                                 La Poste Carcassonne","OK",""
"SPONT-0-centre-oenologie-de-carcassonne","Candidature spontanée - Alternance Data / Science des données","0                      Centre oenologie de Carcassonne","OK",""
"SPONT-1-aircelle","Candidature spontanée - Alternance Data / Science des données","1                                             AIRCELLE","OK",""
"SPONT-2-chambre-des-metiers","Candidature spontanée - Alternance Data / Science des données","2                                  Chambre des Métiers","OK",""
"SPONT-3-cooperative-agricole","Candidature spontanée - Alternance Data / Science des données","3                                 Coopérative Agricole","OK",""
"SPONT-4-veolia-transport-aeroport-de-carcasson","Candidature spontanée - Alternance Data / Science des données","4           Véolia transport - Aéroport de Carcassonne","OK",""
"SPONT-5-edf-gdf-services-vallees-daude","Candidature spontanée - Alternance Data / Science des données","5                     EDF-GDF Services - Vallées dAude","OK",""
"SPONT-6-ets-pueyo-et-cie","Candidature spontanée - Alternance Data / Science des données","6                                     Ets Pueyo et Cie","OK",""
"SPONT-7-cmi-cite-administrative","Candidature spontanée - Alternance Data / Science des données","7                             CMI cité administrative","OK",""
"SPONT-8-la-penombre-jeux-automatiques","Candidature spontanée - Alternance Data / Science des données","8                      La Pénombre - Jeux automatiques","OK",""
"SPONT-9-cr-agr-carcassonne","Candidature spontanée - Alternance Data / Science des données","9                                 Cr. Agr. Carcassonne","OK",""
"SPONT-0-universite-de-perpignan-iut-stid-de-ca","Candidature spontanée - Alternance Data / Science des données","0    Université de Perpignan - IUT STID de Carcassonne","OK",""
"SPONT-1-office-national-des-forets-aude-pyrene","Candidature spontanée - Alternance Data / Science des données","1  Office National des Forêts Aude-Pyrénées Orientales","OK",""
"SPONT-2-mouvement","Candidature spontanée - Alternance Data / Science des données","2                                            Mouvement","OK",""
"SPONT-3-lyonnaise-des-eaux-dumez-carcassonne","Candidature spontanée - Alternance Data / Science des données","3               Lyonnaise des Eaux - Dumez Carcassonne","OK",""
"SPONT-4-cias-du-carcassonnais","Candidature spontanée - Alternance Data / Science des données","4                                CIAS du Carcassonnais","OK",""
"SPONT-5-mission-locale-du-bassin-carcassonnais","Candidature spontanée - Alternance Data / Science des données","5               Mission Locale du Bassin Carcassonnais","OK",""
"SPONT-6-andre","Candidature spontanée - Alternance Data / Science des données","6                                                ANDRE","OK",""
"SPONT-7-aude-ariege-informatique","Candidature spontanée - Alternance Data / Science des données","7                             Aude Ariège Informatique","OK",""
"SPONT-8-midirep","Candidature spontanée - Alternance Data / Science des données","8                                              MIDIREP","OK",""
"SPONT-9-cic-societe-bordelaise","Candidature spontanée - Alternance Data / Science des données","9                               CIC Société Bordelaise","OK",""
"SPONT-0-administration-publique","Candidature spontanée - Alternance Data / Science des données","0                              Administration Publique","OK",""
"SPONT-1-charles-frederic","Candidature spontanée - Alternance Data / Science des données","1                                     Charles Frédéric","OK",""
"SPONT-2-cabinet-gueneret","Candidature spontanée - Alternance Data / Science des données","2                                     Cabinet GUENERET","OK",""
"SPONT-3-faol-service-vacances-pour-tous","Candidature spontanée - Alternance Data / Science des données","3                    FAOL - service Vacances Pour Tous","OK",""
"SPONT-4-adoc-11","Candidature spontanée - Alternance Data / Science des données","4                                              ADOC 11","OK",""
"SPONT-5-addmd-11","Candidature spontanée - Alternance Data / Science des données","5                                             ADDMD 11","OK",""
"SPONT-6-college-pierre-et-marie-curie","Candidature spontanée - Alternance Data / Science des données","6                        Collège Pierre et Marie Curie","OK",""
"SPONT-7-conseil-general-de-la-vendee","Candidature spontanée - Alternance Data / Science des données","7                         Conseil Général de la Vendée","OK",""
"SPONT-8-ddass-de-laude","Candidature spontanée - Alternance Data / Science des données","8                                       DDASS de lAude","OK",""
"SPONT-9-icionvousvoit-com","Candidature spontanée - Alternance Data / Science des données","9                                    Icionvousvoit.com","OK",""
"SPONT-0-dir-dep-de-la-poste-de-laude","Candidature spontanée - Alternance Data / Science des données","0                       Dir. Dép. de La Poste de lAude","OK",""
"SPONT-1-mutuelle-sociale-agricole","Candidature spontanée - Alternance Data / Science des données","1                            Mutuelle Sociale Agricole","OK",""
"SPONT-2-agence-locale-pour-lemploi","Candidature spontanée - Alternance Data / Science des données","2                           Agence Locale pour lemploi","OK",""
"SPONT-3-centre-joe-bousquet-et-son-temps","Candidature spontanée - Alternance Data / Science des données","3                     Centre Joë Bousquet et son Temps","OK",""
"SPONT-4-polyclinique-le-languedoc","Candidature spontanée - Alternance Data / Science des données","4                            Polyclinique Le Languedoc","OK",""
"SPONT-5-sarl-sportsoft","Candidature spontanée - Alternance Data / Science des données","5                                       SARL SPORTSOFT","OK",""
"SPONT-6-havas-regie","Candidature spontanée - Alternance Data / Science des données","6                                          Havas Régie","OK",""
"SPONT-7-ironico-informatique-bureautique","Candidature spontanée - Alternance Data / Science des données","7                     Ironico Informatique Bureautique","OK",""
"SPONT-8-aquaclub-de-trebes","Candidature spontanée - Alternance Data / Science des données","8                                   Aquaclub de Trèbes","OK",""
"SPONT-9-ddcspp-de-laude","Candidature spontanée - Alternance Data / Science des données","9                                      DDCSPP de lAude","OK",""
"SPONT-0-communaute-dagglomeration-du-carcasson","Candidature spontanée - Alternance Data / Science des données","0           Communauté dAgglomération du Carcassonnais","OK",""
"SPONT-1-hand-ball-club-carcassonnais","Candidature spontanée - Alternance Data / Science des données","1                         Hand Ball Club Carcassonnais","OK",""
"SPONT-3-extra-compt-s-n-c","Candidature spontanée - Alternance Data / Science des données","3                                   EXTRA COMPT S.N.C.","OK",""
"SPONT-4-ddfp-de-laude","Candidature spontanée - Alternance Data / Science des données","4                                        DDFP de lAude","OK",""
"SPONT-5-cci-de-carcassonne","Candidature spontanée - Alternance Data / Science des données","5                                   CCI de Carcassonne","OK",""
"SPONT-6-dassault-base-aerienne-distres","Candidature spontanée - Alternance Data / Science des données","6                     Dassault - Base Aérienne dIstres","OK",""
"SPONT-7-mairie-de-sete","Candidature spontanée - Alternance Data / Science des données","7                                       Mairie de Sète","OK",""
"SPONT-8-saga-terminaux-portuaires","Candidature spontanée - Alternance Data / Science des données","8                            SAGA Terminaux Portuaires","OK",""
"SPONT-9-banque-dupuy-de-parseval","Candidature spontanée - Alternance Data / Science des données","9                             Banque Dupuy de Parseval","OK",""
"SPONT-0-sarl-meringue-villefranchoise","Candidature spontanée - Alternance Data / Science des données","0                        SARL Meringue Villefranchoise","OK",""
"SPONT-1-credit-agricole-du-midi","Candidature spontanée - Alternance Data / Science des données","1                              Crédit Agricole du Midi","OK",""
"SPONT-2-inra-centre-de-toulouse","Candidature spontanée - Alternance Data / Science des données","2                              INRA Centre de Toulouse","OK",""
"SPONT-3-scees-serv-central-des-enquetes-et-etu","Candidature spontanée - Alternance Data / Science des données","3   SCEES - Serv. central des enquêtes et études stati","OK",""
"SPONT-4-midiporc","Candidature spontanée - Alternance Data / Science des données","4                                             MIDIPORC","OK",""
"SPONT-5-insee-antilles-guyane","Candidature spontanée - Alternance Data / Science des données","5                              INSEE Antilles - Guyane","OK",""
"SPONT-6-ministere-de-lagriculture-et-de-la-pec","Candidature spontanée - Alternance Data / Science des données","6             Ministère de lAgriculture et de la Pêche","OK",""
"SPONT-7-cacg-centre-de-castanet-tolosan","Candidature spontanée - Alternance Data / Science des données","7                    CACG - Centre de Castanet Tolosan","OK",""
"SPONT-8-enfa-de-toulouse-auzeville","Candidature spontanée - Alternance Data / Science des données","8                           ENFA de Toulouse Auzeville","OK",""
"SPONT-9-bva","Candidature spontanée - Alternance Data / Science des données","9                                                  BVA","OK",""
"SPONT-0-sncf-dir-reg-de-bordeaux","Candidature spontanée - Alternance Data / Science des données","0                           SNCF Dir. Reg. de Bordeaux","OK",""
"SPONT-1-sa-chanut-gestion","Candidature spontanée - Alternance Data / Science des données","1                                    SA Chanut Gestion","OK",""
"SPONT-2-chanut-gestion","Candidature spontanée - Alternance Data / Science des données","2                                       CHANUT Gestion","OK",""
"SPONT-3-parfums-christian-dior","Candidature spontanée - Alternance Data / Science des données","3                               Parfums Christian Dior","OK",""
"SPONT-4-aia","Candidature spontanée - Alternance Data / Science des données","4                                                  AIA","OK",""
"SPONT-5-urssaf-des-bouches-du-rhone","Candidature spontanée - Alternance Data / Science des données","5                          URSSAF des Bouches du Rhône","OK",""
"SPONT-6-sarl-evolution-auto","Candidature spontanée - Alternance Data / Science des données","6                                  SARL Evolution Auto","OK",""
"SPONT-7-credit-lyonnais-d-e-m-formation","Candidature spontanée - Alternance Data / Science des données","7                     Crédit Lyonnais D.E.M. Formation","OK",""
"SPONT-8-centre-de-gestion-de-la-fft-34","Candidature spontanée - Alternance Data / Science des données","8                       Centre de gestion de la FFT 34","OK",""
"SPONT-9-sncf-cpr-marseille","Candidature spontanée - Alternance Data / Science des données","9                                   SNCF CPR Marseille","OK",""
"SPONT-0-association-hopital-st-joseph-de-marse","Candidature spontanée - Alternance Data / Science des données","0           Association Hôpital St-Joseph de Marseille","OK",""
"SPONT-1-chambre-dagriculture-de-laude-bois-et-","Candidature spontanée - Alternance Data / Science des données","1       Chambre dAgriculture de lAude - Bois et Plants","OK",""
"SPONT-2-v-mane-fils","Candidature spontanée - Alternance Data / Science des données","2                                         V. Mane Fils","OK",""
"SPONT-3-icone-france","Candidature spontanée - Alternance Data / Science des données","3                                         ICONE FRANCE","OK",""
"SPONT-4-conseil-general-de-chateauroux","Candidature spontanée - Alternance Data / Science des données","4                       Conseil Général de Châteauroux","OK",""
"SPONT-5-guinard-centrifugation","Candidature spontanée - Alternance Data / Science des données","5                               GUINARD CENTRIFUGATION","OK",""
"SPONT-6-banque-de-france","Candidature spontanée - Alternance Data / Science des données","6                                     Banque de France","OK",""
"SPONT-7-sarl-gerea","Candidature spontanée - Alternance Data / Science des données","7                                           SARL GEREA","OK",""
"SPONT-8-obi","Candidature spontanée - Alternance Data / Science des données","8                                                  OBI","OK",""
"SPONT-9-o-p-h-l-m-aude","Candidature spontanée - Alternance Data / Science des données","9                                    O.P.H.L.M. - Aude","OK",""
"SPONT-0-mairie-de-beziers","Candidature spontanée - Alternance Data / Science des données","0                                    Mairie de Béziers","OK",""
"SPONT-1-centre-hospitalier-de-bigorre","Candidature spontanée - Alternance Data / Science des données","1                        Centre Hospitalier de Bigorre","OK",""
"SPONT-2-credit-agricole-sud-alliance","Candidature spontanée - Alternance Data / Science des données","2                         Crédit Agricole Sud Alliance","OK",""
"SPONT-3-sothys-international-s-a-s","Candidature spontanée - Alternance Data / Science des données","3                           SOTHYS INTERNATIONAL S.A.S","OK",""
"SPONT-4-cgss-martinique","Candidature spontanée - Alternance Data / Science des données","4                                    CGSS - MARTINIQUE","OK",""
"SPONT-5-caf-de-beziers","Candidature spontanée - Alternance Data / Science des données","5                                       CAF de Béziers","OK",""
"SPONT-6-inspection-academique-des-pyrenees-atl","Candidature spontanée - Alternance Data / Science des données","6       Inspection Académique des Pyrénées Atlantiques","OK",""
"SPONT-7-gedimat-materiaux-modernes","Candidature spontanée - Alternance Data / Science des données","7                           GEDIMAT-Matériaux Modernes","OK",""
"SPONT-8-cimm-informatique","Candidature spontanée - Alternance Data / Science des données","8                                    CIMM Informatique","OK",""
"SPONT-9-edf-gdf-agence-de-beziers","Candidature spontanée - Alternance Data / Science des données","9                            EDF-GDF Agence de Béziers","OK",""
"SPONT-0-urssaf-de-beziers","Candidature spontanée - Alternance Data / Science des données","0                                    URSSAF de Béziers","OK",""
"SPONT-1-do-you-soft","Candidature spontanée - Alternance Data / Science des données","1                                          DO YOU SOFT","OK",""
"SPONT-2-pnn-sondage","Candidature spontanée - Alternance Data / Science des données","2                                          PNN Sondage","OK",""
"SPONT-3-cci-de-beziers-st-pons","Candidature spontanée - Alternance Data / Science des données","3                               CCI de Béziers St Pons","OK",""
"SPONT-4-drire","Candidature spontanée - Alternance Data / Science des données","4                                                DRIRE","OK",""
"SPONT-5-dde-de-beziers","Candidature spontanée - Alternance Data / Science des données","5                                       DDE de Béziers","OK",""
"SPONT-6-energies-du-midi","Candidature spontanée - Alternance Data / Science des données","6                                     Energies du Midi","OK",""
"SPONT-7-conseil-general-du-tarn","Candidature spontanée - Alternance Data / Science des données","7                              Conseil Général du Tarn","OK",""
"SPONT-8-centre-hospitalier-de-beziers","Candidature spontanée - Alternance Data / Science des données","8                        Centre Hospitalier de Béziers","OK",""
"SPONT-9-cpam-de-beziers","Candidature spontanée - Alternance Data / Science des données","9                                      CPAM de Béziers","OK",""
"SPONT-0-lyonnaise-des-eaux","Candidature spontanée - Alternance Data / Science des données","0                                   Lyonnaise des Eaux","OK",""
"SPONT-1-ddass-lozere","Candidature spontanée - Alternance Data / Science des données","1                                         DDASS Lozère","OK",""
"SPONT-2-dir-dep-de-la-poste-la-rochelle","Candidature spontanée - Alternance Data / Science des données","2                    Dir. Dép. de La Poste La Rochelle","OK",""
"SPONT-3-laboratoire-centre-atlantique","Candidature spontanée - Alternance Data / Science des données","3                        Laboratoire Centre Atlantique","OK",""
"SPONT-4-technocentre","Candidature spontanée - Alternance Data / Science des données","4                                         TECHNOCENTRE","OK",""
"SPONT-5-insee-picardie","Candidature spontanée - Alternance Data / Science des données","5                                       INSEE Picardie","OK",""
"SPONT-6-auberge-de-jeunesse-de-cepoy","Candidature spontanée - Alternance Data / Science des données","6                         Auberge de Jeunesse de Cepoy","OK",""
"SPONT-7-cave-cooperative-de-die-sud-est-appela","Candidature spontanée - Alternance Data / Science des données","7        Cave Coopérative de Die - Sud Est Appelations","OK",""
"SPONT-8-foncalieu-uc","Candidature spontanée - Alternance Data / Science des données","8                                         Foncalieu UC","OK",""
"SPONT-9-quartier-ds-affaires-maritimes-darcach","Candidature spontanée - Alternance Data / Science des données","9             Quartier ds affaires maritimes dArcachon","OK",""
"SPONT-0-mairie-darcachon","Candidature spontanée - Alternance Data / Science des données","0                                     Mairie dArcachon","OK",""
"SPONT-1-sas-institute-sa","Candidature spontanée - Alternance Data / Science des données","1                                     SAS Institute SA","OK",""
"SPONT-2-dde-quimper","Candidature spontanée - Alternance Data / Science des données","2                                          DDE Quimper","OK",""
"SPONT-3-centre-de-formation-batipole-en-limoux","Candidature spontanée - Alternance Data / Science des données","3             Centre de formation Batipole en Limouxin","OK",""
"SPONT-4-scp-collado-pose-segala","Candidature spontanée - Alternance Data / Science des données","4                              SCP Collado/Pose/Segala","ECHEC (generate_letter.py)","generate_letter.py a echoue (code 1)"
"SPONT-5-credit-mutuel-de-bretagne","Candidature spontanée - Alternance Data / Science des données","5                            Crédit Mutuel de Bretagne","OK",""
"SPONT-6-innovations-fabrik-heilbronn-gmb","Candidature spontanée - Alternance Data / Science des données","6                     Innovations fabrik Heilbronn Gmb","OK",""
"SPONT-7-pierre-fabre-dermo-cosmetique-hotel-di","Candidature spontanée - Alternance Data / Science des données","7   PIERRE FABRE - Dermo Cosmétique - Hôtel Dieu Saint","OK",""
"SPONT-8-insee-limousin","Candidature spontanée - Alternance Data / Science des données","8                                       INSEE Limousin","OK",""
"SPONT-9-rectorat-de-limoges","Candidature spontanée - Alternance Data / Science des données","9                                  Rectorat de Limoges","OK",""
"SPONT-0-ad-pueyo","Candidature spontanée - Alternance Data / Science des données","0                                             AD PUEYO","OK",""
"SPONT-1-cramco","Candidature spontanée - Alternance Data / Science des données","1                                               CRAMCO","OK",""
"SPONT-2-edf-gdf-services-vallee-daude","Candidature spontanée - Alternance Data / Science des données","2                        EDF GDF Services Vallée dAude","OK",""
"SPONT-3-sdis-du-var","Candidature spontanée - Alternance Data / Science des données","3                                          SDIS du Var","OK",""
"SPONT-4-s-d-l-c","Candidature spontanée - Alternance Data / Science des données","4                                              S.D.L.C","OK",""
"SPONT-5-excel-logistics-froid","Candidature spontanée - Alternance Data / Science des données","5                                Excel Logistics Froid","OK",""
"SPONT-6-bureau-detudes-du-plant-sancho","Candidature spontanée - Alternance Data / Science des données","6                       Bureau dEtudes du PLANT/SANCHO","OK",""
"SPONT-7-ministere-de-la-justice","Candidature spontanée - Alternance Data / Science des données","7                              Ministère de la Justice","OK",""
"SPONT-8-chambre-dagriculture-de-loire-atlantiq","Candidature spontanée - Alternance Data / Science des données","8             Chambre dAgriculture de Loire-Atlantique","OK",""
"SPONT-9-dir-reg-des-impots","Candidature spontanée - Alternance Data / Science des données","9                                 Dir. Rég. des Impôts","OK",""
"SPONT-0-rsiedv","Candidature spontanée - Alternance Data / Science des données","0                                               RSIEDV","OK",""
"SPONT-1-cnasea","Candidature spontanée - Alternance Data / Science des données","1                                               CNASEA","OK",""
"SPONT-2-centre-hospitalier-de-bagnols","Candidature spontanée - Alternance Data / Science des données","2                        Centre Hospitalier de Bagnols","OK",""
"SPONT-3-medina","Candidature spontanée - Alternance Data / Science des données","3                                               MEDINA","OK",""
"SPONT-4-centre-hospitalier-de-castres","Candidature spontanée - Alternance Data / Science des données","4                        Centre Hospitalier de Castres","OK",""
"SPONT-5-semateg","Candidature spontanée - Alternance Data / Science des données","5                                              SEMATEG","OK",""
"SPONT-6-centre-national-dentrainement-commando","Candidature spontanée - Alternance Data / Science des données","6               Centre National dEntrainement Commando","OK",""
"SPONT-7-mairie-de-pamiers","Candidature spontanée - Alternance Data / Science des données","7                                    Mairie de Pamiers","OK",""
"SPONT-8-credit-agricole-sud-mediterranee","Candidature spontanée - Alternance Data / Science des données","8                     Crédit Agricole Sud Méditerranée","OK",""
"SPONT-9-audasea","Candidature spontanée - Alternance Data / Science des données","9                                              AUDASEA","OK",""
"SPONT-0-chambre-des-metiers-de-la-mayenne","Candidature spontanée - Alternance Data / Science des données","0                    Chambre des métiers de la Mayenne","OK",""
"SPONT-1-biostat","Candidature spontanée - Alternance Data / Science des données","1                                              BIOSTAT","OK",""
"SPONT-2-e-n-s-c-i","Candidature spontanée - Alternance Data / Science des données","2                                           E.N.S.C.I.","OK",""
"SPONT-3-brgm","Candidature spontanée - Alternance Data / Science des données","3                                                 BRGM","OK",""
"SPONT-4-credit-mutuel-du-sus-ouest-marketing","Candidature spontanée - Alternance Data / Science des données","4                 Crédit Mutuel du Sus-Ouest MARKETING","OK",""
"SPONT-5-credit-agricole-centre-france","Candidature spontanée - Alternance Data / Science des données","5                        Crédit Agricole Centre France","OK",""
"SPONT-6-ager-ii","Candidature spontanée - Alternance Data / Science des données","6                                              AGER II","OK",""
"SPONT-7-ets-michelin","Candidature spontanée - Alternance Data / Science des données","7                                         Ets Michelin","OK",""
"SPONT-8-next-media","Candidature spontanée - Alternance Data / Science des données","8                                           Next Media","OK",""
"SPONT-9-cef-comptoir-electrique-francais","Candidature spontanée - Alternance Data / Science des données","9                     CEF Comptoir Electrique Français","OK",""
"SPONT-0-ass-des-chateaux-et-domaines-du-langue","Candidature spontanée - Alternance Data / Science des données","0           Ass. Des Châteaux et Domaines du Languedoc","OK",""
"SPONT-1-a-i-a","Candidature spontanée - Alternance Data / Science des données","1                                               A.I.A.","OK",""
"SPONT-2-adaff-chrs","Candidature spontanée - Alternance Data / Science des données","2                                          ADAFF  CHRS","OK",""
"SPONT-3-comite-des-expositions-de-bordeaux","Candidature spontanée - Alternance Data / Science des données","3                   Comité des expositions de Bordeaux","OK",""
"SPONT-4-unifaf","Candidature spontanée - Alternance Data / Science des données","4                                               UNIFAF","OK",""
"SPONT-5-lyonnaise-des-eaux-bordeaux","Candidature spontanée - Alternance Data / Science des données","5                          Lyonnaise des Eaux Bordeaux","OK",""
"SPONT-6-omnium-finance","Candidature spontanée - Alternance Data / Science des données","6                                       OMNIUM-FINANCE","OK",""
"SPONT-7-texa-services-sa","Candidature spontanée - Alternance Data / Science des données","7                                     TEXA Services SA","OK",""
"SPONT-8-cram-de-bordeaux","Candidature spontanée - Alternance Data / Science des données","8                                     CRAM de Bordeaux","OK",""
"SPONT-9-pharmaciens-sans-frontieres-herault","Candidature spontanée - Alternance Data / Science des données","9                  Pharmaciens sans frontières Hérault","OK",""
"SPONT-0-alpha-route-des-lasers","Candidature spontanée - Alternance Data / Science des données","0                               ALPhA-ROUTE DES LASERS","OK",""
"SPONT-1-la-poste-disf-gradignan","Candidature spontanée - Alternance Data / Science des données","1                              La Poste DISF Gradignan","OK",""
"SPONT-2-france-telecom-de-rennes-unite-reg-des","Candidature spontanée - Alternance Data / Science des données","2    France Telecom de Rennes - Unité Rég. des Réseaux","OK",""
"SPONT-3-credit-agricole-de-rennes","Candidature spontanée - Alternance Data / Science des données","3                            Crédit Agricole de Rennes","OK",""
"SPONT-4-mairie-de-castres","Candidature spontanée - Alternance Data / Science des données","4                                    Mairie de Castres","OK",""
"SPONT-5-draaf-de-bretagne","Candidature spontanée - Alternance Data / Science des données","5                                    DRAAF de Bretagne","OK",""
"SPONT-6-union-les-vignobles-du-rivesaltais","Candidature spontanée - Alternance Data / Science des données","6                   Union Les Vignobles du Rivesaltais","OK",""
"SPONT-7-aut-du-sud-france-rivesaltes","Candidature spontanée - Alternance Data / Science des données","7                      aut. Du Sud France - Rivesaltes","OK",""
"SPONT-8-cirad-ta-70-01","Candidature spontanée - Alternance Data / Science des données","8                                       CIRAD TA 70/01","OK",""
"SPONT-9-credit-mutuel-antilles-guyane","Candidature spontanée - Alternance Data / Science des données","9                        Crédit Mutuel Antilles Guyane","OK",""
"SPONT-0-airbus-industrie-centre-operationnel","Candidature spontanée - Alternance Data / Science des données","0               AIRBUS Industrie - Centre Opérationnel","OK",""
"SPONT-1-credit-agricole-de-martinique","Candidature spontanée - Alternance Data / Science des données","1                        Crédit Agricole de Martinique","OK",""
"SPONT-2-caraibescoop","Candidature spontanée - Alternance Data / Science des données","2                                         CARAIBESCOOP","OK",""
"SPONT-3-a-d-a-t-l-p","Candidature spontanée - Alternance Data / Science des données","3                                         A.D.A.T.L.P.","OK",""
"SPONT-4-renault-caen","Candidature spontanée - Alternance Data / Science des données","4                                         Renault Caen","OK",""
"SPONT-5-comite-departemental-du-tourisme","Candidature spontanée - Alternance Data / Science des données","5                     Comité Départemental du Tourisme","OK",""
"SPONT-6-cpam-de-la-correze","Candidature spontanée - Alternance Data / Science des données","6                                   CPAM de la Corrèze","OK",""
"SPONT-7-conseil-general-de-correze","Candidature spontanée - Alternance Data / Science des données","7                           Conseil Général de Corrèze","OK",""
"SPONT-8-caisse-de-depot-et-de-gestion","Candidature spontanée - Alternance Data / Science des données","8                        Caisse de Dépôt et de Gestion","OK",""
"SPONT-9-centre-hospitalier-de-cahors","Candidature spontanée - Alternance Data / Science des données","9                         Centre Hospitalier de Cahors","OK",""
"SPONT-0-maison-de-lagriculture-du-lot","Candidature spontanée - Alternance Data / Science des données","0                        Maison de lAgriculture du Lot","OK",""
"SPONT-1-tribunal-de-grasse","Candidature spontanée - Alternance Data / Science des données","1                                   Tribunal de Grasse","OK",""
"SPONT-2-edf-gdf-cahors","Candidature spontanée - Alternance Data / Science des données","2                                       EDF-GDF Cahors","OK",""
"SPONT-3-infosig","Candidature spontanée - Alternance Data / Science des données","3                                              INFOSIG","OK",""
"SPONT-4-dir-dept-agriculture-et-foret-du-lot","Candidature spontanée - Alternance Data / Science des données","4               Dir. Dept. Agriculture et Forêt du Lot","OK",""
"SPONT-5-anpe-castelnaudary","Candidature spontanée - Alternance Data / Science des données","5                                   ANPE Castelnaudary","OK",""
"SPONT-6-communaute-de-communes-du-pays-de-fige","Candidature spontanée - Alternance Data / Science des données","6      Communauté de communes du pays de Figeac-Carjac","OK",""
"SPONT-7-anpe-figeac","Candidature spontanée - Alternance Data / Science des données","7                                          ANPE Figeac","OK",""
"SPONT-8-centre-hospitalier-de-montelimar","Candidature spontanée - Alternance Data / Science des données","8                     Centre Hospitalier de Montelimar","OK",""
"SPONT-9-cpam-pyrenees-atlantiques","Candidature spontanée - Alternance Data / Science des données","9                            CPAM Pyrénées Atlantiques","OK",""
"SPONT-0-peugeot-citroen-automobiles-s-a","Candidature spontanée - Alternance Data / Science des données","0                     Peugeot Citroën Automobiles S.A.","OK",""
"SPONT-1-ministere-de-lemploi-et-de-la-solidari","Candidature spontanée - Alternance Data / Science des données","1             Ministère de lEmploi et de la Solidarité","OK",""
"SPONT-2-lamy-immobilier","Candidature spontanée - Alternance Data / Science des données","2                                      Lamy Immobilier","OK",""
"SPONT-3-a-n-p-e-castelnaudary","Candidature spontanée - Alternance Data / Science des données","3                              A.N.P.E.  Castelnaudary","OK",""
"SPONT-4-mairie-de-bedarieux","Candidature spontanée - Alternance Data / Science des données","4                                  Mairie de Bédarieux","OK",""
"SPONT-5-mairie-de-mayenne","Candidature spontanée - Alternance Data / Science des données","5                                    Mairie de Mayenne","OK",""
"SPONT-6-societe-francaise-de-statistique","Candidature spontanée - Alternance Data / Science des données","6                     Société Française de Statistique","OK",""
"SPONT-7-sessi-ministere-de-lindustrie-serv-des","Candidature spontanée - Alternance Data / Science des données","7    SESSI - Ministère de lIndustrie - Serv. des Stat.","OK",""
"SPONT-8-ddea","Candidature spontanée - Alternance Data / Science des données","8                                                 DDEA","OK",""
"SPONT-9-cabinet-sallin","Candidature spontanée - Alternance Data / Science des données","9                                       Cabinet Sallin","OK",""
"SPONT-0-bnp-carcassonne","Candidature spontanée - Alternance Data / Science des données","0                                      BNP Carcassonne","OK",""
"SPONT-1-keyrus-progiware","Candidature spontanée - Alternance Data / Science des données","1                                     Keyrus-Progiware","OK",""
"SPONT-2-rectorat-de-bordeaux","Candidature spontanée - Alternance Data / Science des données","2                                 Rectorat de Bordeaux","OK",""
"SPONT-3-groupe-scolaire-jeanne-darc","Candidature spontanée - Alternance Data / Science des données","3                          Groupe Scolaire Jeanne dArc","OK",""
"SPONT-4-club-informatique-penitentiaire","Candidature spontanée - Alternance Data / Science des données","4                      Club informatique pénitentiaire","OK",""
"SPONT-5-chambre-dagriculture-de-la-vendee","Candidature spontanée - Alternance Data / Science des données","5                    Chambre dagriculture de la Vendée","OK",""
"SPONT-6-calberson-armorique-56-france-express","Candidature spontanée - Alternance Data / Science des données","6                Calberson Armorique 56 France Express","OK",""
"SPONT-7-semtao","Candidature spontanée - Alternance Data / Science des données","7                                               SEMTAO","OK",""
"SPONT-8-centre-hospitalier-dauch","Candidature spontanée - Alternance Data / Science des données","8                             Centre Hospitalier dAuch","OK",""
"SPONT-9-prefecture-du-gers-bur-du-pers-et-act-","Candidature spontanée - Alternance Data / Science des données","9      Préfecture du Gers - bur. du pers. et act. soc.","OK",""
"SPONT-0-caisse-de-mutualite-sociale-agricole-d","Candidature spontanée - Alternance Data / Science des données","0         Caisse de Mutualité Sociale Agricole du Gers","OK",""
"SPONT-1-france-telecom-vannes","Candidature spontanée - Alternance Data / Science des données","1                                France Telecom Vannes","OK",""
"SPONT-2-mobil-oil-francaise","Candidature spontanée - Alternance Data / Science des données","2                                  Mobil Oil Française","OK",""
"SPONT-3-cabinet-de-kinesitherapie","Candidature spontanée - Alternance Data / Science des données","3                            Cabinet de Kinésithérapie","OK",""
"SPONT-4-les-quatre-vents","Candidature spontanée - Alternance Data / Science des données","4                                     Les Quatre Vents","OK",""
"SPONT-5-moulinex-bayeux","Candidature spontanée - Alternance Data / Science des données","5                                      Moulinex Bayeux","OK",""
"SPONT-6-comptoir-occitan-mauguio","Candidature spontanée - Alternance Data / Science des données","6                             Comptoir Occitan Mauguio","OK",""
"SPONT-7-banque-populaire","Candidature spontanée - Alternance Data / Science des données","7                                     Banque Populaire","OK",""
"SPONT-8-gb-infographie","Candidature spontanée - Alternance Data / Science des données","8                                       GB Infographie","OK",""
"SPONT-9-urssaf-du-var","Candidature spontanée - Alternance Data / Science des données","9                                        URSSAF du Var","OK",""
"SPONT-0-safege-setiif","Candidature spontanée - Alternance Data / Science des données","0                                        SAFEGE-SETIIF","OK",""
"SPONT-1-rectorat-aix-en-provence","Candidature spontanée - Alternance Data / Science des données","1                             Rectorat Aix-en-Provence","OK",""
"SPONT-2-centre-hospitalier-intercommunal-du-va","Candidature spontanée - Alternance Data / Science des données","2      Centre Hospitalier Intercommunal du Val dAriège","OK",""
"SPONT-3-web-house","Candidature spontanée - Alternance Data / Science des données","3                                            WEB HOUSE","OK",""
"SPONT-4-itt-automotive-europe","Candidature spontanée - Alternance Data / Science des données","4                                ITT Automotive Europe","OK",""
"SPONT-5-informathique-services","Candidature spontanée - Alternance Data / Science des données","5                               InforMATHique Services","OK",""
"SPONT-6-association-mont-thabor","Candidature spontanée - Alternance Data / Science des données","6                              Association Mont Thabor","OK",""
"SPONT-7-u-d-s-i-s-t","Candidature spontanée - Alternance Data / Science des données","7                                         U.D.S.I.S.T.","OK",""
"SPONT-8-tn-sofres","Candidature spontanée - Alternance Data / Science des données","8                                            TN Sofres","OK",""
"SPONT-9-autoroutes-du-sud-de-la-france","Candidature spontanée - Alternance Data / Science des données","9                       Autoroutes du Sud de la France","OK",""
"SPONT-0-inra-clermont-ferrand","Candidature spontanée - Alternance Data / Science des données","0                                INRA Clermont-Ferrand","OK",""
"SPONT-1-cram-montpellier","Candidature spontanée - Alternance Data / Science des données","1                                     CRAM Montpellier","OK",""
"SPONT-2-sncf-region-de-lyon","Candidature spontanée - Alternance Data / Science des données","2                                  SNCF Région de Lyon","OK",""
"SPONT-3-comurhex","Candidature spontanée - Alternance Data / Science des données","3                                             COMURHEX","OK",""
"SPONT-4-department-of-research-development","Candidature spontanée - Alternance Data / Science des données","4                 Department of Research & Development","OK",""
"SPONT-5-agence-alain-barbe-assureur-conseil","Candidature spontanée - Alternance Data / Science des données","5                Agence Alain Barbe - Assureur Conseil","OK",""
"SPONT-6-micro-info","Candidature spontanée - Alternance Data / Science des données","6                                           Micro Info","OK",""
"SPONT-7-logigame","Candidature spontanée - Alternance Data / Science des données","7                                             Logigame","OK",""
"SPONT-8-aurba","Candidature spontanée - Alternance Data / Science des données","8                                                AURBA","OK",""
"SPONT-9-societe-generale","Candidature spontanée - Alternance Data / Science des données","9                                     Société Générale","OK",""
"SPONT-0-mairie-de-lunion","Candidature spontanée - Alternance Data / Science des données","0                                     Mairie de lUnion","OK",""
"SPONT-1-dagard","Candidature spontanée - Alternance Data / Science des données","1                                               DAGARD","OK",""
"SPONT-2-ets-gourvenec","Candidature spontanée - Alternance Data / Science des données","2                                       Ets. Gourvenec","OK",""
"SPONT-4-peyrot-sarl","Candidature spontanée - Alternance Data / Science des données","4                                          PEYROT SARL","OK",""
"SPONT-5-dauphin-telecom","Candidature spontanée - Alternance Data / Science des données","5                                      Dauphin Telecom","OK",""
"SPONT-6-sdis","Candidature spontanée - Alternance Data / Science des données","6                                                 SDIS","OK",""
"SPONT-7-caisse-daction-sociale-du-personnel-ed","Candidature spontanée - Alternance Data / Science des données","7          Caisse dAction Sociale du personnel EDF-GDF","OK",""
"SPONT-8-cci-de-pau","Candidature spontanée - Alternance Data / Science des données","8                                           CCI de Pau","OK",""
"SPONT-9-edf-beh-dordogne","Candidature spontanée - Alternance Data / Science des données","9                                   EDF - BEH Dordogne","OK",""
"SPONT-0-chu-morvan","Candidature spontanée - Alternance Data / Science des données","0                                           CHU MORVAN","OK",""
"SPONT-1-inra-dijon-laboratoire-de-malherbologi","Candidature spontanée - Alternance Data / Science des données","1            INRA Dijon - Laboratoire de Malherbologie","OK",""
"SPONT-2-urssaf-de-tarn-et-garonne","Candidature spontanée - Alternance Data / Science des données","2                            URSSAF de Tarn et Garonne","OK",""
"SPONT-3-france-telecom-dijon","Candidature spontanée - Alternance Data / Science des données","3                                 France Télécom Dijon","OK",""
"SPONT-4-chu-dijon","Candidature spontanée - Alternance Data / Science des données","4                                            CHU Dijon","OK",""
"SPONT-5-mairie-de-montauban","Candidature spontanée - Alternance Data / Science des données","5                                  Mairie de Montauban","OK",""
"SPONT-6-caf-du-tarn-et-garonne","Candidature spontanée - Alternance Data / Science des données","6                               CAF du Tarn Et Garonne","OK",""
"SPONT-7-dde-martinique","Candidature spontanée - Alternance Data / Science des données","7                                       DDE Martinique","OK",""
"SPONT-8-centre-hospitalier-henri-mondor","Candidature spontanée - Alternance Data / Science des données","8                      Centre Hospitalier Henri Mondor","OK",""
"SPONT-9-assessment-europe","Candidature spontanée - Alternance Data / Science des données","9                                    ASSESSMENT EUROPE","OK",""
"SPONT-0-mairie-de-palaja","Candidature spontanée - Alternance Data / Science des données","0                                     Mairie de Palaja","OK",""
"SPONT-1-insee-dirag","Candidature spontanée - Alternance Data / Science des données","1                                          INSEE DIRAG","OK",""
"SPONT-2-sarl-tabet","Candidature spontanée - Alternance Data / Science des données","2                                           Sarl TABET","OK",""
"SPONT-3-pierre-fabre-institut-de-recherche","Candidature spontanée - Alternance Data / Science des données","3                 Pierre Fabre - Institut de Recherche","OK",""
"SPONT-4-stocktrans-europe","Candidature spontanée - Alternance Data / Science des données","4                                    STOCKTRANS Europe","OK",""
"SPONT-5-magnus-france","Candidature spontanée - Alternance Data / Science des données","5                                        Magnus France","OK",""
"SPONT-6-sarl-stella-estrella-hotel-letoile","Candidature spontanée - Alternance Data / Science des données","6                 SARL STELLA-ESTRELLA (Hôtel lEtoile)","OK",""
"SPONT-7-aude-poids-lourds","Candidature spontanée - Alternance Data / Science des données","7                                    AUDE POIDS LOURDS","OK",""
"SPONT-8-ddaf-angers-cite-administrative","Candidature spontanée - Alternance Data / Science des données","8                    DDAF Angers - Cité Administrative","OK",""
"SPONT-9-credit-mutuel-midi-atlantique","Candidature spontanée - Alternance Data / Science des données","9                        Crédit Mutuel Midi-Atlantique","OK",""
"SPONT-0-adasea","Candidature spontanée - Alternance Data / Science des données","0                                               ADASEA","OK",""
"SPONT-1-maaf-assurance-sa-departement-ddmc","Candidature spontanée - Alternance Data / Science des données","1                 MAAF Assurance SA - Département DDMC","OK",""
"SPONT-2-centre-de-gestion-de-la-fon-publ-terr-","Candidature spontanée - Alternance Data / Science des données","2   Centre de Gestion de la Fon. Publ. Terr. des 2 Sèv","OK",""
"SPONT-3-sarl-edater","Candidature spontanée - Alternance Data / Science des données","3                                          SARL EDATER","OK",""
"SPONT-4-qualistat","Candidature spontanée - Alternance Data / Science des données","4                                            QUALISTAT","OK",""
"SPONT-5-pharmacie-humanitaire-internationale","Candidature spontanée - Alternance Data / Science des données","5                 Pharmacie Humanitaire Internationale","OK",""
"SPONT-6-cj-electronique","Candidature spontanée - Alternance Data / Science des données","6                                      CJ Electronique","OK",""
"SPONT-7-cnrs-ecolab","Candidature spontanée - Alternance Data / Science des données","7                                        CNRS - ECOLAB","OK",""
"SPONT-8-zoo-prive-dagostin","Candidature spontanée - Alternance Data / Science des données","8                                   Zoo privé dAgostin","OK",""
"SPONT-9-chambre-dagriculture-de-laude","Candidature spontanée - Alternance Data / Science des données","9                        Chambre dAgriculture de lAude","OK",""
"SPONT-0-tresorerie-montpellier","Candidature spontanée - Alternance Data / Science des données","0                               Trésorerie Montpellier","OK",""
"SPONT-1-amd-informatique","Candidature spontanée - Alternance Data / Science des données","1                                     AMD Informatique","OK",""
"SPONT-2-jean-claude-past","Candidature spontanée - Alternance Data / Science des données","2                                    Jean-Claude Past?","OK",""
"SPONT-3-mairie-de-ceret-bibliotheque-municipal","Candidature spontanée - Alternance Data / Science des données","3              MAIRIE DE CERET/BIBLIOTHEQUE MUNICIPALE","OK",""
"SPONT-4-eid-mediterranee","Candidature spontanée - Alternance Data / Science des données","4                                     EID Méditerranée","OK",""
"SPONT-5-centre-de-reeducation-searl","Candidature spontanée - Alternance Data / Science des données","5                          Centre de Rééducation SEARL","OK",""
"SPONT-6-cameron-france-sas","Candidature spontanée - Alternance Data / Science des données","6                                   CAMERON France SAS","OK",""
"SPONT-7-caf-de-montpellier","Candidature spontanée - Alternance Data / Science des données","7                                   CAF de Montpellier","OK",""
"SPONT-8-dir-dep-et-reg-de-lequipement","Candidature spontanée - Alternance Data / Science des données","8                     Dir. Dép. et Rég. de lEquipement","OK",""
"SPONT-9-insee","Candidature spontanée - Alternance Data / Science des données","9                                                INSEE","OK",""
"SPONT-0-isoreal-ingenierie","Candidature spontanée - Alternance Data / Science des données","0                                   ISOREAL Ingénierie","OK",""
"SPONT-1-edf-gdf-services","Candidature spontanée - Alternance Data / Science des données","1                                     EDF-GDF services","OK",""
"SPONT-2-hopital-francois-tosquelles","Candidature spontanée - Alternance Data / Science des données","2                          Hopital François Tosquelles","OK",""
"SPONT-3-cci","Candidature spontanée - Alternance Data / Science des données","3                                                  CCI","OK",""
"SPONT-4-webmotion","Candidature spontanée - Alternance Data / Science des données","4                                            WebMotion","OK",""
"SPONT-5-cirad","Candidature spontanée - Alternance Data / Science des données","5                                                CIRAD","OK",""
"SPONT-6-axilog","Candidature spontanée - Alternance Data / Science des données","6                                               AXILOG","OK",""
"SPONT-7-sanofi-aventis","Candidature spontanée - Alternance Data / Science des données","7                                       Sanofi-Aventis","OK",""
"SPONT-8-universite-montpellier-ii","Candidature spontanée - Alternance Data / Science des données","8                            Université Montpellier II","OK",""
"SPONT-9-laboratoire-arago","Candidature spontanée - Alternance Data / Science des données","9                                    Laboratoire ARAGO","OK",""
"SPONT-0-reserve-naturelle","Candidature spontanée - Alternance Data / Science des données","0                                    Réserve Naturelle","OK",""
"SPONT-1-cirad-emvt","Candidature spontanée - Alternance Data / Science des données","1                                         CIRAD - EMVT","OK",""
"SPONT-2-sous-prefecture-de-st-flour","Candidature spontanée - Alternance Data / Science des données","2                          Sous-Préfecture de St-Flour","OK",""
"SPONT-3-draf-srsa","Candidature spontanée - Alternance Data / Science des données","3                                            DRAF SRSA","OK",""
"SPONT-4-cirad-tera-ta-60-15","Candidature spontanée - Alternance Data / Science des données","4                                  CIRAD-TERA TA 60/15","OK",""
"SPONT-5-trial-critt","Candidature spontanée - Alternance Data / Science des données","5                                        TRIAL - CRITT","OK",""
"SPONT-6-la-poste-montpellier","Candidature spontanée - Alternance Data / Science des données","6                                 La Poste Montpellier","OK",""
"SPONT-7-credit-agricole-alpes-provence","Candidature spontanée - Alternance Data / Science des données","7                       Crédit Agricole Alpes-Provence","OK",""
"SPONT-8-district-aude-football","Candidature spontanée - Alternance Data / Science des données","8                               District Aude Football","OK",""
"SPONT-9-aerospatiale","Candidature spontanée - Alternance Data / Science des données","9                                         Aérospatiale","OK",""
"SPONT-0-fd-des-chasseurs-de-lherault","Candidature spontanée - Alternance Data / Science des données","0                         FD des chasseurs de lHérault","OK",""
"SPONT-1-saur-france","Candidature spontanée - Alternance Data / Science des données","1                                          SAUR France","OK",""
"SPONT-2-edater","Candidature spontanée - Alternance Data / Science des données","2                                               EDATER","OK",""
"SPONT-3-institut-universitaire-de-recherche-cl","Candidature spontanée - Alternance Data / Science des données","3         Institut Universitaire de Recherche Clinique","OK",""
"SPONT-4-la-poste-centre-de-tri","Candidature spontanée - Alternance Data / Science des données","4                             La Poste - Centre de Tri","OK",""
"SPONT-5-federation-de-parents-deleves-de-lense","Candidature spontanée - Alternance Data / Science des données","5     Fédération de Parents dElèves de lEnseignement P","OK",""
"SPONT-6-cirad-persyst","Candidature spontanée - Alternance Data / Science des données","6                                        CIRAD PERSYST","OK",""
"SPONT-7-mairie-de-montpellier","Candidature spontanée - Alternance Data / Science des données","7                                Mairie de Montpellier","OK",""
"SPONT-8-cmcas-edf-gdf-comite-entreprise","Candidature spontanée - Alternance Data / Science des données","8                    CMCAS EDF-GDF (Comité Entreprise)","OK",""
"SPONT-9-laboratoire-blanc","Candidature spontanée - Alternance Data / Science des données","9                                    Laboratoire Blanc","OK",""
"SPONT-0-draaf-du-languedoc-roussillon-srise","Candidature spontanée - Alternance Data / Science des données","0                DRAAF du Languedoc Roussillon - SRISE","OK",""
"SPONT-1-caisse-depargne-languedoc-roussillon","Candidature spontanée - Alternance Data / Science des données","1                 Caisse dEpargne Languedoc-Roussillon","OK",""
"SPONT-2-cirad-departement-systemes-biologiques","Candidature spontanée - Alternance Data / Science des données","2             CIRAD - Département Systèmes Biologiques","OK",""
"SPONT-3-ibm","Candidature spontanée - Alternance Data / Science des données","3                                                  IBM","OK",""
"SPONT-4-poney-club-des-serres","Candidature spontanée - Alternance Data / Science des données","4                                Poney Club des Serres","OK",""
"SPONT-5-fic-montpellier","Candidature spontanée - Alternance Data / Science des données","5                                      FIC Montpellier","OK",""
"SPONT-6-comafor","Candidature spontanée - Alternance Data / Science des données","6                                              COMAFOR","OK",""
"SPONT-7-cg34-a-d-olonzac","Candidature spontanée - Alternance Data / Science des données","7                                    CG34- A.D.Olonzac","OK",""
"SPONT-8-chambre-de-metiers-de-la-gironde","Candidature spontanée - Alternance Data / Science des données","8                     Chambre de métiers de la Gironde","OK",""
"SPONT-9-dir-reg-de-lenvironnement","Candidature spontanée - Alternance Data / Science des données","9                          Dir. Rég. de lEnvironnement","OK",""
"SPONT-0-montpellier-supagro","Candidature spontanée - Alternance Data / Science des données","0                                  Montpellier SupAgro","OK",""
"SPONT-1-sarl-europe-consulting","Candidature spontanée - Alternance Data / Science des données","1                               SARL Europe Consulting","OK",""
"SPONT-2-la-poste-montpellier","Candidature spontanée - Alternance Data / Science des données","2                                 La Poste Montpellier","OK",""
"SPONT-3-centre-de-reeducation-specialise","Candidature spontanée - Alternance Data / Science des données","3                     Centre de Rééducation Spécialisé","OK",""
"SPONT-4-languedoc-mutualite","Candidature spontanée - Alternance Data / Science des données","4                                  LANGUEDOC MUTUALITE","OK",""
"SPONT-5-moo6-inc","Candidature spontanée - Alternance Data / Science des données","5                                             MOO6 INC","OK",""
"SPONT-6-direction-regionale-de-lequipement-lr","Candidature spontanée - Alternance Data / Science des données","6              Direction Régionale de lEquipement - LR","OK",""
"SPONT-7-cirad-ca","Candidature spontanée - Alternance Data / Science des données","7                                             CIRAD-CA","OK",""
"SPONT-8-transports-robineau","Candidature spontanée - Alternance Data / Science des données","8                                  Transports Robineau","OK",""
"SPONT-9-la-poste-ugrm-golf-du-lion","Candidature spontanée - Alternance Data / Science des données","9                          LA POSTE- UGRM Golf du Lion","OK",""
"SPONT-0-dnsce","Candidature spontanée - Alternance Data / Science des données","0                                                DNSCE","OK",""
"SPONT-1-erdf-grdf-unite-reseau-gaz-laro","Candidature spontanée - Alternance Data / Science des données","1                      ErDF-GrDF Unité réseau Gaz LARO","OK",""
"SPONT-2-futur-in-media","Candidature spontanée - Alternance Data / Science des données","2                                       Futur In Media","OK",""
"SPONT-3-credit-agricole-montpellier","Candidature spontanée - Alternance Data / Science des données","3                          Crédit Agricole Montpellier","OK",""
"SPONT-4-woody-flam-center-bois-de-chauffage","Candidature spontanée - Alternance Data / Science des données","4                Woody Flam Center - Bois de Chauffage","OK",""
"SPONT-5-dgst-sig-services-techniques-municipau","Candidature spontanée - Alternance Data / Science des données","5            DGST SIG - Services Techniques Municipaux","OK",""
"SPONT-6-institut-de-recherche-pour-le-developp","Candidature spontanée - Alternance Data / Science des données","6          Institut de Recherche pour le Développement","OK",""
"SPONT-7-centre-de-lutte-contre-le-cancer","Candidature spontanée - Alternance Data / Science des données","7                     Centre de lutte contre le cancer","OK",""
"SPONT-8-chru-departement-de-linformation-medic","Candidature spontanée - Alternance Data / Science des données","8    CHRU - Département de lInformation Médicale - URC","OK",""
"SPONT-9-cirad-sar","Candidature spontanée - Alternance Data / Science des données","9                                          CIRAD - SAR","OK",""
"SPONT-0-sncf-direction-de-montpellier","Candidature spontanée - Alternance Data / Science des données","0                      SNCF - Direction de Montpellier","OK",""
"SPONT-1-cirad-tab-dir","Candidature spontanée - Alternance Data / Science des données","1                                        CIRAD TAB DIR","OK",""
"SPONT-2-inra-centre-de-montpellier","Candidature spontanée - Alternance Data / Science des données","2                         INRA - Centre de Montpellier","OK",""
"SPONT-3-chambre-des-metiers-et-de-lartisanat-d","Candidature spontanée - Alternance Data / Science des données","3     Chambre des Métiers et de lArtisanat de lHérault","OK",""
"SPONT-4-diren","Candidature spontanée - Alternance Data / Science des données","4                                                DIREN","OK",""
"SPONT-5-laureats-informatique","Candidature spontanée - Alternance Data / Science des données","5                                Lauréats Informatique","OK",""
"SPONT-6-selarl-centre-de-reeducation-specialis","Candidature spontanée - Alternance Data / Science des données","6             SELARL-Centre de Rééducation Spécialisée","OK",""
"SPONT-7-mairie-de-servies-en-val","Candidature spontanée - Alternance Data / Science des données","7                             Mairie de Serviès en Val","OK",""
"SPONT-8-communote-des-communes-piemont-dalaric","Candidature spontanée - Alternance Data / Science des données","8               Communoté des Communes Piemont dAlaric","OK",""
"SPONT-9-comite-departemental-du-tourisme-du-fi","Candidature spontanée - Alternance Data / Science des données","9        Comité Départemental du Tourisme du Finistère","OK",""
"SPONT-0-inra-departement-esr","Candidature spontanée - Alternance Data / Science des données","0                               INRA / Département ESR","OK",""
"SPONT-1-office-bureau","Candidature spontanée - Alternance Data / Science des données","1                                        Office Bureau","OK",""
"SPONT-2-thales","Candidature spontanée - Alternance Data / Science des données","2                                               Thalès","OK",""
"SPONT-3-anpe-voiron","Candidature spontanée - Alternance Data / Science des données","3                                          ANPE Voiron","OK",""
"SPONT-4-caf-du-haut-rhin","Candidature spontanée - Alternance Data / Science des données","4                                     CAF du Haut-Rhin","OK",""
"SPONT-5-serib-france","Candidature spontanée - Alternance Data / Science des données","5                                         SERIB France","OK",""
"SPONT-6-system-u","Candidature spontanée - Alternance Data / Science des données","6                                             SYSTEM U","OK",""
"SPONT-7-drass","Candidature spontanée - Alternance Data / Science des données","7                                                DRASS","OK",""
"SPONT-8-syndicat-viticole-des-cotes-de-saumur","Candidature spontanée - Alternance Data / Science des données","8                Syndicat Viticole des Côtes de Saumur","OK",""
"SPONT-9-credit-immobilier-de-france-midi-pyren","Candidature spontanée - Alternance Data / Science des données","9            Crédit Immobilier de France Midi-Pyrénées","OK",""
"SPONT-0-office-municipal-du-tourisme-dargeles-","Candidature spontanée - Alternance Data / Science des données","0            Office Municipal du Tourisme dArgeles/Mer","OK",""
"SPONT-1-agence-locale-pour-lemploi","Candidature spontanée - Alternance Data / Science des données","1                           Agence Locale pour lEmploi","OK",""
"SPONT-2-eponia","Candidature spontanée - Alternance Data / Science des données","2                                               EPONIA","OK",""
"SPONT-3-centre-hospitalier-l-j-gregory","Candidature spontanée - Alternance Data / Science des données","3                      Centre Hospitalier L.J. GREGORY","OK",""
"SPONT-4-cssi","Candidature spontanée - Alternance Data / Science des données","4                                                 CSSI","OK",""
"SPONT-5-la-fontesole-ste-cooperative-de-vinifi","Candidature spontanée - Alternance Data / Science des données","5       La Fontesole - Sté Coopérative de Vinification","OK",""
"SPONT-6-indarra-informatique","Candidature spontanée - Alternance Data / Science des données","6                                 INDARRA Informatique","OK",""
"SPONT-7-caf-de-perpignan","Candidature spontanée - Alternance Data / Science des données","7                                     CAF de Perpignan","OK",""
"SPONT-8-compagnie-de-xinqiao-developpements-cu","Candidature spontanée - Alternance Data / Science des données","8   Compagnie de XinQiao - Développements culturels de","OK",""
"SPONT-9-cads","Candidature spontanée - Alternance Data / Science des données","9                                                 CADS","OK",""
"SPONT-0-philips-consumer-electronics-bcu-wirel","Candidature spontanée - Alternance Data / Science des données","0            PHILIPS CONSUMER ELECTRONICS-BCU WIRELESS","OK",""
"SPONT-1-conseil-general-du-var","Candidature spontanée - Alternance Data / Science des données","1                               Conseil Général du Var","OK",""
"SPONT-2-ddaf-limoges","Candidature spontanée - Alternance Data / Science des données","2                                         DDAF Limoges","OK",""
"SPONT-3-guinot-blanquette","Candidature spontanée - Alternance Data / Science des données","3                                    GUINOT Blanquette","OK",""
"SPONT-4-cci-du-pays-de-brive","Candidature spontanée - Alternance Data / Science des données","4                                CCI du Pays de  Brive","OK",""
"SPONT-5-cemagref","Candidature spontanée - Alternance Data / Science des données","5                                             CEMAGREF","OK",""
"SPONT-6-e-f-s-pyrenees-mediterranee","Candidature spontanée - Alternance Data / Science des données","6                         E.F.S. Pyrénées Méditerranée","OK",""
"SPONT-7-groupement-dinteret-public-medias-fran","Candidature spontanée - Alternance Data / Science des données","7           Groupement dInterêt Public Médias - France","OK",""
"SPONT-8-ministere-de-la-defense","Candidature spontanée - Alternance Data / Science des données","8                              Ministère de la Défense","OK",""
"SPONT-9-cerm-sa","Candidature spontanée - Alternance Data / Science des données","9                                              CERM SA","OK",""
"SPONT-0-centre-de-formation-professionnelle-de","Candidature spontanée - Alternance Data / Science des données","0   Centre de Formation Professionnelle de la CCI Bézi","OK",""
"SPONT-1-groupe-ford-france","Candidature spontanée - Alternance Data / Science des données","1                                   Groupe FORD France","OK",""
"SPONT-2-college-anna-de-noailles","Candidature spontanée - Alternance Data / Science des données","2                             Collège ANNA DE NOAILLES","OK",""
"SPONT-3-lemaire-edouard","Candidature spontanée - Alternance Data / Science des données","3                                      LEMAIRE EDOUARD","OK",""
"SPONT-4-hopitaux-lannemezan","Candidature spontanée - Alternance Data / Science des données","4                                  HOPITAUX LANNEMEZAN","OK",""
"SPONT-5-developpement-strategie","Candidature spontanée - Alternance Data / Science des données","5                              Développement Stratégie","OK",""
"SPONT-6-s-a-jordan","Candidature spontanée - Alternance Data / Science des données","6                                          S.A. Jordan","OK",""
"SPONT-7-laboratoire-departemental","Candidature spontanée - Alternance Data / Science des données","7                            Laboratoire Départemental","OK",""
"SPONT-8-cave-cooperative-lavenir","Candidature spontanée - Alternance Data / Science des données","8                             Cave Coopérative lAvenir","OK",""
"SPONT-9-inra-agrocum","Candidature spontanée - Alternance Data / Science des données","9                                         INRA AGROCUM","OK",""
"SPONT-0-office-municipal-du-tourisme","Candidature spontanée - Alternance Data / Science des données","0                         Office Municipal du Tourisme","OK",""
"SPONT-1-ministere-de-leconomie-et-des-finances","Candidature spontanée - Alternance Data / Science des données","1               Ministère de lEconomie et des Finances","OK",""
"SPONT-2-salama-assurances-senegal","Candidature spontanée - Alternance Data / Science des données","2                            SALAMA Assurances Sénégal","OK",""
"SPONT-3-iufm-de-midi-pyrenees","Candidature spontanée - Alternance Data / Science des données","3                                IUFM de Midi-Pyrénées","OK",""
"SPONT-4-le-parchemin","Candidature spontanée - Alternance Data / Science des données","4                                         Le Parchemin","OK",""
"SPONT-5-techcombank","Candidature spontanée - Alternance Data / Science des données","5                                          TECHCOMBANK","OK",""
"SPONT-6-cpam-du-mans","Candidature spontanée - Alternance Data / Science des données","6                                         CPAM du Mans","OK",""
"SPONT-7-veremes","Candidature spontanée - Alternance Data / Science des données","7                                              VEREMES","OK",""
"SPONT-8-efs","Candidature spontanée - Alternance Data / Science des données","8                                                  EFS","OK",""
"SPONT-9-inspection-academique-de-bordeaux","Candidature spontanée - Alternance Data / Science des données","9                    Inspection Académique de Bordeaux","OK",""
"SPONT-0-parc-euromedecine","Candidature spontanée - Alternance Data / Science des données","0                                    parc Euromédecine","OK",""
"SPONT-1-adia","Candidature spontanée - Alternance Data / Science des données","1                                                 ADIA","OK",""
"SPONT-2-chambre-de-commerce-du-grand-duche-de-","Candidature spontanée - Alternance Data / Science des données","2     Chambre de Commerce du grand duché de Luxembourg","OK",""
"SPONT-3-maison-de-la-nature-la-ferranderie","Candidature spontanée - Alternance Data / Science des données","3                 Maison de la Nature - La Ferranderie","OK",""
"SPONT-4-domena-s-a-s","Candidature spontanée - Alternance Data / Science des données","4                                        DOMENA S.A.S.","OK",""
"SPONT-5-sdis-haute-garonne","Candidature spontanée - Alternance Data / Science des données","5                                   SDIS Haute Garonne","OK",""
"SPONT-6-la-centrale-credit-agricole","Candidature spontanée - Alternance Data / Science des données","6                          La Centrale Crédit Agricole","OK",""
"SPONT-7-inra-umr-sas","Candidature spontanée - Alternance Data / Science des données","7                                         INRA UMR SAS","OK",""
"SPONT-8-la-poste-avignon","Candidature spontanée - Alternance Data / Science des données","8                                     La Poste Avignon","OK",""
"SPONT-9-chambre-dagriculture-davignon","Candidature spontanée - Alternance Data / Science des données","9                        Chambre dAgriculture dAvignon","OK",""
"SPONT-0-ets-blanc-quincaillerie-metaux","Candidature spontanée - Alternance Data / Science des données","0                       Ets Blanc Quincaillerie Métaux","OK",""
"SPONT-1-eurodif-production","Candidature spontanée - Alternance Data / Science des données","1                                   EURODIF Production","OK",""
"SPONT-2-efficience-3","Candidature spontanée - Alternance Data / Science des données","2                                         Efficience 3","OK",""
"SPONT-3-fredec-complexe-agricole-dauzeville-ba","Candidature spontanée - Alternance Data / Science des données","3       FREDEC - Complexe Agricole dAuzeville - Bât 43","OK",""
"SPONT-4-cci-avignon","Candidature spontanée - Alternance Data / Science des données","4                                          CCI Avignon","OK",""
"SPONT-5-cpam-du-vaucluse","Candidature spontanée - Alternance Data / Science des données","5                                     CPAM du Vaucluse","OK",""
"SPONT-6-centre-hospitalier-davignon","Candidature spontanée - Alternance Data / Science des données","6                          Centre Hospitalier dAvignon","OK",""
"SPONT-7-inra-unite-de-zoologie","Candidature spontanée - Alternance Data / Science des données","7                               INRA Unité de Zoologie","OK",""
"SPONT-8-gaudriot","Candidature spontanée - Alternance Data / Science des données","8                                             GAUDRIOT","OK",""
"SPONT-9-lafarge-ciments","Candidature spontanée - Alternance Data / Science des données","9                                      Lafarge Ciments","OK",""
"SPONT-0-institut-de-la-statistique-de-la-polyn","Candidature spontanée - Alternance Data / Science des données","0         Institut de la statistique de la Polynésie F","OK",""
"SPONT-1-mairie-de-colomiers","Candidature spontanée - Alternance Data / Science des données","1                                  Mairie de Colomiers","OK",""
"SPONT-2-comite-departemental-olympique-et-spor","Candidature spontanée - Alternance Data / Science des données","2            Comité Départemental Olympique et Sportif","OK",""
"SPONT-3-clinique-veterinaire","Candidature spontanée - Alternance Data / Science des données","3                                 Clinique Vétérinaire","OK",""
"SPONT-4-sdis-vaucluse","Candidature spontanée - Alternance Data / Science des données","4                                        SDIS Vaucluse","OK",""
"SPONT-5-comite-ufolep-66","Candidature spontanée - Alternance Data / Science des données","5                                     COMITE UFOLEP 66","OK",""
"SPONT-6-communaute-dagglomeration-daurillac","Candidature spontanée - Alternance Data / Science des données","6                  Communauté dAgglomération dAurillac","OK",""
"SPONT-7-la-poste-perpignan","Candidature spontanée - Alternance Data / Science des données","7                                   La Poste Perpignan","OK",""
"SPONT-8-credit-agricole-arles","Candidature spontanée - Alternance Data / Science des données","8                                Crédit Agricole Arles","OK",""
"SPONT-9-adil-du-doubs","Candidature spontanée - Alternance Data / Science des données","9                                        ADIL du DOUBS","OK",""
"SPONT-0-banque-populaire-occitane-albi","Candidature spontanée - Alternance Data / Science des données","0                     Banque Populaire Occitane (Albi)","OK",""
"SPONT-1-oseo-bdpme-direction-des-ressources-hu","Candidature spontanée - Alternance Data / Science des données","1       OSEO bdpme - Direction des Ressources Humaines","OK",""
"SPONT-2-edf-vto","Candidature spontanée - Alternance Data / Science des données","2                                              EDF VTO","OK",""
"SPONT-3-open-soft-system","Candidature spontanée - Alternance Data / Science des données","3                                     OPEN SOFT SYSTEM","OK",""
"SPONT-cnes-centre-spatial-guyanais","Candidature spontanée - Alternance Data / Science des données","CNES- Centre Spatial Guyanais","OK",""
"SPONT-cgssm","Candidature spontanée - Alternance Data / Science des données","CGSSM","OK",""
"SPONT-sdis-47-lot-et-garonne","Candidature spontanée - Alternance Data / Science des données","SDIS 47 (Lot et Garonne)","OK",""
"SPONT-confiserie-du-tech","Candidature spontanée - Alternance Data / Science des données","Confiserie du Tech","OK",""
"SPONT-caf-de-l-allier","Candidature spontanée - Alternance Data / Science des données","CAF de l'Allier","OK",""
"SPONT-gaec-des-garrigues-arquettoises","Candidature spontanée - Alternance Data / Science des données","GAEC des Garrigues Arquettoises","OK",""
"SPONT-banque-populaire-du-sud-agence-du-barcar","Candidature spontanée - Alternance Data / Science des données","Banque Populaire du Sud - Agence du Barcarès","OK",""
"SPONT-clinique-le-floride","Candidature spontanée - Alternance Data / Science des données","Clinique Le Floride","OK",""
"SPONT-mairie-de-gaillac-toulza","Candidature spontanée - Alternance Data / Science des données","Mairie de Gaillac-Toulza","OK",""
"SPONT-emca-international","Candidature spontanée - Alternance Data / Science des données","EMCA international","OK",""
"SPONT-ask-informatique","Candidature spontanée - Alternance Data / Science des données","ASK Informatique","OK",""
"SPONT-s-a-d-oc","Candidature spontanée - Alternance Data / Science des données","S.A. d'OC","OK",""
"SPONT-cybercafe-logigames","Candidature spontanée - Alternance Data / Science des données","Cybercafé Logigames","OK",""
"SPONT-yingdak","Candidature spontanée - Alternance Data / Science des données","YINGDAK","OK",""
"SPONT-ipsos","Candidature spontanée - Alternance Data / Science des données","IPSOS","OK",""
"SPONT-conseil-general-de-la-reunion","Candidature spontanée - Alternance Data / Science des données","Conseil Général de la Réunion","OK",""
"SPONT-xarxa-soft","Candidature spontanée - Alternance Data / Science des données","XARXA SOFT","OK",""
"SPONT-euro-communication-equipements","Candidature spontanée - Alternance Data / Science des données","Euro Communication Equipements","OK",""
"SPONT-communaute-de-communes-du-haut-minervois","Candidature spontanée - Alternance Data / Science des données","Communauté de Communes du Haut-Minervois","OK",""
"SPONT-centre-hospitalier-de-st-quentin","Candidature spontanée - Alternance Data / Science des données","Centre Hospitalier de St Quentin","OK",""
"SPONT-baroland","Candidature spontanée - Alternance Data / Science des données","BAROLAND","OK",""
"SPONT-sdis-des-alpes-de-haute-provence","Candidature spontanée - Alternance Data / Science des données","SDIS des Alpes de Haute Provence","OK",""
"SPONT-mairie-desquilles","Candidature spontanée - Alternance Data / Science des données","Mairie dEsquilles","OK",""
"SPONT-cave-du-razes","Candidature spontanée - Alternance Data / Science des données","Cave du Razès","OK",""
"SPONT-office-du-commerce-chaurien","Candidature spontanée - Alternance Data / Science des données","Office du commerce chaurien","OK",""
"SPONT-edf","Candidature spontanée - Alternance Data / Science des données","EDF","OK",""
"SPONT-adelyce","Candidature spontanée - Alternance Data / Science des données","ADELYCE","OK",""
"SPONT-ming-go","Candidature spontanée - Alternance Data / Science des données","MING & GO","OK",""
"SPONT-mission-locale","Candidature spontanée - Alternance Data / Science des données","MISSION LOCALE","OK",""
"SPONT-mairie-carcassonne","Candidature spontanée - Alternance Data / Science des données","MAIRIE Carcassonne","OK",""
"SPONT-sicoval","Candidature spontanée - Alternance Data / Science des données","SICOVAL","OK",""
"SPONT-hubei-tri-ring-hotel","Candidature spontanée - Alternance Data / Science des données","HUBEI TRI-RING HOTEL","OK",""
"SPONT-sdis","Candidature spontanée - Alternance Data / Science des données","SDIS","OK",""
"SPONT-faol","Candidature spontanée - Alternance Data / Science des données","FAOL","OK",""
"SPONT-centre-de-gestion","Candidature spontanée - Alternance Data / Science des données","Centre de Gestion","OK",""
"SPONT-sanofi-aventis-recherche-et-developpemen","Candidature spontanée - Alternance Data / Science des données","SANOFI AVENTIS Recherche et Développement","OK",""
"SPONT-axa-assurances","Candidature spontanée - Alternance Data / Science des données","AXA Assurances","OK",""
"SPONT-grdf","Candidature spontanée - Alternance Data / Science des données","GRDF","OK",""
"SPONT-france-telecom","Candidature spontanée - Alternance Data / Science des données","France Telecom","OK",""
"SPONT-resedia","Candidature spontanée - Alternance Data / Science des données","RESEDIA","OK",""
"SPONT-mairie-de-fonsorbes","Candidature spontanée - Alternance Data / Science des données","Mairie de FONSORBES","OK",""
"SPONT-aeroport-carcassonne","Candidature spontanée - Alternance Data / Science des données","Aéroport Carcassonne","OK",""
"SPONT-prefecture-de-l-aude","Candidature spontanée - Alternance Data / Science des données","Préfecture de l Aude","OK",""
"SPONT-bibliotheque-departementale-de-laude","Candidature spontanée - Alternance Data / Science des données","BIBLIOTHEQUE DEPARTEMENTALE DE LAUDE","OK",""
"SPONT-sabena-technics","Candidature spontanée - Alternance Data / Science des données","SABENA TECHNICS","OK",""
"SPONT-sncf-direction-regionale","Candidature spontanée - Alternance Data / Science des données","SNCF Direction régionale","OK",""
"SPONT-la-poste","Candidature spontanée - Alternance Data / Science des données","LA POSTE","OK",""
"SPONT-sas","Candidature spontanée - Alternance Data / Science des données","SAS","OK",""
"SPONT-conseil-general-de-gironde","Candidature spontanée - Alternance Data / Science des données","Conseil général de Gironde","OK",""
"SPONT-mairie-de-beziers","Candidature spontanée - Alternance Data / Science des données","MAIRIE DE BEZIERS","OK",""
"SPONT-centre-de-recherche-sur-la-cognition-ani","Candidature spontanée - Alternance Data / Science des données","Centre de recherche sur la cognition animale","OK",""
"SPONT-vertical-soft","Candidature spontanée - Alternance Data / Science des données","Vertical SOFT","OK",""
"SPONT-sph-gerard-bertrand","Candidature spontanée - Alternance Data / Science des données","SPH-GERARD BERTRAND","IGNOREE (deja traitee)",""
"SPONT-arcelormittal-centres-de-services","Candidature spontanée - Alternance Data / Science des données","ARCELORMITTAL CENTRES DE SERVICES","OK",""
"SPONT-watt-co-ingenierie","Candidature spontanée - Alternance Data / Science des données","WATT & CO INGENIERIE","OK",""
"SPONT-owliance-services-informatiques","Candidature spontanée - Alternance Data / Science des données","Owliance Services Informatiques","OK",""
"SPONT-ministere-de-la-sante-et-prevention","Candidature spontanée - Alternance Data / Science des données","MINISTERE DE LA SANTE ET PREVENTION","OK",""
"SPONT-bpce-assurances-iard","Candidature spontanée - Alternance Data / Science des données","BPCE ASSURANCES IARD","OK",""
"SPONT-onf-toulouse","Candidature spontanée - Alternance Data / Science des données","ONF TOULOUSE","OK",""
"SPONT-conseil-departemental-de-l-herault","Candidature spontanée - Alternance Data / Science des données","CONSEIL DEPARTEMENTAL DE L'HERAULT","OK",""
"SPONT-mairie-de-perpignan","Candidature spontanée - Alternance Data / Science des données","MAIRIE DE PERPIGNAN","IGNOREE (deja traitee)",""
"SPONT-brl-ingenierie","Candidature spontanée - Alternance Data / Science des données","BRL INGÉNIERIE","OK",""
"SPONT-credit-agricole-sud-mediterranee","Candidature spontanée - Alternance Data / Science des données","CREDIT AGRICOLE SUD MEDITERRANEE","OK",""
"SPONT-airbus-operations-sas-toulouse","Candidature spontanée - Alternance Data / Science des données","AIRBUS OPERATIONS SAS TOULOUSE","OK",""
"SPONT-dotic","Candidature spontanée - Alternance Data / Science des données","DOTIC","OK",""
"SPONT-sdis-11","Candidature spontanée - Alternance Data / Science des données","SDIS 11","OK",""
"SPONT-departement-isere","Candidature spontanée - Alternance Data / Science des données","DEPARTEMENT ISERE","OK",""
"SPONT-caisse-allocations-familiales-yvelines","Candidature spontanée - Alternance Data / Science des données","CAISSE ALLOCATIONS FAMILIALES YVELINES","OK",""
"SPONT-creuzet-aeronautique","Candidature spontanée - Alternance Data / Science des données","CREUZET AERONAUTIQUE","OK",""
"SPONT-departement-des-po","Candidature spontanée - Alternance Data / Science des données","DEPARTEMENT DES PO","OK",""
"SPONT-veolia-eau-cge","Candidature spontanée - Alternance Data / Science des données","VEOLIA EAU - CGE","ECHEC (generate_letter.py)","generate_letter.py a echoue (code 1)"
"SPONT-societe-du-bassin-d-arcachon-assainissem","Candidature spontanée - Alternance Data / Science des données","SOCIETE DU BASSIN D'ARCACHON ASSAINISSEMENT ET PAR ABREVIATION SB2A","ECHEC (generate_letter.py)","generate_letter.py a echoue (code 1)"
"SPONT-st-microelectronics-crolles-2-sas","Candidature spontanée - Alternance Data / Science des données","ST MICROELECTRONICS (CROLLES 2) SAS","ECHEC (generate_letter.py)","generate_letter.py a echoue (code 1)"
"SPONT-suez-eau-france","Candidature spontanée - Alternance Data / Science des données","SUEZ EAU FRANCE","ECHEC (generate_letter.py)","generate_letter.py a echoue (code 1)"
"SPONT-toulouse-metropole","Candidature spontanée - Alternance Data / Science des données","TOULOUSE MÉTROPOLE","ECHEC (generate_letter.py)","generate_letter.py a echoue (code 1)"
"SPONT-gifi","Candidature spontanée - Alternance Data / Science des données","GIFI","ECHEC (generate_letter.py)","generate_letter.py a echoue (code 1)"
"SPONT-renault-sas","Candidature spontanée - Alternance Data / Science des données","RENAULT SAS","ECHEC (generate_letter.py)","generate_letter.py a echoue (code 1)"
"SPONT-assurance-maladie","Candidature spontanée - Alternance Data / Science des données","Assurance maladie","ECHEC (generate_letter.py)","generate_letter.py a echoue (code 1)"
"SPONT-conseil-departemental-de-l-aude","Candidature spontanée - Alternance Data / Science des données","CONSEIL DEPARTEMENTAL DE L'AUDE","IGNOREE (deja traitee)",""
"SPONT-carcassonne-agglo","Candidature spontanée - Alternance Data / Science des données","CARCASSONNE AGGLO","IGNOREE (deja traitee)",""
"SPONT-cnrs-delegation-occitanie-est","Candidature spontanée - Alternance Data / Science des données","CNRS, DELEGATION OCCITANIE EST","IGNOREE (deja traitee)",""
"SPONT-departement-de-l-aude","Candidature spontanée - Alternance Data / Science des données","DEPARTEMENT DE L'AUDE","IGNOREE (deja traitee)",""
"SPONT-cnrs","Candidature spontanée - Alternance Data / Science des données","CNRS","IGNOREE (deja traitee)",""
"SPONT-hitech","Candidature spontanée - Alternance Data / Science des données","HITECH","ECHEC (tailor_cv.py)","tailor_cv.py a echoue (code 1)"
"SPONT-direction-regionale-finances-publiques-i","Candidature spontanée - Alternance Data / Science des données","DIRECTION REGIONALE FINANCES PUBLIQUES ILE DE FRANCE ET PARIS","IGNOREE (deja traitee)",""
"SPONT-studec","Candidature spontanée - Alternance Data / Science des données","STUDEC","IGNOREE (deja traitee)",""
"SPONT-office-national-des-forets-o-n-f","Candidature spontanée - Alternance Data / Science des données","OFFICE NATIONAL DES FORETS O.N.F","ECHEC (tailor_cv.py)","tailor_cv.py a echoue (code 1)"
"SPONT-team-endavant","Candidature spontanée - Alternance Data / Science des données","TEAM ENDAVANT","ECHEC (tailor_cv.py)","tailor_cv.py a echoue (code 1)"
"SPONT-conseil-general-de-l-ariege","Candidature spontanée - Alternance Data / Science des données","CONSEIL GENERAL DE L'ARIEGE","ECHEC (generate_letter.py)","generate_letter.py a echoue (code 1)"
"SPONT-kfc-carcassonne","Candidature spontanée - Alternance Data / Science des données","KFC Carcassonne","ECHEC (generate_letter.py)","generate_letter.py a echoue (code 1)"
"SPONT-societe-experalya","Candidature spontanée - Alternance Data / Science des données","SOCIETE EXPERALYA","ECHEC (tailor_cv.py)","tailor_cv.py a echoue (code 1)"
"SPONT-optionway","Candidature spontanée - Alternance Data / Science des données","OPTIONWAY","ECHEC (tailor_cv.py)","tailor_cv.py a echoue (code 1)"
"SPONT-touali-digital-agency","Candidature spontanée - Alternance Data / Science des données","TOUALI DIGITAL AGENCY","ECHEC (tailor_cv.py)","tailor_cv.py a echoue (code 1)"
"SPONT-universite-de-perpignan-via-domitia","Candidature spontanée - Alternance Data / Science des données","UNIVERSITE DE PERPIGNAN VIA DOMITIA","IGNOREE (deja traitee)",""
"SPONT-institut-de-formation-en-soins-infirmier","Candidature spontanée - Alternance Data / Science des données","INSTITUT DE FORMATION EN SOINS INFIRMIERS","ECHEC (tailor_cv.py)","tailor_cv.py a echoue (code 1)"
"SPONT-communaute-de-communes-la-domitienne","Candidature spontanée - Alternance Data / Science des données","COMMUNAUTE DE COMMUNES LA DOMITIENNE","ECHEC (tailor_cv.py)","tailor_cv.py a echoue (code 1)"
"SPONT-mairie-de-carcassonne","Candidature spontanée - Alternance Data / Science des données","MAIRIE DE CARCASSONNE","IGNOREE (deja traitee)",""
"SPONT-ecole-nationale-de-l-aviation-civile","Candidature spontanée - Alternance Data / Science des données","ECOLE NATIONALE DE L'AVIATION CIVILE","ECHEC (tailor_cv.py)","tailor_cv.py a echoue (code 1)"
"SPONT-sicoval","Candidature spontanée - Alternance Data / Science des données","SICOVAL","IGNOREE (deja traitee)",""
"SPONT-turan-construction-et-renovation","Candidature spontanée - Alternance Data / Science des données","TURAN CONSTRUCTION ET RENOVATION","ECHEC (tailor_cv.py)","tailor_cv.py a echoue (code 1)"
"SPONT-carcassonne-agglo-solidarite","Candidature spontanée - Alternance Data / Science des données","CARCASSONNE AGGLO SOLIDARITE","IGNOREE (deja traitee)",""
"SPONT-let-s-web","Candidature spontanée - Alternance Data / Science des données","LET'S WEB","ECHEC (tailor_cv.py)","tailor_cv.py a echoue (code 1)"
"SPONT-maison-de-sante-d-ille-sur-tet","Candidature spontanée - Alternance Data / Science des données","MAISON DE SANTE D'ILLE SUR TET","ECHEC (tailor_cv.py)","tailor_cv.py a echoue (code 1)"
"SPONT-cefrem","Candidature spontanée - Alternance Data / Science des données","CEFREM","ECHEC (tailor_cv.py)","tailor_cv.py a echoue (code 1)"
"SPONT-entreprise","Candidature spontanée - Alternance Data / Science des données","Entreprise","ECHEC (tailor_cv.py)","tailor_cv.py a echoue (code 1)"
"SPONT-ampere","Candidature spontanée - Alternance Data / Science des données","AMPERE","ECHEC (tailor_cv.py)","tailor_cv.py a echoue (code 1)"
"SPONT-suez","Candidature spontanée - Alternance Data / Science des données","SUEZ","ECHEC (tailor_cv.py)","tailor_cv.py a echoue (code 1)"
"SPONT-telespazio-france","Candidature spontanée - Alternance Data / Science des données","TELESPAZIO FRANCE","ECHEC (tailor_cv.py)","tailor_cv.py a echoue (code 1)"
"SPONT-cnrs-delegation-centre-est","Candidature spontanée - Alternance Data / Science des données","CNRS Délégation Centre Est","ECHEC (tailor_cv.py)","tailor_cv.py a echoue (code 1)"
"SPONT-universite-de-lorraine","Candidature spontanée - Alternance Data / Science des données","Université de Lorraine","ECHEC (tailor_cv.py)","tailor_cv.py a echoue (code 1)"
"SPONT-sirehna","Candidature spontanée - Alternance Data / Science des données","SIREHNA","ECHEC (tailor_cv.py)","tailor_cv.py a echoue (code 1)"
"SPONT-debelec","Candidature spontanée - Alternance Data / Science des données","DEBELEC","ECHEC (tailor_cv.py)","tailor_cv.py a echoue (code 1)"
"SPONT-ccrlcm-communaute-de-communes-region-lez","Candidature spontanée - Alternance Data / Science des données","CCRLCM COMMUNAUTE DE COMMUNES REGION LEZIGNANAISE CORBIERES ET MINERVOIS","ECHEC (tailor_cv.py)","tailor_cv.py a echoue (code 1)"
"SPONT-federation-des-reserves-naturelles-catal","Candidature spontanée - Alternance Data / Science des données","Fédération des réserves naturelles catalanes","ECHEC (tailor_cv.py)","tailor_cv.py a echoue (code 1)"
"SPONT-la-federation-audoise-des-uvres-laiques","Candidature spontanée - Alternance Data / Science des données","La Fédération Audoise des Œuvres Laïques","ECHEC (tailor_cv.py)","tailor_cv.py a echoue (code 1)"
"SPONT-arml-occitanie-association-regionale-des","Candidature spontanée - Alternance Data / Science des données","ARML OCCITANIE ASSOCIATION REGIONALE DES MISSIONS LOCALES OCCITANIE","ECHEC (tailor_cv.py)","tailor_cv.py a echoue (code 1)"
"SPONT-ginger-burgeap","Candidature spontanée - Alternance Data / Science des données","GINGER BURGEAP","ECHEC (tailor_cv.py)","tailor_cv.py a echoue (code 1)"
"SPONT-paarly","Candidature spontanée - Alternance Data / Science des données","PAARLY","ECHEC (tailor_cv.py)","tailor_cv.py a echoue (code 1)"
"SPONT-cs-group-solutions","Candidature spontanée - Alternance Data / Science des données","CS Group Solutions","ECHEC (tailor_cv.py)","tailor_cv.py a echoue (code 1)"
"SPONT-cs-group-france","Candidature spontanée - Alternance Data / Science des données","CS Group France","ECHEC (tailor_cv.py)","tailor_cv.py a echoue (code 1)"
"SPONT-aqsone","Candidature spontanée - Alternance Data / Science des données","Aqsone","ECHEC (tailor_cv.py)","tailor_cv.py a echoue (code 1)"
"SPONT-syngenta","Candidature spontanée - Alternance Data / Science des données","Syngenta","ECHEC (tailor_cv.py)","tailor_cv.py a echoue (code 1)"
"SPONT-thales-group","Candidature spontanée - Alternance Data / Science des données","Thales Group","ECHEC (tailor_cv.py)","tailor_cv.py a echoue (code 1)"
"SPONT-thales-service","Candidature spontanée - Alternance Data / Science des données","Thales Service","ECHEC (tailor_cv.py)","tailor_cv.py a echoue (code 1)"
"SPONT-abmi","Candidature spontanée - Alternance Data / Science des données","ABMI","ECHEC (tailor_cv.py)","tailor_cv.py a echoue (code 1)"
"SPONT-pole-emploi","Candidature spontanée - Alternance Data / Science des données","Pôle Emploi","ECHEC (tailor_cv.py)","tailor_cv.py a echoue (code 1)"
"SPONT-bassetti","Candidature spontanée - Alternance Data / Science des données","BASSETTI","ECHEC (tailor_cv.py)","tailor_cv.py a echoue (code 1)"
"SPONT-fortil","Candidature spontanée - Alternance Data / Science des données","Fortil","ECHEC (tailor_cv.py)","tailor_cv.py a echoue (code 1)"
"SPONT-vitesco-technologies","Candidature spontanée - Alternance Data / Science des données","Vitesco Technologies","IGNOREE (deja traitee)",""
"SPONT-akka-technologies","Candidature spontanée - Alternance Data / Science des données","AKKA Technologies","ECHEC (tailor_cv.py)","tailor_cv.py a echoue (code 1)"
"SPONT-epsilon-alcen","Candidature spontanée - Alternance Data / Science des données","EPSILON ALCEN","ECHEC (tailor_cv.py)","tailor_cv.py a echoue (code 1)"
"SPONT-tech-valley","Candidature spontanée - Alternance Data / Science des données","TECH VALLEY","ECHEC (tailor_cv.py)","tailor_cv.py a echoue (code 1)"
"SPONT-itrust","Candidature spontanée - Alternance Data / Science des données","Itrust","ECHEC (tailor_cv.py)","tailor_cv.py a echoue (code 1)"
"SPONT-pierre-fabre","Candidature spontanée - Alternance Data / Science des données","Pierre Fabre","ECHEC (tailor_cv.py)","tailor_cv.py a echoue (code 1)"
"SPONT-activus-group","Candidature spontanée - Alternance Data / Science des données","Activus Group","ECHEC (tailor_cv.py)","tailor_cv.py a echoue (code 1)"
"SPONT-open","Candidature spontanée - Alternance Data / Science des données","OPEN","ECHEC (tailor_cv.py)","tailor_cv.py a echoue (code 1)"
"SPONT-evotec","Candidature spontanée - Alternance Data / Science des données","EVOTEC","ECHEC (tailor_cv.py)","tailor_cv.py a echoue (code 1)"
"SPONT-geosys","Candidature spontanée - Alternance Data / Science des données","GEOSYS","ECHEC (tailor_cv.py)","tailor_cv.py a echoue (code 1)"
"SPONT-action-ssi-com","Candidature spontanée - Alternance Data / Science des données","Action_SSI.com","ECHEC (tailor_cv.py)","tailor_cv.py a echoue (code 1)"
"SPONT-lr-technologies-sud-ouest","Candidature spontanée - Alternance Data / Science des données","LR Technologies Sud Ouest","ECHEC (tailor_cv.py)","tailor_cv.py a echoue (code 1)"
"SPONT-egis","Candidature spontanée - Alternance Data / Science des données","Egis","ECHEC (tailor_cv.py)","tailor_cv.py a echoue (code 1)"
"SPONT-talentegal","Candidature spontanée - Alternance Data / Science des données","@talentEgal'","ECHEC (tailor_cv.py)","tailor_cv.py a echoue (code 1)"
"SPONT-klanik","Candidature spontanée - Alternance Data / Science des données","Klanik","ECHEC (tailor_cv.py)","tailor_cv.py a echoue (code 1)"
"SPONT-sas-proxiel","Candidature spontanée - Alternance Data / Science des données","SAS Proxiel","ECHEC (tailor_cv.py)","tailor_cv.py a echoue (code 1)"
"SPONT-hopital-la-colombiere","Candidature spontanée - Alternance Data / Science des données","Hôpital La colombière","ECHEC (tailor_cv.py)","tailor_cv.py a echoue (code 1)"
"SPONT-business-decision-corporate-services","Candidature spontanée - Alternance Data / Science des données","Business & Decision Corporate Services","ECHEC (tailor_cv.py)","tailor_cv.py a echoue (code 1)"
"SPONT-viverais","Candidature spontanée - Alternance Data / Science des données","VIVERAIS","ECHEC (tailor_cv.py)","tailor_cv.py a echoue (code 1)"
"SPONT-ifag","Candidature spontanée - Alternance Data / Science des données","IFAG","ECHEC (tailor_cv.py)","tailor_cv.py a echoue (code 1)"
"SPONT-sii-technologies-gmbh-hr-service","Candidature spontanée - Alternance Data / Science des données","SII Technologies GmbH HR-Service","ECHEC (tailor_cv.py)","tailor_cv.py a echoue (code 1)"
"SPONT-umlaut-ag","Candidature spontanée - Alternance Data / Science des données","umlaut AG","ECHEC (tailor_cv.py)","tailor_cv.py a echoue (code 1)"
"SPONT-spring","Candidature spontanée - Alternance Data / Science des données","Spring","ECHEC (tailor_cv.py)","tailor_cv.py a echoue (code 1)"
"SPONT-teads","Candidature spontanée - Alternance Data / Science des données","Teads","ECHEC (tailor_cv.py)","tailor_cv.py a echoue (code 1)"
"SPONT-apsys","Candidature spontanée - Alternance Data / Science des données","APSYS","ECHEC (tailor_cv.py)","tailor_cv.py a echoue (code 1)"
"SPONT-atos","Candidature spontanée - Alternance Data / Science des données","ATOS","ECHEC (tailor_cv.py)","tailor_cv.py a echoue (code 1)"
"SPONT-societe-3dtrust","Candidature spontanée - Alternance Data / Science des données","Société 3dTrust","ECHEC (tailor_cv.py)","tailor_cv.py a echoue (code 1)"
"SPONT-thales-alenia-space","Candidature spontanée - Alternance Data / Science des données","Thales Alenia Space","ECHEC (tailor_cv.py)","tailor_cv.py a echoue (code 1)"
"SPONT-capgemini-engineering","Candidature spontanée - Alternance Data / Science des données","Capgemini Engineering","ECHEC (tailor_cv.py)","tailor_cv.py a echoue (code 1)"
"SPONT-torus-ai","Candidature spontanée - Alternance Data / Science des données","TORUS AI","ECHEC (tailor_cv.py)","tailor_cv.py a echoue (code 1)"
"SPONT-altran","Candidature spontanée - Alternance Data / Science des données","ALTRAN","ECHEC (tailor_cv.py)","tailor_cv.py a echoue (code 1)"
"SPONT-mipih","Candidature spontanée - Alternance Data / Science des données","MiPih","ECHEC (tailor_cv.py)","tailor_cv.py a echoue (code 1)"
"SPONT-airbus-d-s","Candidature spontanée - Alternance Data / Science des données","Airbus D&S","ECHEC (tailor_cv.py)","tailor_cv.py a echoue (code 1)"
"SPONT-continental-toulouse","Candidature spontanée - Alternance Data / Science des données","Continental Toulouse","ECHEC (tailor_cv.py)","tailor_cv.py a echoue (code 1)"
"SPONT-forsk","Candidature spontanée - Alternance Data / Science des données","Forsk","ECHEC (tailor_cv.py)","tailor_cv.py a echoue (code 1)"
"SPONT-extia","Candidature spontanée - Alternance Data / Science des données","Extia","ECHEC (tailor_cv.py)","tailor_cv.py a echoue (code 1)"
"SPONT-geotrend","Candidature spontanée - Alternance Data / Science des données","GEOTREND","ECHEC (tailor_cv.py)","tailor_cv.py a echoue (code 1)"
"SPONT-safety-data","Candidature spontanée - Alternance Data / Science des données","Safety Data","ECHEC (tailor_cv.py)","tailor_cv.py a echoue (code 1)"
"SPONT-webminage","Candidature spontanée - Alternance Data / Science des données","Webminage","ECHEC (tailor_cv.py)","tailor_cv.py a echoue (code 1)"
"SPONT-viseo","Candidature spontanée - Alternance Data / Science des données","VISEO","ECHEC (tailor_cv.py)","tailor_cv.py a echoue (code 1)"
"SPONT-ksaar","Candidature spontanée - Alternance Data / Science des données","Ksaar","ECHEC (tailor_cv.py)","tailor_cv.py a echoue (code 1)"
"SPONT-next-decision","Candidature spontanée - Alternance Data / Science des données","Next decision","ECHEC (tailor_cv.py)","tailor_cv.py a echoue (code 1)"
